[17:27:13.233] ============================================================
[17:27:13.233] MMCM Speech Helper — Python + Vosk v3 (high priority)
[17:27:13.233] ============================================================
[17:27:13.233] Python: 3.12.7 (tags/v3.12.7:0b05ead, Oct  1 2024, 03:06:41) [MSC v.1941 64 bit (AMD64)]
[17:27:13.233] Processo: 64-bit
[17:27:13.233] PID: 12632
[17:27:13.233] ⚠️ SetPriorityClass ha restituito False
[17:27:13.233] Lingua: it
[17:27:13.234] Modello Vosk trovato: C:\Program Files (x86)\SimHub\MMCMSpeechHelper\model
[17:27:13.234] CommandMatcher: 52 comandi (it), 4 con varianti più lunghe
[17:27:13.235] Caricamento modello Vosk: C:\Program Files (x86)\SimHub\MMCMSpeechHelper\model
[17:27:13.549] Modello caricato in 0.3s
[17:27:13.549] Grammar: 52 comandi
[17:27:13.550] ✅ Vosk recognizer pronto!
[17:27:13.550] Pipe: in attesa connessione...
[17:27:13.550] Recognition loop avviato (thread priorità alta)
[17:27:13.551] Dispositivi audio input:
[17:27:13.551] Premi Ctrl+C per uscire
[17:27:13.551]   [17] Linea in ingresso (Realtek HD Audio Line input) (ch: 2, sr: 44100Hz)
[17:27:13.551]   [18] Microfono (Realtek HD Audio Mic input) (ch: 2, sr: 44100Hz)
[17:27:13.551]   [20] Missaggio stereo (Realtek HD Audio Stereo input) (ch: 2, sr: 44100Hz)
[17:27:13.551]   [24] Input (SYSVAD Wave Speaker) (ch: 2, sr: 44100Hz)
[17:27:13.551] ❌ Errore audio: Error querying device -1
[17:27:15.284] Pipe: connesso!
[17:27:22.167] Pipe ricevuto: PING
[17:27:23.551] 💓 up=10s | cb=0 audio=0.0s partials=0 | rec=0 | pipe=✅
[17:27:32.165] Pipe ricevuto: PING
[17:27:33.552] 💓 up=20s | cb=0 audio=0.0s partials=0 | rec=0 | pipe=✅
[17:27:42.169] Pipe ricevuto: PING
[17:27:43.552] 💓 up=30s | cb=0 audio=0.0s partials=0 | rec=0 | pipe=✅
[17:27:52.162] Pipe ricevuto: PING
[17:27:53.552] 💓 up=40s | cb=0 audio=0.0s partials=0 | rec=0 | pipe=✅
[17:28:02.168] Pipe ricevuto: PING
[17:28:03.553] 💓 up=50s | cb=0 audio=0.0s partials=0 | rec=0 | pipe=✅
[17:28:12.162] Pipe ricevuto: PING
[17:28:13.553] 💓 up=60s | cb=0 audio=0.0s partials=0 | rec=0 | pipe=✅
[17:28:22.164] Pipe ricevuto: PING
[17:28:23.554] 💓 up=70s | cb=0 audio=0.0s partials=0 | rec=0 | pipe=✅
[17:28:31.806] Pipe ricevuto: STOP
[20:55:01.076] ============================================================
[20:55:01.077] MMCM Speech Helper — Python + Vosk v3 (high priority)
[20:55:01.077] ============================================================
[20:55:01.077] Python: 3.12.7 (tags/v3.12.7:0b05ead, Oct  1 2024, 03:06:41) [MSC v.1941 64 bit (AMD64)]
[20:55:01.077] Processo: 64-bit
[20:55:01.077] PID: 19040
[20:55:01.077] ⚠️ SetPriorityClass ha restituito False
[20:55:01.077] Lingua: it
[20:55:01.077] Modello Vosk trovato: C:\Program Files (x86)\SimHub\MMCMSpeechHelper\model
[20:55:01.078] CommandMatcher: 52 comandi (it), 4 con varianti più lunghe
[20:55:01.078] Caricamento modello Vosk: C:\Program Files (x86)\SimHub\MMCMSpeechHelper\model
[20:55:01.411] Modello caricato in 0.3s
[20:55:01.412] Grammar: 52 comandi
[20:55:01.416] ✅ Vosk recognizer pronto!
[20:55:01.417] Pipe: in attesa connessione...
[20:55:01.417] Recognition loop avviato (thread priorità alta)
[20:55:01.417] Dispositivi audio input:
[20:55:01.417] Premi Ctrl+C per uscire
[20:55:01.417]   [17] Linea in ingresso (Realtek HD Audio Line input) (ch: 2, sr: 44100Hz)
[20:55:01.417]   [18] Microfono (Realtek HD Audio Mic input) (ch: 2, sr: 44100Hz)
[20:55:01.417]   [20] Missaggio stereo (Realtek HD Audio Stereo input) (ch: 2, sr: 44100Hz)
[20:55:01.417]   [24] Input (SYSVAD Wave Speaker) (ch: 2, sr: 44100Hz)
[20:55:01.418] ❌ Errore audio: Error querying device -1
[20:55:03.128] Pipe: connesso!
[20:55:10.013] Pipe ricevuto: PING
[20:55:11.418] 💓 up=10s | cb=0 audio=0.0s partials=0 | rec=0 | pipe=✅
[20:55:15.430] Pipe ricevuto: STOP
[12:12:06.901] ============================================================
[12:12:06.901] MMCM Speech Helper — Python + Vosk v3 (high priority)
[12:12:06.901] ============================================================
[12:12:06.901] Python: 3.12.7 (tags/v3.12.7:0b05ead, Oct  1 2024, 03:06:41) [MSC v.1941 64 bit (AMD64)]
[12:12:06.901] Processo: 64-bit
[12:12:06.901] PID: 30884
[12:12:06.901] ⚠️ SetPriorityClass ha restituito False
[12:12:06.901] Lingua: it
[12:12:06.902] Modello Vosk trovato: C:\Program Files (x86)\SimHub\MMCMSpeechHelper\model
[12:12:06.902] CommandMatcher: 52 comandi (it), 4 con varianti più lunghe
[12:12:06.902] Caricamento modello Vosk: C:\Program Files (x86)\SimHub\MMCMSpeechHelper\model
[12:12:07.251] Modello caricato in 0.3s
[12:12:07.251] Grammar: 52 comandi
[12:12:07.255] ✅ Vosk recognizer pronto!
[12:12:07.256] Pipe: in attesa connessione...
[12:12:07.256] Recognition loop avviato (thread priorità alta)
[12:12:07.256] Dispositivi audio input:
[12:12:07.256] Premi Ctrl+C per uscire
[12:12:07.256]   [17] Linea in ingresso (Realtek HD Audio Line input) (ch: 2, sr: 44100Hz)
[12:12:07.256]   [18] Microfono (Realtek HD Audio Mic input) (ch: 2, sr: 44100Hz)
[12:12:07.256]   [20] Missaggio stereo (Realtek HD Audio Stereo input) (ch: 2, sr: 44100Hz)
[12:12:07.256]   [24] Input (SYSVAD Wave Speaker) (ch: 2, sr: 44100Hz)
[12:12:07.256] ❌ Errore audio: Error querying device -1
[12:12:08.808] Pipe: connesso!
[12:12:15.675] Pipe ricevuto: PING
[12:12:17.257] 💓 up=10s | cb=0 audio=0.0s partials=0 | rec=0 | pipe=✅
[12:12:25.667] Pipe ricevuto: PING
[12:12:27.257] 💓 up=20s | cb=0 audio=0.0s partials=0 | rec=0 | pipe=✅
[12:12:35.665] Pipe ricevuto: PING
[12:12:37.258] 💓 up=30s | cb=0 audio=0.0s partials=0 | rec=0 | pipe=✅
[12:12:45.666] Pipe ricevuto: PING
[12:12:47.258] 💓 up=40s | cb=0 audio=0.0s partials=0 | rec=0 | pipe=✅
[12:12:55.399] Pipe ricevuto: STOP
[12:13:28.574] ============================================================
[12:13:28.574] MMCM Speech Helper — Python + Vosk v3 (high priority)
[12:13:28.574] ============================================================
[12:13:28.574] Python: 3.12.7 (tags/v3.12.7:0b05ead, Oct  1 2024, 03:06:41) [MSC v.1941 64 bit (AMD64)]
[12:13:28.574] Processo: 64-bit
[12:13:28.574] PID: 17772
[12:13:28.574] ⚠️ SetPriorityClass ha restituito False
[12:13:28.574] Lingua: it
[12:13:28.575] Modello Vosk trovato: C:\Program Files (x86)\SimHub\MMCMSpeechHelper\model
[12:13:28.575] CommandMatcher: 52 comandi (it), 4 con varianti più lunghe
[12:13:28.575] Caricamento modello Vosk: C:\Program Files (x86)\SimHub\MMCMSpeechHelper\model
[12:13:28.855] Modello caricato in 0.3s
[12:13:28.855] Grammar: 52 comandi
[12:13:28.856] ✅ Vosk recognizer pronto!
[12:13:28.856] Pipe: in attesa connessione...
[12:13:28.856] Recognition loop avviato (thread priorità alta)
[12:13:28.857] Dispositivi audio input:
[12:13:28.857] Premi Ctrl+C per uscire
[12:13:28.857]   [17] Linea in ingresso (Realtek HD Audio Line input) (ch: 2, sr: 44100Hz)
[12:13:28.857]   [18] Microfono (Realtek HD Audio Mic input) (ch: 2, sr: 44100Hz)
[12:13:28.857]   [20] Missaggio stereo (Realtek HD Audio Stereo input) (ch: 2, sr: 44100Hz)
[12:13:28.857]   [24] Input (SYSVAD Wave Speaker) (ch: 2, sr: 44100Hz)
[12:13:28.857] ❌ Errore audio: Error querying device -1
[12:13:31.176] Pipe: connesso!
[12:13:38.166] Pipe ricevuto: PING
[12:13:38.857] 💓 up=10s | cb=0 audio=0.0s partials=0 | rec=0 | pipe=✅
[12:13:48.171] Pipe ricevuto: PING
[12:13:48.858] 💓 up=20s | cb=0 audio=0.0s partials=0 | rec=0 | pipe=✅
[12:13:58.168] Pipe ricevuto: PING
[12:13:58.858] 💓 up=30s | cb=0 audio=0.0s partials=0 | rec=0 | pipe=✅
[12:14:08.168] Pipe ricevuto: PING
[12:14:08.859] 💓 up=40s | cb=0 audio=0.0s partials=0 | rec=0 | pipe=✅
[12:14:18.168] Pipe ricevuto: PING
[12:14:18.859] 💓 up=50s | cb=0 audio=0.0s partials=0 | rec=0 | pipe=✅
[12:14:28.169] Pipe ricevuto: PING
[12:14:28.860] 💓 up=60s | cb=0 audio=0.0s partials=0 | rec=0 | pipe=✅
[12:14:38.175] Pipe ricevuto: PING
[12:14:38.861] 💓 up=70s | cb=0 audio=0.0s partials=0 | rec=0 | pipe=✅
[12:14:48.172] Pipe ricevuto: PING
[12:14:48.862] 💓 up=80s | cb=0 audio=0.0s partials=0 | rec=0 | pipe=✅
[12:14:58.168] Pipe ricevuto: PING
[12:14:58.863] 💓 up=90s | cb=0 audio=0.0s partials=0 | rec=0 | pipe=✅
[12:15:08.172] Pipe ricevuto: PING
[12:15:08.863] 💓 up=100s | cb=0 audio=0.0s partials=0 | rec=0 | pipe=✅
[12:15:18.174] Pipe ricevuto: PING
[12:15:18.864] 💓 up=110s | cb=0 audio=0.0s partials=0 | rec=0 | pipe=✅
[12:15:18.983] Pipe ricevuto: STOP
[12:15:20.053] ============================================================
[12:15:20.053] MMCM Speech Helper — Python + Vosk v3 (high priority)
[12:15:20.053] ============================================================
[12:15:20.053] Python: 3.12.7 (tags/v3.12.7:0b05ead, Oct  1 2024, 03:06:41) [MSC v.1941 64 bit (AMD64)]
[12:15:20.053] Processo: 64-bit
[12:15:20.053] PID: 26508
[12:15:20.053] ⚠️ SetPriorityClass ha restituito False
[12:15:20.053] Lingua: it
[12:15:20.054] Modello Vosk trovato: C:\Program Files (x86)\SimHub\MMCMSpeechHelper\model
[12:15:20.054] CommandMatcher: 52 comandi (it), 4 con varianti più lunghe
[12:15:20.054] Caricamento modello Vosk: C:\Program Files (x86)\SimHub\MMCMSpeechHelper\model
[12:15:20.327] Modello caricato in 0.3s
[12:15:20.327] Grammar: 52 comandi
[12:15:20.328] ✅ Vosk recognizer pronto!
[12:15:20.328] Pipe: in attesa connessione...
[12:15:20.328] Recognition loop avviato (thread priorità alta)
[12:15:20.329] Premi Ctrl+C per uscire
[12:15:20.329] Dispositivi audio input:
[12:15:20.329]   [17] Linea in ingresso (Realtek HD Audio Line input) (ch: 2, sr: 44100Hz)
[12:15:20.329]   [18] Microfono (Realtek HD Audio Mic input) (ch: 2, sr: 44100Hz)
[12:15:20.329]   [20] Missaggio stereo (Realtek HD Audio Stereo input) (ch: 2, sr: 44100Hz)
[12:15:20.329]   [24] Input (SYSVAD Wave Speaker) (ch: 2, sr: 44100Hz)
[12:15:20.329] ❌ Errore audio: Error querying device -1
[12:15:22.640] Pipe: connesso!
[12:15:23.480] Pipe ricevuto: STOP
[12:15:24.497] ============================================================
[12:15:24.497] MMCM Speech Helper — Python + Vosk v3 (high priority)
[12:15:24.497] ============================================================
[12:15:24.497] Python: 3.12.7 (tags/v3.12.7:0b05ead, Oct  1 2024, 03:06:41) [MSC v.1941 64 bit (AMD64)]
[12:15:24.497] Processo: 64-bit
[12:15:24.497] PID: 21300
[12:15:24.498] ⚠️ SetPriorityClass ha restituito False
[12:15:24.498] Lingua: it
[12:15:24.498] Modello Vosk trovato: C:\Program Files (x86)\SimHub\MMCMSpeechHelper\model
[12:15:24.498] CommandMatcher: 52 comandi (it), 4 con varianti più lunghe
[12:15:24.498] Caricamento modello Vosk: C:\Program Files (x86)\SimHub\MMCMSpeechHelper\model
[12:15:24.764] Modello caricato in 0.3s
[12:15:24.765] Grammar: 52 comandi
[12:15:24.765] ✅ Vosk recognizer pronto!
[12:15:24.766] Pipe: in attesa connessione...
[12:15:24.766] Recognition loop avviato (thread priorità alta)
[12:15:24.766] Premi Ctrl+C per uscire
[12:15:24.766] Dispositivi audio input:
[12:15:24.766]   [17] Linea in ingresso (Realtek HD Audio Line input) (ch: 2, sr: 44100Hz)
[12:15:24.766]   [18] Microfono (Realtek HD Audio Mic input) (ch: 2, sr: 44100Hz)
[12:15:24.766]   [20] Missaggio stereo (Realtek HD Audio Stereo input) (ch: 2, sr: 44100Hz)
[12:15:24.766]   [24] Input (SYSVAD Wave Speaker) (ch: 2, sr: 44100Hz)
[12:15:24.766] ❌ Errore audio: Error querying device -1
[12:15:27.128] Pipe: connesso!
[12:15:34.135] Pipe ricevuto: PING
[12:15:34.766] 💓 up=10s | cb=0 audio=0.0s partials=0 | rec=0 | pipe=✅
[12:15:44.134] Pipe ricevuto: PING
[12:15:44.767] 💓 up=20s | cb=0 audio=0.0s partials=0 | rec=0 | pipe=✅
[12:15:54.135] Pipe ricevuto: PING
[12:15:54.768] 💓 up=30s | cb=0 audio=0.0s partials=0 | rec=0 | pipe=✅
[12:16:04.135] Pipe ricevuto: PING
[12:16:04.769] 💓 up=40s | cb=0 audio=0.0s partials=0 | rec=0 | pipe=✅
[12:16:14.124] Pipe ricevuto: PING
[12:16:14.769] 💓 up=50s | cb=0 audio=0.0s partials=0 | rec=0 | pipe=✅
[12:16:24.119] Pipe ricevuto: PING
[12:16:24.770] 💓 up=60s | cb=0 audio=0.0s partials=0 | rec=0 | pipe=✅
[12:16:34.138] Pipe ricevuto: PING
[12:16:34.771] 💓 up=70s | cb=0 audio=0.0s partials=0 | rec=0 | pipe=✅
[12:16:44.135] Pipe ricevuto: PING
[12:16:44.771] 💓 up=80s | cb=0 audio=0.0s partials=0 | rec=0 | pipe=✅
[12:16:54.134] Pipe ricevuto: PING
[12:16:54.772] 💓 up=90s | cb=0 audio=0.0s partials=0 | rec=0 | pipe=✅
[12:17:04.125] Pipe ricevuto: PING
[12:17:04.773] 💓 up=100s | cb=0 audio=0.0s partials=0 | rec=0 | pipe=✅
[12:17:14.125] Pipe ricevuto: PING
[12:17:14.773] 💓 up=110s | cb=0 audio=0.0s partials=0 | rec=0 | pipe=✅
[12:17:24.136] Pipe ricevuto: PING
[12:17:24.773] 💓 up=120s | cb=0 audio=0.0s partials=0 | rec=0 | pipe=✅
[12:17:34.140] Pipe ricevuto: PING
[12:17:34.774] 💓 up=130s | cb=0 audio=0.0s partials=0 | rec=0 | pipe=✅
[12:17:44.135] Pipe ricevuto: PING
[12:17:44.774] 💓 up=140s | cb=0 audio=0.0s partials=0 | rec=0 | pipe=✅
[12:17:54.140] Pipe ricevuto: PING
[12:17:54.775] 💓 up=150s | cb=0 audio=0.0s partials=0 | rec=0 | pipe=✅
[12:18:04.122] Pipe ricevuto: PING
[12:18:04.775] 💓 up=160s | cb=0 audio=0.0s partials=0 | rec=0 | pipe=✅
[12:18:14.144] Pipe ricevuto: PING
[12:18:14.776] 💓 up=170s | cb=0 audio=0.0s partials=0 | rec=0 | pipe=✅
[12:18:24.126] Pipe ricevuto: PING
[12:18:24.776] 💓 up=180s | cb=0 audio=0.0s partials=0 | rec=0 | pipe=✅
[12:18:34.139] Pipe ricevuto: PING
[12:18:34.777] 💓 up=190s | cb=0 audio=0.0s partials=0 | rec=0 | pipe=✅
[12:18:44.128] Pipe ricevuto: PING
[12:18:44.777] 💓 up=200s | cb=0 audio=0.0s partials=0 | rec=0 | pipe=✅
[12:18:54.142] Pipe ricevuto: PING
[12:18:54.778] 💓 up=210s | cb=0 audio=0.0s partials=0 | rec=0 | pipe=✅
[12:19:04.144] Pipe ricevuto: PING
[12:19:04.778] 💓 up=220s | cb=0 audio=0.0s partials=0 | rec=0 | pipe=✅
[12:19:14.139] Pipe ricevuto: PING
[12:19:14.779] 💓 up=230s | cb=0 audio=0.0s partials=0 | rec=0 | pipe=✅
[12:19:24.140] Pipe ricevuto: PING
[12:19:24.779] 💓 up=240s | cb=0 audio=0.0s partials=0 | rec=0 | pipe=✅
[12:19:34.143] Pipe ricevuto: PING
[12:19:34.780] 💓 up=250s | cb=0 audio=0.0s partials=0 | rec=0 | pipe=✅
[12:19:44.136] Pipe ricevuto: PING
[12:19:44.780] 💓 up=260s | cb=0 audio=0.0s partials=0 | rec=0 | pipe=✅
[12:19:54.136] Pipe ricevuto: PING
[12:19:54.781] 💓 up=270s | cb=0 audio=0.0s partials=0 | rec=0 | pipe=✅
[12:20:04.134] Pipe ricevuto: PING
[12:20:04.781] 💓 up=280s | cb=0 audio=0.0s partials=0 | rec=0 | pipe=✅
[12:20:14.137] Pipe ricevuto: PING
[12:20:14.782] 💓 up=290s | cb=0 audio=0.0s partials=0 | rec=0 | pipe=✅
[12:20:24.125] Pipe ricevuto: PING
[12:20:24.783] 💓 up=300s | cb=0 audio=0.0s partials=0 | rec=0 | pipe=✅
[12:20:34.136] Pipe ricevuto: PING
[12:20:34.783] 💓 up=310s | cb=0 audio=0.0s partials=0 | rec=0 | pipe=✅
[12:20:44.124] Pipe ricevuto: PING
[12:20:44.784] 💓 up=320s | cb=0 audio=0.0s partials=0 | rec=0 | pipe=✅
[12:20:54.125] Pipe ricevuto: PING
[12:20:54.784] 💓 up=330s | cb=0 audio=0.0s partials=0 | rec=0 | pipe=✅
[12:21:04.127] Pipe ricevuto: PING
[12:21:04.785] 💓 up=340s | cb=0 audio=0.0s partials=0 | rec=0 | pipe=✅
[12:21:14.140] Pipe ricevuto: PING
[12:21:14.785] 💓 up=350s | cb=0 audio=0.0s partials=0 | rec=0 | pipe=✅
[12:21:24.122] Pipe ricevuto: PING
[12:21:24.786] 💓 up=360s | cb=0 audio=0.0s partials=0 | rec=0 | pipe=✅
[12:21:34.124] Pipe ricevuto: PING
[12:21:34.786] 💓 up=370s | cb=0 audio=0.0s partials=0 | rec=0 | pipe=✅
[12:21:43.170] Pipe ricevuto: STOP
[22:35:18.291] ============================================================
[22:35:18.292] MMCM Speech Helper — Python + Vosk v3 (high priority)
[22:35:18.292] ============================================================
[22:35:18.292] Python: 3.12.7 (tags/v3.12.7:0b05ead, Oct  1 2024, 03:06:41) [MSC v.1941 64 bit (AMD64)]
[22:35:18.292] Processo: 64-bit
[22:35:18.292] PID: 3028
[22:35:18.292] ⚠️ SetPriorityClass ha restituito False
[22:35:18.292] Lingua: it
[22:35:18.293] Modello Vosk trovato: C:\Program Files (x86)\SimHub\MMCMSpeechHelper\model
[22:35:18.293] CommandMatcher: 52 comandi (it), 4 con varianti più lunghe
[22:35:18.293] Caricamento modello Vosk: C:\Program Files (x86)\SimHub\MMCMSpeechHelper\model
[22:35:18.652] Modello caricato in 0.4s
[22:35:18.652] Grammar: 52 comandi
[22:35:18.664] ✅ Vosk recognizer pronto!
[22:35:18.665] Pipe: in attesa connessione...
[22:35:18.665] Recognition loop avviato (thread priorità alta)
[22:35:18.665] Dispositivi audio input:
[22:35:18.665] Premi Ctrl+C per uscire
[22:35:18.665]   [0] Microsoft Sound Mapper - Input (ch: 2, sr: 44100Hz)
[22:35:18.665]   [1] Microfono (G06-BT) (ch: 1, sr: 44100Hz) ← DEFAULT
[22:35:18.665]   [9] Driver primario di acquisizione suoni (ch: 2, sr: 44100Hz)
[22:35:18.666]   [10] Microfono (G06-BT) (ch: 1, sr: 44100Hz)
[22:35:18.666]   [24] Microfono (G06-BT) (ch: 1, sr: 48000Hz)
[22:35:18.666]   [25] Linea in ingresso (Realtek HD Audio Line input) (ch: 2, sr: 44100Hz)
[22:35:18.666]   [26] Microfono (Realtek HD Audio Mic input) (ch: 2, sr: 44100Hz)
[22:35:18.666]   [28] Missaggio stereo (Realtek HD Audio Stereo input) (ch: 2, sr: 44100Hz)
[22:35:18.666]   [32] Input (SYSVAD Wave Speaker) (ch: 2, sr: 44100Hz)
[22:35:18.666]   [36] Microfono (G06-BT) (ch: 1, sr: 48000Hz)
[22:35:18.674] 🎤 Audio: 16000Hz mono, block=1280 (80ms), latency=low
[22:35:18.674] ✅ In ascolto! Parla...
[22:35:20.086] Pipe: connesso!
[22:35:21.247]   ⏳ Pending: "gap" (attendo variante lunga, 800ms)
[22:35:21.727]   ↑ Upgrade: "gap" → "gap leader"
[22:35:21.727]   🎯 [partial+upgrade] RECOGNIZED:0.85:gap leader
[22:35:24.443]   ... "fare pit"
[22:35:26.687]   ... "devo fare pit"
[22:35:26.687]   🎯 [partial] RECOGNIZED:0.85:devo fare pit
[22:35:26.933] Pipe ricevuto: PING
[22:35:28.666] 💓 up=10s | cb=124 audio=9.9s partials=20 | rec=2 | pipe=✅
[22:35:30.926]   🎯 [partial] RECOGNIZED:0.85:benzina
[22:35:33.726]   🎯 [partial] RECOGNIZED:0.85:meteo
[22:35:34.366]   🎯 [partial] RECOGNIZED:0.85:posizione
[22:35:35.726]   ... "devo fare"
[22:35:35.966]   📝 Finale: "devo"
[22:35:36.936] Pipe ricevuto: PING
[22:35:37.406]   🎯 [partial] RECOGNIZED:0.85:dove sono
[22:35:38.286]   ... "media"
[22:35:38.286]   ⏳ Pending: "media" (attendo variante lunga, 800ms)
[22:35:38.666] 💓 up=20s | cb=249 audio=19.9s partials=44 | rec=6 | pipe=✅
[22:35:39.007]   📝 Finale: "media"
[22:35:39.007]   🎯 [final] RECOGNIZED:0.85:media
[22:35:43.246]   ⏳ Pending: "pressioni" (attendo variante lunga, 800ms)
[22:35:43.323]   ... "pressioni"
[22:35:44.112]   ⏰ Pending timeout: "pressioni" (859ms)
[22:35:44.112]   🎯 [partial+timeout] RECOGNIZED:0.85:pressioni
[22:35:46.940] Pipe ricevuto: PING
[22:35:48.527]   📝 Finale: "stop"
[22:35:48.666] 💓 up=30s | cb=374 audio=29.9s partials=57 | rec=8 | pipe=✅
[22:35:50.686]   🎯 [partial] RECOGNIZED:0.85:dietro
[22:35:56.606]   ⏳ Pending: "media" (attendo variante lunga, 800ms)
[22:35:56.683]   ... "media"
[22:35:56.940] Pipe ricevuto: PING
[22:35:57.474]   ⏰ Pending timeout: "media" (860ms)
[22:35:57.474]   🎯 [partial+timeout] RECOGNIZED:0.85:media
[22:35:58.667] 💓 up=40s | cb=499 audio=39.9s partials=66 | rec=10 | pipe=✅
[22:35:58.923]   ... "leader"
[22:35:59.247]   📝 Finale: "leader"
[22:36:01.886]   🎯 [partial] RECOGNIZED:0.85:benzina
[22:36:05.563]   ... "leader"
[22:36:06.366]   ... "leader devo condizioni"
[22:36:06.935] Pipe ricevuto: PING
[22:36:07.163]   ... "leader devo fare"
[22:36:07.328]   📝 Finale: "leader devo condizioni al"
[22:36:08.668] 💓 up=50s | cb=624 audio=49.9s partials=101 | rec=11 | pipe=✅
[22:36:09.007]   ⏳ Pending: "gap" (attendo variante lunga, 800ms)
[22:36:09.854]   ⏰ Pending timeout: "gap" (859ms)
[22:36:09.854]   🎯 [partial+timeout] RECOGNIZED:0.85:gap
[22:36:11.083]   ... "fare"
[22:36:11.166]   🎯 [partial] RECOGNIZED:0.85:gomme
[22:36:15.166]   🎯 [partial] RECOGNIZED:0.85:dietro
[22:36:16.935] Pipe ricevuto: PING
[22:36:17.487]   🎯 [partial] RECOGNIZED:0.85:davanti
[22:36:17.888]   🎯 [partial] RECOGNIZED:0.85:classifica
[22:36:18.668] 💓 up=60s | cb=749 audio=59.9s partials=116 | rec=16 | pipe=✅
[22:36:18.924]   ... "dove"
[22:36:19.007]   🎯 [partial] RECOGNIZED:0.85:dove sono
[22:36:21.003]   🎯 [partial] RECOGNIZED:0.85:dove sono
[22:36:22.564] Pipe ricevuto: STOP
[20:41:27.132] ============================================================
[20:41:27.132] MMCM Speech Helper — Python + Vosk v3 (high priority)
[20:41:27.132] ============================================================
[20:41:27.132] Python: 3.12.7 (tags/v3.12.7:0b05ead, Oct  1 2024, 03:06:41) [MSC v.1941 64 bit (AMD64)]
[20:41:27.132] Processo: 64-bit
[20:41:27.132] PID: 28408
[20:41:27.132] ⚠️ SetPriorityClass ha restituito False
[20:41:27.132] Lingua: it
[20:41:27.133] Modello Vosk trovato: C:\Program Files (x86)\SimHub\MMCMSpeechHelper\model
[20:41:27.133] CommandMatcher: 52 comandi (it), 4 con varianti più lunghe
[20:41:27.133] Caricamento modello Vosk: C:\Program Files (x86)\SimHub\MMCMSpeechHelper\model
[20:41:27.527] Modello caricato in 0.4s
[20:41:27.527] Grammar: 52 comandi
[20:41:27.533] ✅ Vosk recognizer pronto!
[20:41:27.533] Pipe: in attesa connessione...
[20:41:27.533] Recognition loop avviato (thread priorità alta)
[20:41:27.533] Dispositivi audio input:
[20:41:27.533]   [0] Microsoft Sound Mapper - Input (ch: 2, sr: 44100Hz)
[20:41:27.534] Premi Ctrl+C per uscire
[20:41:27.534]   [1] Microfono (Pimax) (ch: 1, sr: 44100Hz) ← DEFAULT
[20:41:27.534]   [9] Driver primario di acquisizione suoni (ch: 2, sr: 44100Hz)
[20:41:27.534]   [10] Microfono (Pimax) (ch: 1, sr: 44100Hz)
[20:41:27.534]   [24] Microfono (Pimax) (ch: 1, sr: 48000Hz)
[20:41:27.534]   [25] Linea in ingresso (Realtek HD Audio Line input) (ch: 2, sr: 44100Hz)
[20:41:27.534]   [26] Microfono (Realtek HD Audio Mic input) (ch: 2, sr: 44100Hz)
[20:41:27.534]   [28] Missaggio stereo (Realtek HD Audio Stereo input) (ch: 2, sr: 44100Hz)
[20:41:27.534]   [32] Input (SYSVAD Wave Speaker) (ch: 2, sr: 44100Hz)
[20:41:27.534]   [36] Microfono (Pimax) (ch: 1, sr: 48000Hz)
[20:41:27.544] 🎤 Audio: 16000Hz mono, block=1280 (80ms), latency=low
[20:41:27.544] ✅ In ascolto! Parla...
[20:41:28.955] Pipe: connesso!
[20:41:35.821] Pipe ricevuto: PING
[20:41:37.534] 💓 up=10s | cb=124 audio=9.9s partials=0 | rec=0 | pipe=✅
[20:41:44.499] Pipe ricevuto: STOP
[20:41:45.702] ============================================================
[20:41:45.702] MMCM Speech Helper — Python + Vosk v3 (high priority)
[20:41:45.703] ============================================================
[20:41:45.703] Python: 3.12.7 (tags/v3.12.7:0b05ead, Oct  1 2024, 03:06:41) [MSC v.1941 64 bit (AMD64)]
[20:41:45.703] Processo: 64-bit
[20:41:45.703] PID: 32368
[20:41:45.703] ⚠️ SetPriorityClass ha restituito False
[20:41:45.703] Lingua: it
[20:41:45.703] Modello Vosk trovato: C:\Program Files (x86)\SimHub\MMCMSpeechHelper\model
[20:41:45.704] CommandMatcher: 52 comandi (it), 4 con varianti più lunghe
[20:41:45.704] Caricamento modello Vosk: C:\Program Files (x86)\SimHub\MMCMSpeechHelper\model
[20:41:45.993] Modello caricato in 0.3s
[20:41:45.993] Grammar: 52 comandi
[20:41:45.994] ✅ Vosk recognizer pronto!
[20:41:45.995] Pipe: in attesa connessione...
[20:41:45.995] Recognition loop avviato (thread priorità alta)
[20:41:45.995] Premi Ctrl+C per uscire
[20:41:45.995] Dispositivi audio input:
[20:41:45.995]   [0] Microsoft Sound Mapper - Input (ch: 2, sr: 44100Hz)
[20:41:45.995]   [1] Microfono (Pimax) (ch: 1, sr: 44100Hz) ← DEFAULT
[20:41:45.995]   [9] Driver primario di acquisizione suoni (ch: 2, sr: 44100Hz)
[20:41:45.995]   [10] Microfono (Pimax) (ch: 1, sr: 44100Hz)
[20:41:45.995]   [24] Microfono (Pimax) (ch: 1, sr: 48000Hz)
[20:41:45.995]   [25] Linea in ingresso (Realtek HD Audio Line input) (ch: 2, sr: 44100Hz)
[20:41:45.995]   [26] Microfono (Realtek HD Audio Mic input) (ch: 2, sr: 44100Hz)
[20:41:45.995]   [28] Missaggio stereo (Realtek HD Audio Stereo input) (ch: 2, sr: 44100Hz)
[20:41:45.995]   [32] Input (SYSVAD Wave Speaker) (ch: 2, sr: 44100Hz)
[20:41:45.995]   [36] Microfono (Pimax) (ch: 1, sr: 48000Hz)
[20:41:46.003] 🎤 Audio: 16000Hz mono, block=1280 (80ms), latency=low
[20:41:46.003] ✅ In ascolto! Parla...
[20:41:48.303] Pipe: connesso!
[20:41:55.321] Pipe ricevuto: PING
[20:41:55.995] 💓 up=10s | cb=124 audio=9.9s partials=0 | rec=0 | pipe=✅
[20:42:05.317] Pipe ricevuto: PING
[20:42:05.996] 💓 up=20s | cb=249 audio=19.9s partials=0 | rec=0 | pipe=✅
[20:42:15.315] Pipe ricevuto: PING
[20:42:15.996] 💓 up=30s | cb=374 audio=29.9s partials=0 | rec=0 | pipe=✅
[20:42:18.338] Pipe ricevuto: STOP
[20:45:27.026] ============================================================
[20:45:27.026] MMCM Speech Helper — Python + Vosk v3 (high priority)
[20:45:27.026] ============================================================
[20:45:27.026] Python: 3.12.7 (tags/v3.12.7:0b05ead, Oct  1 2024, 03:06:41) [MSC v.1941 64 bit (AMD64)]
[20:45:27.026] Processo: 64-bit
[20:45:27.027] PID: 36136
[20:45:27.027] ⚠️ SetPriorityClass ha restituito False
[20:45:27.027] Lingua: it
[20:45:27.027] Modello Vosk trovato: C:\Program Files (x86)\SimHub\MMCMSpeechHelper\model
[20:45:27.027] CommandMatcher: 52 comandi (it), 4 con varianti più lunghe
[20:45:27.027] Caricamento modello Vosk: C:\Program Files (x86)\SimHub\MMCMSpeechHelper\model
[20:45:27.377] Modello caricato in 0.4s
[20:45:27.377] Grammar: 52 comandi
[20:45:27.378] ✅ Vosk recognizer pronto!
[20:45:27.378] Pipe: in attesa connessione...
[20:45:27.379] Recognition loop avviato (thread priorità alta)
[20:45:27.379] Dispositivi audio input:
[20:45:27.379] Premi Ctrl+C per uscire
[20:45:27.379]   [0] Microsoft Sound Mapper - Input (ch: 2, sr: 44100Hz)
[20:45:27.379]   [1] Microfono (Pimax) (ch: 1, sr: 44100Hz) ← DEFAULT
[20:45:27.379]   [9] Driver primario di acquisizione suoni (ch: 2, sr: 44100Hz)
[20:45:27.379]   [10] Microfono (Pimax) (ch: 1, sr: 44100Hz)
[20:45:27.379]   [24] Microfono (Pimax) (ch: 1, sr: 48000Hz)
[20:45:27.379]   [25] Linea in ingresso (Realtek HD Audio Line input) (ch: 2, sr: 44100Hz)
[20:45:27.379]   [26] Microfono (Realtek HD Audio Mic input) (ch: 2, sr: 44100Hz)
[20:45:27.379]   [28] Missaggio stereo (Realtek HD Audio Stereo input) (ch: 2, sr: 44100Hz)
[20:45:27.380]   [32] Input (SYSVAD Wave Speaker) (ch: 2, sr: 44100Hz)
[20:45:27.380]   [36] Microfono (Pimax) (ch: 1, sr: 48000Hz)
[20:45:27.387] 🎤 Audio: 16000Hz mono, block=1280 (80ms), latency=low
[20:45:27.387] ✅ In ascolto! Parla...
[20:45:29.589] Pipe: connesso!
[20:45:36.605] Pipe ricevuto: PING
[20:45:37.379] 💓 up=10s | cb=124 audio=9.9s partials=0 | rec=0 | pipe=✅
[20:45:46.602] Pipe ricevuto: PING
[20:45:47.380] 💓 up=20s | cb=249 audio=19.9s partials=0 | rec=0 | pipe=✅
[20:45:56.600] Pipe ricevuto: PING
[20:45:57.380] 💓 up=30s | cb=374 audio=29.9s partials=0 | rec=0 | pipe=✅
[20:46:06.594] Pipe ricevuto: PING
[20:46:07.381] 💓 up=40s | cb=499 audio=39.9s partials=0 | rec=0 | pipe=✅
[20:46:16.604] Pipe ricevuto: PING
[20:46:17.381] 💓 up=50s | cb=624 audio=49.9s partials=0 | rec=0 | pipe=✅
[20:46:26.600] Pipe ricevuto: PING
[20:46:27.382] 💓 up=60s | cb=749 audio=59.9s partials=0 | rec=0 | pipe=✅
[20:46:36.598] Pipe ricevuto: PING
[20:46:37.382] 💓 up=70s | cb=874 audio=69.9s partials=0 | rec=0 | pipe=✅
[20:46:46.596] Pipe ricevuto: PING
[20:46:47.383] 💓 up=80s | cb=999 audio=79.9s partials=0 | rec=0 | pipe=✅
[20:46:56.597] Pipe ricevuto: PING
[20:46:57.383] 💓 up=90s | cb=1124 audio=89.9s partials=0 | rec=0 | pipe=✅
[20:47:06.604] Pipe ricevuto: PING
[20:47:07.384] 💓 up=100s | cb=1249 audio=99.9s partials=0 | rec=0 | pipe=✅
[20:47:16.604] Pipe ricevuto: PING
[20:47:17.384] 💓 up=110s | cb=1374 audio=109.9s partials=0 | rec=0 | pipe=✅
[20:47:26.605] Pipe ricevuto: PING
[20:47:27.384] 💓 up=120s | cb=1499 audio=119.9s partials=0 | rec=0 | pipe=✅
[20:47:32.600]   🎯 [partial] RECOGNIZED:0.85:ingegnere
[20:47:34.441]   🎯 [partial] RECOGNIZED:0.85:situazione
[20:47:36.599] Pipe ricevuto: PING
[20:47:37.385] 💓 up=130s | cb=1624 audio=129.9s partials=2 | rec=2 | pipe=✅
[20:47:46.599] Pipe ricevuto: PING
[20:47:47.386] 💓 up=140s | cb=1749 audio=139.9s partials=2 | rec=2 | pipe=✅
[20:47:56.601] Pipe ricevuto: PING
[20:47:57.386] 💓 up=150s | cb=1874 audio=149.9s partials=2 | rec=2 | pipe=✅
[20:48:06.596] Pipe ricevuto: PING
[20:48:07.387] 💓 up=160s | cb=1999 audio=159.9s partials=2 | rec=2 | pipe=✅
[20:48:16.603] Pipe ricevuto: PING
[20:48:17.387] 💓 up=170s | cb=2124 audio=169.9s partials=2 | rec=2 | pipe=✅
[20:48:26.604] Pipe ricevuto: PING
[20:48:27.388] 💓 up=180s | cb=2249 audio=179.9s partials=2 | rec=2 | pipe=✅
[20:48:36.599] Pipe ricevuto: PING
[20:48:37.388] 💓 up=190s | cb=2374 audio=189.9s partials=2 | rec=2 | pipe=✅
[20:48:46.602] Pipe ricevuto: PING
[20:48:47.389] 💓 up=200s | cb=2499 audio=199.9s partials=2 | rec=2 | pipe=✅
[20:48:56.605] Pipe ricevuto: PING
[20:48:57.390] 💓 up=210s | cb=2624 audio=209.9s partials=2 | rec=2 | pipe=✅
[20:49:06.598] Pipe ricevuto: PING
[20:49:07.390] 💓 up=220s | cb=2749 audio=219.9s partials=2 | rec=2 | pipe=✅
[20:49:16.598] Pipe ricevuto: PING
[20:49:17.391] 💓 up=230s | cb=2874 audio=229.9s partials=2 | rec=2 | pipe=✅
[20:49:26.603] Pipe ricevuto: PING
[20:49:27.391] 💓 up=240s | cb=2999 audio=239.9s partials=2 | rec=2 | pipe=✅
[20:49:36.603] Pipe ricevuto: PING
[20:49:37.392] 💓 up=250s | cb=3124 audio=249.9s partials=2 | rec=2 | pipe=✅
[20:49:46.606] Pipe ricevuto: PING
[20:49:47.392] 💓 up=260s | cb=3249 audio=259.9s partials=2 | rec=2 | pipe=✅
[20:49:56.598] Pipe ricevuto: PING
[20:49:57.393] 💓 up=270s | cb=3374 audio=269.9s partials=2 | rec=2 | pipe=✅
[20:50:06.599] Pipe ricevuto: PING
[20:50:07.393] 💓 up=280s | cb=3499 audio=279.9s partials=2 | rec=2 | pipe=✅
[20:50:16.602] Pipe ricevuto: PING
[20:50:17.394] 💓 up=290s | cb=3624 audio=289.9s partials=2 | rec=2 | pipe=✅
[20:50:26.600] Pipe ricevuto: PING
[20:50:27.394] 💓 up=300s | cb=3749 audio=299.9s partials=2 | rec=2 | pipe=✅
[20:50:35.800]   🎯 [partial] RECOGNIZED:0.85:gomme
[20:50:36.597] Pipe ricevuto: PING
[20:50:37.395] 💓 up=310s | cb=3874 audio=309.9s partials=3 | rec=3 | pipe=✅
[20:50:46.280]   🎯 [partial] RECOGNIZED:0.85:benzina
[20:50:46.605] Pipe ricevuto: PING
[20:50:47.395] 💓 up=320s | cb=3999 audio=319.9s partials=4 | rec=4 | pipe=✅
[20:50:56.605] Pipe ricevuto: PING
[20:50:57.396] 💓 up=330s | cb=4124 audio=329.9s partials=4 | rec=4 | pipe=✅
[20:51:06.598] Pipe ricevuto: PING
[20:51:07.396] 💓 up=340s | cb=4249 audio=339.9s partials=4 | rec=4 | pipe=✅
[20:51:16.601] Pipe ricevuto: PING
[20:51:17.397] 💓 up=350s | cb=4375 audio=350.0s partials=4 | rec=4 | pipe=✅
[20:51:26.599] Pipe ricevuto: PING
[20:51:27.398] 💓 up=360s | cb=4500 audio=360.0s partials=4 | rec=4 | pipe=✅
[20:51:36.601] Pipe ricevuto: PING
[20:51:37.398] 💓 up=370s | cb=4625 audio=370.0s partials=4 | rec=4 | pipe=✅
[20:51:46.599] Pipe ricevuto: PING
[20:51:47.399] 💓 up=380s | cb=4750 audio=380.0s partials=4 | rec=4 | pipe=✅
[20:51:56.605] Pipe ricevuto: PING
[20:51:57.399] 💓 up=390s | cb=4875 audio=390.0s partials=4 | rec=4 | pipe=✅
[20:52:06.599] Pipe ricevuto: PING
[20:52:07.400] 💓 up=400s | cb=5000 audio=400.0s partials=4 | rec=4 | pipe=✅
[20:52:16.602] Pipe ricevuto: PING
[20:52:17.400] 💓 up=410s | cb=5125 audio=410.0s partials=4 | rec=4 | pipe=✅
[20:52:26.599] Pipe ricevuto: PING
[20:52:27.400] 💓 up=420s | cb=5250 audio=420.0s partials=4 | rec=4 | pipe=✅
[20:52:36.603] Pipe ricevuto: PING
[20:52:37.401] 💓 up=430s | cb=5375 audio=430.0s partials=4 | rec=4 | pipe=✅
[20:52:46.598] Pipe ricevuto: PING
[20:52:47.402] 💓 up=440s | cb=5500 audio=440.0s partials=4 | rec=4 | pipe=✅
[20:52:56.596] Pipe ricevuto: PING
[20:52:57.402] 💓 up=450s | cb=5625 audio=450.0s partials=4 | rec=4 | pipe=✅
[20:53:06.597] Pipe ricevuto: PING
[20:53:07.403] 💓 up=460s | cb=5750 audio=460.0s partials=4 | rec=4 | pipe=✅
[20:53:16.595] Pipe ricevuto: PING
[20:53:17.403] 💓 up=470s | cb=5875 audio=470.0s partials=4 | rec=4 | pipe=✅
[20:53:26.605] Pipe ricevuto: PING
[20:53:27.404] 💓 up=480s | cb=6000 audio=480.0s partials=4 | rec=4 | pipe=✅
[20:53:28.920]   🎯 [partial] RECOGNIZED:0.85:ingegnere
[20:53:30.041]   🎯 [partial] RECOGNIZED:0.85:situazione
[20:53:36.595] Pipe ricevuto: PING
[20:53:37.405] 💓 up=490s | cb=6125 audio=490.0s partials=6 | rec=6 | pipe=✅
[20:53:46.599] Pipe ricevuto: PING
[20:53:47.405] 💓 up=500s | cb=6250 audio=500.0s partials=6 | rec=6 | pipe=✅
[20:53:56.598] Pipe ricevuto: PING
[20:53:56.600]   🎯 [partial] RECOGNIZED:0.85:ingegnere
[20:53:57.406] 💓 up=510s | cb=6375 audio=510.0s partials=7 | rec=7 | pipe=✅
[20:53:58.681]   🎯 [partial] RECOGNIZED:0.85:classifica
[20:54:06.601] Pipe ricevuto: PING
[20:54:07.406] 💓 up=520s | cb=6500 audio=520.0s partials=8 | rec=8 | pipe=✅
[20:54:14.921]   🎯 [partial] RECOGNIZED:0.85:ingegnere
[20:54:16.606] Pipe ricevuto: PING
[20:54:17.407] 💓 up=530s | cb=6625 audio=530.0s partials=9 | rec=9 | pipe=✅
[20:54:17.480]   ... "temperature"
[20:54:17.960]   🎯 [partial] RECOGNIZED:0.85:temperature gomme
[20:54:26.596] Pipe ricevuto: PING
[20:54:27.407] 💓 up=540s | cb=6750 audio=540.0s partials=16 | rec=10 | pipe=✅
[20:54:36.605] Pipe ricevuto: PING
[20:54:37.408] 💓 up=550s | cb=6875 audio=550.0s partials=16 | rec=10 | pipe=✅
[20:54:46.598] Pipe ricevuto: PING
[20:54:46.920]   ... "ingegnere"
[20:54:46.920]   🎯 [partial] RECOGNIZED:0.85:ingegnere
[20:54:47.409] 💓 up=560s | cb=7000 audio=560.0s partials=20 | rec=11 | pipe=✅
[20:54:49.720]   🎯 [partial] RECOGNIZED:0.85:tempi
[20:54:56.606] Pipe ricevuto: PING
[20:54:56.841]   🎯 [partial] RECOGNIZED:0.85:ingegnere
[20:54:57.409] 💓 up=570s | cb=7125 audio=570.0s partials=22 | rec=13 | pipe=✅
[20:54:57.480]   🎯 [partial] RECOGNIZED:0.85:piove
[20:55:06.600] Pipe ricevuto: PING
[20:55:07.410] 💓 up=580s | cb=7250 audio=580.0s partials=23 | rec=14 | pipe=✅
[20:55:16.598] Pipe ricevuto: PING
[20:55:17.410] 💓 up=590s | cb=7375 audio=590.0s partials=23 | rec=14 | pipe=✅
[20:55:26.598] Pipe ricevuto: PING
[20:55:27.411] 💓 up=600s | cb=7500 audio=600.0s partials=23 | rec=14 | pipe=✅
[20:55:36.601] Pipe ricevuto: PING
[20:55:37.411] 💓 up=610s | cb=7625 audio=610.0s partials=23 | rec=14 | pipe=✅
[20:55:46.596] Pipe ricevuto: PING
[20:55:47.411] 💓 up=620s | cb=7750 audio=620.0s partials=23 | rec=14 | pipe=✅
[20:55:56.599] Pipe ricevuto: PING
[20:55:57.412] 💓 up=630s | cb=7875 audio=630.0s partials=23 | rec=14 | pipe=✅
[20:56:06.598] Pipe ricevuto: PING
[20:56:07.412] 💓 up=640s | cb=8000 audio=640.0s partials=23 | rec=14 | pipe=✅
[20:56:16.600] Pipe ricevuto: PING
[20:56:17.413] 💓 up=650s | cb=8125 audio=650.0s partials=23 | rec=14 | pipe=✅
[20:56:26.604] Pipe ricevuto: PING
[20:56:27.413] 💓 up=660s | cb=8250 audio=660.0s partials=23 | rec=14 | pipe=✅
[20:56:36.598] Pipe ricevuto: PING
[20:56:37.413] 💓 up=670s | cb=8375 audio=670.0s partials=23 | rec=14 | pipe=✅
[20:56:43.960]   🎯 [partial] RECOGNIZED:0.85:ingegnere
[20:56:44.841]   🎯 [partial] RECOGNIZED:0.85:chi ho davanti
[20:56:46.602] Pipe ricevuto: PING
[20:56:47.414] 💓 up=680s | cb=8500 audio=680.0s partials=25 | rec=16 | pipe=✅
[20:56:56.598] Pipe ricevuto: PING
[20:56:57.415] 💓 up=690s | cb=8625 audio=690.0s partials=25 | rec=16 | pipe=✅
[20:57:06.602] Pipe ricevuto: PING
[20:57:07.415] 💓 up=700s | cb=8750 audio=700.0s partials=25 | rec=16 | pipe=✅
[20:57:16.605] Pipe ricevuto: PING
[20:57:17.416] 💓 up=710s | cb=8875 audio=710.0s partials=25 | rec=16 | pipe=✅
[20:57:26.597] Pipe ricevuto: PING
[20:57:27.416] 💓 up=720s | cb=9000 audio=720.0s partials=25 | rec=16 | pipe=✅
[20:57:36.600] Pipe ricevuto: PING
[20:57:37.417] 💓 up=730s | cb=9125 audio=730.0s partials=25 | rec=16 | pipe=✅
[20:57:46.603] Pipe ricevuto: PING
[20:57:47.418] 💓 up=740s | cb=9250 audio=740.0s partials=25 | rec=16 | pipe=✅
[20:57:56.596] Pipe ricevuto: PING
[20:57:57.418] 💓 up=750s | cb=9375 audio=750.0s partials=25 | rec=16 | pipe=✅
[20:58:06.597] Pipe ricevuto: PING
[20:58:07.419] 💓 up=760s | cb=9500 audio=760.0s partials=25 | rec=16 | pipe=✅
[20:58:16.598] Pipe ricevuto: PING
[20:58:17.419] 💓 up=770s | cb=9625 audio=770.0s partials=25 | rec=16 | pipe=✅
[20:58:26.599] Pipe ricevuto: PING
[20:58:27.420] 💓 up=780s | cb=9750 audio=780.0s partials=25 | rec=16 | pipe=✅
[20:58:36.603] Pipe ricevuto: PING
[20:58:37.420] 💓 up=790s | cb=9875 audio=790.0s partials=25 | rec=16 | pipe=✅
[20:58:46.606] Pipe ricevuto: PING
[20:58:47.421] 💓 up=800s | cb=10000 audio=800.0s partials=25 | rec=16 | pipe=✅
[20:58:56.598] Pipe ricevuto: PING
[20:58:57.421] 💓 up=810s | cb=10125 audio=810.0s partials=25 | rec=16 | pipe=✅
[20:59:06.601] Pipe ricevuto: PING
[20:59:07.422] 💓 up=820s | cb=10250 audio=820.0s partials=25 | rec=16 | pipe=✅
[20:59:16.602] Pipe ricevuto: PING
[20:59:17.422] 💓 up=830s | cb=10375 audio=830.0s partials=25 | rec=16 | pipe=✅
[20:59:26.605] Pipe ricevuto: PING
[20:59:27.423] 💓 up=840s | cb=10500 audio=840.0s partials=25 | rec=16 | pipe=✅
[20:59:36.606] Pipe ricevuto: PING
[20:59:37.423] 💓 up=850s | cb=10625 audio=850.0s partials=25 | rec=16 | pipe=✅
[20:59:46.597] Pipe ricevuto: PING
[20:59:47.424] 💓 up=860s | cb=10750 audio=860.0s partials=25 | rec=16 | pipe=✅
[20:59:56.603] Pipe ricevuto: PING
[20:59:57.425] 💓 up=870s | cb=10875 audio=870.0s partials=25 | rec=16 | pipe=✅
[21:00:06.598] Pipe ricevuto: PING
[21:00:07.425] 💓 up=880s | cb=11000 audio=880.0s partials=25 | rec=16 | pipe=✅
[21:00:11.401]   🎯 [partial] RECOGNIZED:0.85:strategia
[21:00:16.605] Pipe ricevuto: PING
[21:00:17.425] 💓 up=890s | cb=11125 audio=890.0s partials=26 | rec=17 | pipe=✅
[21:00:26.201]   🎯 [partial] RECOGNIZED:0.85:carburante
[21:00:26.597] Pipe ricevuto: PING
[21:00:27.426] 💓 up=900s | cb=11250 audio=900.0s partials=27 | rec=18 | pipe=✅
[21:00:33.477]   ... "stato"
[21:00:33.560]   🎯 [partial] RECOGNIZED:0.85:davanti
[21:00:35.557]   ... "stato vado"
[21:00:35.881]   📝 Finale: "stato vado"
[21:00:36.600] Pipe ricevuto: PING
[21:00:37.426] 💓 up=910s | cb=11375 audio=910.0s partials=43 | rec=19 | pipe=✅
[21:00:39.001]   🎯 [partial] RECOGNIZED:0.85:situazione
[21:00:40.517]   ... "leader"
[21:00:40.600]   📝 Finale: "leader"
[21:00:46.602] Pipe ricevuto: PING
[21:00:46.840]   ... "come sono le gomme"
[21:00:46.840]   🎯 [partial] RECOGNIZED:0.85:come sono le gomme
[21:00:47.427] 💓 up=920s | cb=11500 audio=920.0s partials=60 | rec=21 | pipe=✅
[21:00:50.360]   🎯 [partial] RECOGNIZED:0.85:benzina
[21:00:53.163]   📝 Finale: "stop"
[21:00:53.880]   🎯 [partial] RECOGNIZED:0.85:dietro
[21:00:55.316]   ... "sono le al"
[21:00:55.721]   📝 Finale: "sono le al"
[21:00:56.604] Pipe ricevuto: PING
[21:00:57.427] 💓 up=930s | cb=11625 audio=930.0s partials=74 | rec=23 | pipe=✅
[21:00:58.120]   🎯 [partial] RECOGNIZED:0.85:ingegnere
[21:00:58.760]   ⏳ Pending: "media" (attendo variante lunga, 800ms)
[21:00:59.077]   ... "media"
[21:00:59.240]   📝 Finale: "media"
[21:00:59.240]   🎯 [final] RECOGNIZED:0.85:media
[21:01:06.595] Pipe ricevuto: PING
[21:01:07.428] 💓 up=940s | cb=11750 audio=940.0s partials=81 | rec=25 | pipe=✅
[21:01:09.240]   🎯 [partial] RECOGNIZED:0.85:autonomia
[21:01:10.917]   ... "devo"
[21:01:11.717]   ... "devo leader"
[21:01:12.280]   📝 Finale: "devo leader"
[21:01:14.920]   🎯 [partial] RECOGNIZED:0.85:meteo
[21:01:16.437]   ... "messo"
[21:01:16.596] Pipe ricevuto: PING
[21:01:17.240]   ... "messo"
[21:01:17.428] 💓 up=950s | cb=11875 audio=950.0s partials=122 | rec=27 | pipe=✅
[21:01:17.480]   📝 Finale: "messo"
[21:01:18.680]   🎯 [partial] RECOGNIZED:0.85:meteo
[21:01:19.082]   ... "dal primo"
[21:01:19.319]   🎯 [partial] RECOGNIZED:0.85:posizione
[21:01:22.360]   🎯 [partial] RECOGNIZED:0.85:situazione
[21:01:23.480]   🎯 [partial] RECOGNIZED:0.85:passo
[21:01:25.080]   🎯 [partial] RECOGNIZED:0.85:carburante
[21:01:26.597] Pipe ricevuto: PING
[21:01:27.429] 💓 up=960s | cb=12000 audio=960.0s partials=139 | rec=32 | pipe=✅
[21:01:31.480]   ... "benzina"
[21:01:31.480]   🎯 [partial] RECOGNIZED:0.85:benzina
[21:01:34.281]   ... "sono"
[21:01:34.521]   📝 Finale: "sono"
[21:01:36.600] Pipe ricevuto: PING
[21:01:37.160]   🎯 [partial] RECOGNIZED:0.85:posizione
[21:01:37.429] 💓 up=970s | cb=12125 audio=970.0s partials=153 | rec=34 | pipe=✅
[21:01:40.201]   📝 Finale: "sono"
[21:01:46.602] Pipe ricevuto: PING
[21:01:47.430] 💓 up=980s | cb=12250 audio=980.0s partials=153 | rec=34 | pipe=✅
[21:01:53.402]   📝 Finale: "sono report"
[21:01:53.402]   🎯 [final] RECOGNIZED:0.85:report
[21:01:56.604] Pipe ricevuto: PING
[21:01:57.430] 💓 up=990s | cb=12375 audio=990.0s partials=156 | rec=35 | pipe=✅
[21:01:59.560]   🎯 [partial] RECOGNIZED:0.85:meteo
[21:02:00.200]   🎯 [partial] RECOGNIZED:0.85:report
[21:02:01.321]   🎯 [partial] RECOGNIZED:0.85:dietro
[21:02:06.520]   ... "carburante"
[21:02:06.520]   🎯 [partial] RECOGNIZED:0.85:carburante
[21:02:06.595] Pipe ricevuto: PING
[21:02:07.160]   🎯 [partial] RECOGNIZED:0.85:il mio passo
[21:02:07.431] 💓 up=1000s | cb=12500 audio=1000.0s partials=161 | rec=40 | pipe=✅
[21:02:15.480]   📝 Finale: "sono"
[21:02:16.597] Pipe ricevuto: PING
[21:02:17.431] 💓 up=1010s | cb=12625 audio=1010.0s partials=161 | rec=40 | pipe=✅
[21:02:26.601] Pipe ricevuto: PING
[21:02:27.432] 💓 up=1020s | cb=12750 audio=1020.0s partials=161 | rec=40 | pipe=✅
[21:02:36.603] Pipe ricevuto: PING
[21:02:37.432] 💓 up=1030s | cb=12875 audio=1030.0s partials=161 | rec=40 | pipe=✅
[21:02:46.596] Pipe ricevuto: PING
[21:02:47.433] 💓 up=1040s | cb=13000 audio=1040.0s partials=161 | rec=40 | pipe=✅
[21:02:52.920]   ⏳ Pending: "media" (attendo variante lunga, 800ms)
[21:02:53.557]   ... "media"
[21:02:53.641]   📝 Finale: "media"
[21:02:53.641]   🎯 [final] RECOGNIZED:0.85:media
[21:02:56.599] Pipe ricevuto: PING
[21:02:57.433] 💓 up=1050s | cb=13125 audio=1050.0s partials=170 | rec=41 | pipe=✅
[21:03:06.601] Pipe ricevuto: PING
[21:03:07.434] 💓 up=1060s | cb=13250 audio=1060.0s partials=170 | rec=41 | pipe=✅
[21:03:16.602] Pipe ricevuto: PING
[21:03:17.434] 💓 up=1070s | cb=13375 audio=1070.0s partials=170 | rec=41 | pipe=✅
[21:03:26.604] Pipe ricevuto: PING
[21:03:27.435] 💓 up=1080s | cb=13500 audio=1080.0s partials=170 | rec=41 | pipe=✅
[21:03:36.605] Pipe ricevuto: PING
[21:03:37.435] 💓 up=1090s | cb=13625 audio=1090.0s partials=170 | rec=41 | pipe=✅
[21:03:46.596] Pipe ricevuto: PING
[21:03:47.436] 💓 up=1100s | cb=13750 audio=1100.0s partials=173 | rec=41 | pipe=✅
[21:03:51.880]   ... "al primo"
[21:03:52.360]   📝 Finale: "al"
[21:03:56.596] Pipe ricevuto: PING
[21:03:57.436] 💓 up=1110s | cb=13875 audio=1110.0s partials=185 | rec=41 | pipe=✅
[21:04:00.040]   ⏳ Pending: "media" (attendo variante lunga, 800ms)
[21:04:00.117]   ... "media"
[21:04:00.521]   📝 Finale: "media"
[21:04:00.521]   🎯 [final] RECOGNIZED:0.85:media
[21:04:02.037]   ... "sono"
[21:04:02.600]   🎯 [partial] RECOGNIZED:0.85:strategia
[21:04:04.117]   ... "tutto giri"
[21:04:04.441]   📝 Finale: "tutto"
[21:04:06.598] Pipe ricevuto: PING
[21:04:07.436] 💓 up=1120s | cb=14000 audio=1120.0s partials=210 | rec=43 | pipe=✅
[21:04:10.441]   🎯 [partial] RECOGNIZED:0.85:report
[21:04:11.320]   🎯 [partial] RECOGNIZED:0.85:dietro
[21:04:12.037]   ... "primo"
[21:04:12.200]   📝 Finale: "primo"
[21:04:13.797]   ... "stato"
[21:04:13.881]   📝 Finale: "stato"
[21:04:16.280]   🎯 [partial] RECOGNIZED:0.85:davanti
[21:04:16.600] Pipe ricevuto: PING
[21:04:17.401]   📝 Finale: "sono"
[21:04:17.437] 💓 up=1130s | cb=14125 audio=1130.0s partials=237 | rec=46 | pipe=✅
[21:04:17.880]   🎯 [partial] RECOGNIZED:0.85:report
[21:04:18.357]   ... "sono"
[21:04:19.001]   📝 Finale: "sono"
[21:04:19.396]   ... "vado"
[21:04:20.201]   📝 Finale: "vado"
[21:04:20.680]   ... "manca"
[21:04:21.477]   ... "messo"
[21:04:22.122]   📝 Finale: "messo"
[21:04:22.517]   ... "il"
[21:04:23.800]   🎯 [partial] RECOGNIZED:0.85:posizione
[21:04:26.602] Pipe ricevuto: PING
[21:04:27.320]   🎯 [partial] RECOGNIZED:0.85:benzina
[21:04:27.438] 💓 up=1140s | cb=14250 audio=1140.0s partials=288 | rec=49 | pipe=✅
[21:04:29.402]   🎯 [partial] RECOGNIZED:0.85:situazione
[21:04:35.320]   ... "stop"
[21:04:35.801]   📝 Finale: "stop"
[21:04:36.605] Pipe ricevuto: PING
[21:04:37.438] 💓 up=1150s | cb=14375 audio=1150.0s partials=295 | rec=50 | pipe=✅
[21:04:46.595] Pipe ricevuto: PING
[21:04:47.438] 💓 up=1160s | cb=14500 audio=1160.0s partials=295 | rec=50 | pipe=✅
[21:04:56.599] Pipe ricevuto: PING
[21:04:57.439] 💓 up=1170s | cb=14625 audio=1170.0s partials=295 | rec=50 | pipe=✅
[21:05:06.602] Pipe ricevuto: PING
[21:05:07.439] 💓 up=1180s | cb=14750 audio=1180.0s partials=295 | rec=50 | pipe=✅
[21:05:08.440]   🎯 [partial] RECOGNIZED:0.85:piove
[21:05:10.040]   ... "sono messo"
[21:05:10.520]   🎯 [partial] RECOGNIZED:0.85:posizione
[21:05:13.560]   ... "dove"
[21:05:16.604] Pipe ricevuto: PING
[21:05:17.440] 💓 up=1190s | cb=14875 audio=1190.0s partials=312 | rec=52 | pipe=✅
[21:05:21.720]   🎯 [partial] RECOGNIZED:0.85:benzina
[21:05:22.600]   🎯 [partial] RECOGNIZED:0.85:carburante
[21:05:23.637]   ... "vado"
[21:05:23.961]   📝 Finale: "vado"
[21:05:26.360]   ... "sono le pista"
[21:05:26.595] Pipe ricevuto: PING
[21:05:26.601]   🎯 [partial] RECOGNIZED:0.85:gomme
[21:05:27.440] 💓 up=1200s | cb=15000 audio=1200.0s partials=333 | rec=55 | pipe=✅
[21:05:27.721]   🎯 [partial] RECOGNIZED:0.85:stato carburante
[21:05:29.320]   🎯 [partial] RECOGNIZED:0.85:classifica
[21:05:30.037]   ... "ho"
[21:05:30.682]   🎯 [partial] RECOGNIZED:0.85:situazione
[21:05:31.397]   ... "sono"
[21:05:31.800]   🎯 [partial] RECOGNIZED:0.85:davanti
[21:05:33.400]   🎯 [partial] RECOGNIZED:0.85:carburante
[21:05:34.520]   ... "leader"
[21:05:35.241]   📝 Finale: "leader"
[21:05:35.797]   ... "sono"
[21:05:35.960]   🎯 [partial] RECOGNIZED:0.85:stato carburante
[21:05:36.362]   🎯 [partial] RECOGNIZED:0.85:dietro
[21:05:36.597] Pipe ricevuto: PING
[21:05:37.441] 💓 up=1210s | cb=15125 audio=1210.0s partials=373 | rec=62 | pipe=✅
[21:05:38.920]   🎯 [partial] RECOGNIZED:0.85:gomme
[21:05:45.800]   🎯 [partial] RECOGNIZED:0.85:davanti
[21:05:46.598] Pipe ricevuto: PING
[21:05:47.442] 💓 up=1220s | cb=15250 audio=1220.0s partials=378 | rec=64 | pipe=✅
[21:05:49.637]   ... "sono"
[21:05:50.040]   📝 Finale: "sono"
[21:05:53.161]   🎯 [partial] RECOGNIZED:0.85:carburante
[21:05:54.760]   ⏳ Pending: "media" (attendo variante lunga, 800ms)
[21:05:55.077]   ... "media"
[21:05:55.611]   ⏰ Pending timeout: "media" (860ms)
[21:05:55.611]   🎯 [partial+timeout] RECOGNIZED:0.85:media
[21:05:56.600] Pipe ricevuto: PING
[21:05:57.401]   📝 Finale: "sono"
[21:05:57.442] 💓 up=1230s | cb=15375 audio=1230.0s partials=399 | rec=66 | pipe=✅
[21:05:59.321]   ... "gap"
[21:05:59.321]   ⏳ Pending: "gap" (attendo variante lunga, 800ms)
[21:05:59.801]   ↑ Upgrade: "gap" → "pit stop"
[21:05:59.801]   🎯 [partial+upgrade] RECOGNIZED:0.85:pit stop
[21:06:00.441]   ... "dal primo"
[21:06:00.920]   🎯 [partial] RECOGNIZED:0.85:strategia
[21:06:01.801]   ... "vado"
[21:06:02.041]   📝 Finale: "vado"
[21:06:04.440]   🎯 [partial] RECOGNIZED:0.85:situazione
[21:06:04.842]   🎯 [partial] RECOGNIZED:0.85:dietro
[21:06:05.877]   ... "primo il mio"
[21:06:05.961]   🎯 [partial] RECOGNIZED:0.85:meteo
[21:06:06.604] Pipe ricevuto: PING
[21:06:07.237]   ... "temperature"
[21:06:07.320]   🎯 [partial] RECOGNIZED:0.85:temperature gomme
[21:06:07.443] 💓 up=1240s | cb=15500 audio=1240.0s partials=441 | rec=72 | pipe=✅
[21:06:09.317]   ... "stato"
[21:06:09.641]   📝 Finale: "stato"
[21:06:12.041]   ... "stato"
[21:06:12.280]   📝 Finale: "è stato"
[21:06:13.077]   ... "primo"
[21:06:13.240]   🎯 [partial] RECOGNIZED:0.85:piove
[21:06:14.360]   📝 Finale: "tutto"
[21:06:15.321]   🎯 [partial] RECOGNIZED:0.85:piove
[21:06:16.440]   ... "sono le"
[21:06:16.599] Pipe ricevuto: PING
[21:06:17.443] 💓 up=1250s | cb=15625 audio=1250.0s partials=489 | rec=74 | pipe=✅
[21:06:17.477]   ... "sono"
[21:06:17.640]   🎯 [partial] RECOGNIZED:0.85:piove
[21:06:22.600]   ⏳ Pending: "media" (attendo variante lunga, 800ms)
[21:06:22.677]   ... "media"
[21:06:23.321]   📝 Finale: "media"
[21:06:23.321]   🎯 [final] RECOGNIZED:0.85:media
[21:06:24.441]   🎯 [partial] RECOGNIZED:0.85:posizione
[21:06:25.397]   ... "al"
[21:06:25.561]   🎯 [partial] RECOGNIZED:0.85:piove
[21:06:26.601] Pipe ricevuto: PING
[21:06:27.401]   🎯 [partial] RECOGNIZED:0.85:gap leader
[21:06:27.444] 💓 up=1260s | cb=15750 audio=1260.0s partials=519 | rec=79 | pipe=✅
[21:06:29.241]   📝 Finale: "stop"
[21:06:31.161]   ... "tutto"
[21:06:33.156]   ... "ho condizioni"
[21:06:33.320]   🎯 [partial] RECOGNIZED:0.85:come vado
[21:06:36.361]   ⏳ Pending: "media" (attendo variante lunga, 800ms)
[21:06:36.437]   ... "dal media"
[21:06:36.605] Pipe ricevuto: PING
[21:06:36.840]   🎯 [partial] RECOGNIZED:0.85:meteo
[21:06:37.444] 💓 up=1270s | cb=15875 audio=1270.0s partials=545 | rec=81 | pipe=✅
[21:06:38.680]   🎯 [partial] RECOGNIZED:0.85:gomme
[21:06:40.280]   🎯 [partial] RECOGNIZED:0.85:benzina
[21:06:41.641]   📝 Finale: "situazione"
[21:06:41.641]   🎯 [final] RECOGNIZED:0.85:situazione
[21:06:43.000]   🎯 [partial] RECOGNIZED:0.85:benzina
[21:06:44.197]   ... "manca"
[21:06:44.600]   🎯 [partial] RECOGNIZED:0.85:davanti
[21:06:45.317]   ... "davanti"
[21:06:46.117]   ... "temperature"
[21:06:46.200]   🎯 [partial] RECOGNIZED:0.85:temperature gomme
[21:06:46.597] Pipe ricevuto: PING
[21:06:47.321]   🎯 [partial] RECOGNIZED:0.85:report
[21:06:47.445] 💓 up=1280s | cb=16000 audio=1280.0s partials=572 | rec=88 | pipe=✅
[21:06:49.640]   🎯 [partial] RECOGNIZED:0.85:strategia
[21:06:50.520]   ⏳ Pending: "distacco" (attendo variante lunga, 800ms)
[21:06:51.240]   ... "dove"
[21:06:51.377]   ⏰ Pending timeout: "distacco" (859ms)
[21:06:51.377]   🎯 [partial+timeout] RECOGNIZED:0.85:distacco
[21:06:52.680]   🎯 [partial] RECOGNIZED:0.85:benzina
[21:06:53.320]   🎯 [partial] RECOGNIZED:0.85:carburante
[21:06:54.920]   🎯 [partial] RECOGNIZED:0.85:aggiornamento
[21:06:56.604] Pipe ricevuto: PING
[21:06:56.917]   ... "temperature"
[21:06:57.445] 💓 up=1290s | cb=16125 audio=1290.0s partials=596 | rec=93 | pipe=✅
[21:06:57.480]   🎯 [partial] RECOGNIZED:0.85:temperature gomme
[21:06:59.560]   🎯 [partial] RECOGNIZED:0.85:grip
[21:07:01.641]   🎯 [partial] RECOGNIZED:0.85:benzina
[21:07:02.042]   ... "quello"
[21:07:03.317]   ... "stato"
[21:07:03.722]   📝 Finale: "stato"
[21:07:06.597] Pipe ricevuto: PING
[21:07:07.446] 💓 up=1300s | cb=16250 audio=1300.0s partials=614 | rec=96 | pipe=✅
[21:07:12.120]   ⏳ Pending: "pressioni" (attendo variante lunga, 800ms)
[21:07:12.970]   ⏰ Pending timeout: "pressioni" (859ms)
[21:07:12.970]   🎯 [partial+timeout] RECOGNIZED:0.85:pressioni
[21:07:16.600] Pipe ricevuto: PING
[21:07:17.446] 💓 up=1310s | cb=16375 audio=1310.0s partials=617 | rec=97 | pipe=✅
[21:07:20.197]   ... "vado"
[21:07:21.001]   📝 Finale: "vado"
[21:07:21.480]   ... "quanta benzina"
[21:07:21.480]   🎯 [partial] RECOGNIZED:0.85:quanta benzina
[21:07:26.604] Pipe ricevuto: PING
[21:07:27.447] 💓 up=1320s | cb=16500 audio=1320.0s partials=630 | rec=98 | pipe=✅
[21:07:33.881]   📝 Finale: "pit mio"
[21:07:36.597] Pipe ricevuto: PING
[21:07:37.447] 💓 up=1330s | cb=16625 audio=1330.0s partials=630 | rec=98 | pipe=✅
[21:07:37.480]   🎯 [partial] RECOGNIZED:0.85:situazione
[21:07:43.881]   📝 Finale: "stop"
[21:07:46.600] Pipe ricevuto: PING
[21:07:47.448] 💓 up=1340s | cb=16750 audio=1340.0s partials=631 | rec=99 | pipe=✅
[21:07:56.604] Pipe ricevuto: PING
[21:07:56.840]   🎯 [partial] RECOGNIZED:0.85:meteo
[21:07:57.448] 💓 up=1350s | cb=16875 audio=1350.0s partials=632 | rec=100 | pipe=✅
[21:07:58.037]   ... "meteo"
[21:07:58.200]   📝 Finale: "meteo"
[21:08:03.240]   🎯 [partial] RECOGNIZED:0.85:chi è il primo
[21:08:06.598] Pipe ricevuto: PING
[21:08:07.449] 💓 up=1360s | cb=17000 audio=1360.0s partials=648 | rec=101 | pipe=✅
[21:08:09.161]   📝 Finale: "stop"
[21:08:15.160]   🎯 [partial] RECOGNIZED:0.85:davanti
[21:08:16.603] Pipe ricevuto: PING
[21:08:17.241]   📝 Finale: "messo"
[21:08:17.449] 💓 up=1370s | cb=17125 audio=1370.0s partials=649 | rec=102 | pipe=✅
[21:08:22.281]   ... "dal"
[21:08:22.521]   🎯 [partial] RECOGNIZED:0.85:davanti
[21:08:22.922]   🎯 [partial] RECOGNIZED:0.85:dietro
[21:08:25.720]   🎯 [partial] RECOGNIZED:0.85:strategia
[21:08:26.599] Pipe ricevuto: PING
[21:08:27.449] 💓 up=1380s | cb=17250 audio=1380.0s partials=658 | rec=105 | pipe=✅
[21:08:29.242]   🎯 [partial] RECOGNIZED:0.85:davanti
[21:08:30.120]   ... "quanto manca"
[21:08:31.637]   ... "stato"
[21:08:32.521]   🎯 [partial] RECOGNIZED:0.85:stato gomme
[21:08:33.237]   ... "quello"
[21:08:33.880]   🎯 [partial] RECOGNIZED:0.85:quello dietro
[21:08:34.520]   🎯 [partial] RECOGNIZED:0.85:situazione
[21:08:35.160]   ... "pista"
[21:08:35.880]   🎯 [partial] RECOGNIZED:0.85:strategia
[21:08:36.602] Pipe ricevuto: PING
[21:08:37.450] 💓 up=1390s | cb=17375 audio=1390.0s partials=699 | rec=110 | pipe=✅
[21:08:40.360]   ... "condizioni"
[21:08:41.397]   ... "quello"
[21:08:41.564]   📝 Finale: "quello"
[21:08:44.837]   ... "stop mio quello"
[21:08:45.160]   🎯 [partial] RECOGNIZED:0.85:carburante
[21:08:46.437]   ... "dal primo"
[21:08:46.597] Pipe ricevuto: PING
[21:08:46.761]   📝 Finale: "pit"
[21:08:47.451] 💓 up=1400s | cb=17500 audio=1400.0s partials=733 | rec=111 | pipe=✅
[21:08:56.603] Pipe ricevuto: PING
[21:08:57.451] 💓 up=1410s | cb=17625 audio=1410.0s partials=733 | rec=111 | pipe=✅
[21:08:59.480]   ... "sono"
[21:09:00.201]   🎯 [partial] RECOGNIZED:0.85:report
[21:09:03.480]   ... "classifica"
[21:09:03.481]   🎯 [partial] RECOGNIZED:0.85:classifica
[21:09:05.080]   ⏳ Pending: "media" (attendo variante lunga, 800ms)
[21:09:05.939]   ⏰ Pending timeout: "media" (860ms)
[21:09:05.939]   🎯 [partial+timeout] RECOGNIZED:0.85:media
[21:09:06.596] Pipe ricevuto: PING
[21:09:07.452] 💓 up=1420s | cb=17750 audio=1420.0s partials=756 | rec=114 | pipe=✅
[21:09:08.920]   🎯 [partial] RECOGNIZED:0.85:davanti
[21:09:09.717]   ... "dammi"
[21:09:09.800]   🎯 [partial] RECOGNIZED:0.85:dammi tutto
[21:09:15.637]   ... "ho"
[21:09:15.961]   🎯 [partial] RECOGNIZED:0.85:piove
[21:09:16.362]   ⏳ Pending: "distacco" (attendo variante lunga, 800ms)
[21:09:16.599] Pipe ricevuto: PING
[21:09:16.600]   ↑ Upgrade: "distacco" → "dove sono"
[21:09:16.601]   🎯 [partial+upgrade] RECOGNIZED:0.85:dove sono
[21:09:17.452] 💓 up=1430s | cb=17875 audio=1430.0s partials=778 | rec=118 | pipe=✅
[21:09:18.200]   🎯 [partial] RECOGNIZED:0.85:classifica
[21:09:18.602]   ... "mio passo"
[21:09:18.602]   🎯 [partial] RECOGNIZED:0.85:passo
[21:09:19.480]   🎯 [partial] RECOGNIZED:0.85:situazione
[21:09:20.121]   🎯 [partial] RECOGNIZED:0.85:dietro
[21:09:20.522]   ⏳ Pending: "media" (attendo variante lunga, 800ms)
[21:09:21.241]   🎯 [partial] RECOGNIZED:0.85:passo
[21:09:22.840]   ... "è al"
[21:09:26.602] Pipe ricevuto: PING
[21:09:26.757]   ... "chi"
[21:09:27.453] 💓 up=1440s | cb=18000 audio=1440.0s partials=808 | rec=123 | pipe=✅
[21:09:27.557]   ... "chi è il"
[21:09:27.641]   📝 Finale: "chi è"
[21:09:28.360]   🎯 [partial] RECOGNIZED:0.85:benzina
[21:09:31.160]   🎯 [partial] RECOGNIZED:0.85:carburante
[21:09:36.605] Pipe ricevuto: PING
[21:09:37.454] 💓 up=1450s | cb=18125 audio=1450.0s partials=818 | rec=125 | pipe=✅
[21:09:38.280]   🎯 [partial] RECOGNIZED:0.85:benzina
[21:09:39.401]   ... "dal primo"
[21:09:41.801]   🎯 [partial] RECOGNIZED:0.85:dietro
[21:09:42.680]   ... "sono"
[21:09:42.920]   📝 Finale: "sono"
[21:09:44.361]   📝 Finale: "leader"
[21:09:46.597] Pipe ricevuto: PING
[21:09:47.454] 💓 up=1460s | cb=18250 audio=1460.0s partials=838 | rec=127 | pipe=✅
[21:09:50.600]   🎯 [partial] RECOGNIZED:0.85:davanti
[21:09:53.881]   ... "davanti"
[21:09:53.882]   🎯 [partial] RECOGNIZED:0.85:davanti
[21:09:56.199]   🎯 [partial] RECOGNIZED:0.85:classifica
[21:09:56.600] Pipe ricevuto: PING
[21:09:57.455] 💓 up=1470s | cb=18375 audio=1470.0s partials=841 | rec=130 | pipe=✅
[21:09:57.560]   🎯 [partial] RECOGNIZED:0.85:benzina
[21:09:58.517]   ... "come"
[21:09:58.681]   🎯 [partial] RECOGNIZED:0.85:classifica
[21:09:59.081]   ⏳ Pending: "gap" (attendo variante lunga, 800ms)
[21:09:59.320]   ↑ Upgrade: "gap" → "gap dietro"
[21:09:59.320]   🎯 [partial+upgrade] RECOGNIZED:0.85:gap dietro
[21:10:00.200]   ... "autonomia"
[21:10:00.200]   🎯 [partial] RECOGNIZED:0.85:autonomia
[21:10:00.841]   ⏳ Pending: "gap" (attendo variante lunga, 800ms)
[21:10:01.691]   ⏰ Pending timeout: "gap" (860ms)
[21:10:01.691]   🎯 [partial+timeout] RECOGNIZED:0.85:gap
[21:10:06.604] Pipe ricevuto: PING
[21:10:07.455] 💓 up=1480s | cb=18500 audio=1480.0s partials=868 | rec=135 | pipe=✅
[21:10:07.560]   ... "dal"
[21:10:08.040]   📝 Finale: "dal"
[21:10:09.720]   🎯 [partial] RECOGNIZED:0.85:benzina
[21:10:12.040]   🎯 [partial] RECOGNIZED:0.85:dietro
[21:10:14.757]   ... "ho"
[21:10:15.321]   📝 Finale: "ho"
[21:10:16.040]   ⏳ Pending: "gap" (attendo variante lunga, 800ms)
[21:10:16.281]   ... "gap dal"
[21:10:16.596] Pipe ricevuto: PING
[21:10:16.760]   ↑ Upgrade: "gap" → "gap dal leader"
[21:10:16.760]   🎯 [partial+upgrade] RECOGNIZED:0.85:gap dal leader
[21:10:17.456] 💓 up=1490s | cb=18625 audio=1490.0s partials=896 | rec=138 | pipe=✅
[21:10:18.601]   ... "dal pit"
[21:10:19.080]   📝 Finale: "dal pit"
[21:10:19.877]   ... "pit"
[21:10:20.280]   🎯 [partial] RECOGNIZED:0.85:pit stop
[21:10:21.160]   🎯 [partial] RECOGNIZED:0.85:benzina
[21:10:22.280]   ... "aggiornamento"
[21:10:22.281]   🎯 [partial] RECOGNIZED:0.85:aggiornamento
[21:10:22.920]   ⏳ Pending: "pressioni" (attendo variante lunga, 800ms)
[21:10:23.400]   🎯 [partial] RECOGNIZED:0.85:gomme
[21:10:25.000]   🎯 [partial] RECOGNIZED:0.85:dietro
[21:10:26.599] Pipe ricevuto: PING
[21:10:27.457] 💓 up=1500s | cb=18750 audio=1500.0s partials=928 | rec=143 | pipe=✅
[21:10:27.800]   🎯 [partial] RECOGNIZED:0.85:classifica
[21:10:28.201]   ... "carburante"
[21:10:28.201]   🎯 [partial] RECOGNIZED:0.85:carburante
[21:10:29.800]   ... "dal leader"
[21:10:30.041]   📝 Finale: "dal leader"
[21:10:33.400]   🎯 [partial] RECOGNIZED:0.85:meteo
[21:10:34.280]   ... "tempi"
[21:10:34.280]   🎯 [partial] RECOGNIZED:0.85:tempi
[21:10:35.401]   ... "dal leader"
[21:10:35.640]   🎯 [partial] RECOGNIZED:0.85:chi ho dietro
[21:10:36.600] Pipe ricevuto: PING
[21:10:37.000]   ⏳ Pending: "distacco" (attendo variante lunga, 800ms)
[21:10:37.240]   ... "sono le gomme"
[21:10:37.240]   🎯 [partial] RECOGNIZED:0.85:gomme
[21:10:37.457] 💓 up=1510s | cb=18875 audio=1510.0s partials=970 | rec=149 | pipe=✅
[21:10:38.120]   🎯 [partial] RECOGNIZED:0.85:strategia
[21:10:38.760]   🎯 [partial] RECOGNIZED:0.85:gomme
[21:10:40.120]   🎯 [partial] RECOGNIZED:0.85:dove sono
[21:10:41.000]   🎯 [partial] RECOGNIZED:0.85:aggiornamento
[21:10:41.797]   ... "fare pit"
[21:10:42.601]   📝 Finale: "fare"
[21:10:45.961]   ... "situazione"
[21:10:45.961]   🎯 [partial] RECOGNIZED:0.85:situazione
[21:10:46.361]   🎯 [partial] RECOGNIZED:0.85:carburante
[21:10:46.602] Pipe ricevuto: PING
[21:10:47.240]   🎯 [partial] RECOGNIZED:0.85:situazione
[21:10:47.457] 💓 up=1520s | cb=19000 audio=1520.0s partials=992 | rec=156 | pipe=✅
[21:10:48.360]   📝 Finale: "sono"
[21:10:48.917]   ... "sono le"
[21:10:54.037]   ... "devo chi ho"
[21:10:54.120]   🎯 [partial] RECOGNIZED:0.85:chi ho dietro
[21:10:55.397]   ... "tutto"
[21:10:55.480]   📝 Finale: "le tutto"
[21:10:55.720]   🎯 [partial] RECOGNIZED:0.85:davanti
[21:10:56.604] Pipe ricevuto: PING
[21:10:56.997]   ... "tutto"
[21:10:57.081]   📝 Finale: "tutto"
[21:10:57.458] 💓 up=1530s | cb=19125 audio=1530.0s partials=1030 | rec=158 | pipe=✅
[21:10:58.280]   ⏳ Pending: "distacco" (attendo variante lunga, 800ms)
[21:10:59.001]   ↑ Upgrade: "distacco" → "situazione"
[21:10:59.001]   🎯 [partial+upgrade] RECOGNIZED:0.85:situazione
[21:11:00.037]   ... "condizioni"
[21:11:00.361]   📝 Finale: "come vado"
[21:11:00.361]   🎯 [final] RECOGNIZED:0.85:come vado
[21:11:01.480]   ... "leader"
[21:11:02.201]   📝 Finale: "leader"
[21:11:02.440]   🎯 [partial] RECOGNIZED:0.85:dietro
[21:11:02.842]   ... "media"
[21:11:02.842]   ⏳ Pending: "media" (attendo variante lunga, 800ms)
[21:11:03.637]   ... "messo"
[21:11:03.692]   ⏰ Pending timeout: "media" (860ms)
[21:11:03.692]   🎯 [partial+timeout] RECOGNIZED:0.85:media
[21:11:06.597] Pipe ricevuto: PING
[21:11:07.459] 💓 up=1540s | cb=19250 audio=1540.0s partials=1070 | rec=162 | pipe=✅
[21:11:10.280]   🎯 [partial] RECOGNIZED:0.85:aggiornamento
[21:11:11.557]   ... "quanto manca"
[21:11:11.881]   📝 Finale: "confronto"
[21:11:13.801]   🎯 [partial] RECOGNIZED:0.85:report
[21:11:14.440]   🎯 [partial] RECOGNIZED:0.85:stato carburante
[21:11:16.040]   🎯 [partial] RECOGNIZED:0.85:meteo
[21:11:16.442]   ... "aggiornamento"
[21:11:16.442]   🎯 [partial] RECOGNIZED:0.85:aggiornamento
[21:11:16.598] Pipe ricevuto: PING
[21:11:16.842]   🎯 [partial] RECOGNIZED:0.85:passo
[21:11:17.460] 💓 up=1550s | cb=19375 audio=1550.0s partials=1091 | rec=168 | pipe=✅
[21:11:19.401]   📝 Finale: "devo"
[21:11:25.557]   ... "al"
[21:11:26.360]   📝 Finale: "al"
[21:11:26.600] Pipe ricevuto: PING
[21:11:27.460] 💓 up=1560s | cb=19500 audio=1560.0s partials=1109 | rec=168 | pipe=✅
[21:11:31.880]   ... "vado"
[21:11:32.120]   🎯 [partial] RECOGNIZED:0.85:benzina
[21:11:33.960]   🎯 [partial] RECOGNIZED:0.85:report
[21:11:34.600]   🎯 [partial] RECOGNIZED:0.85:situazione
[21:11:35.002]   🎯 [partial] RECOGNIZED:0.85:carburante
[21:11:35.402]   ... "vado"
[21:11:36.121]   📝 Finale: "vado"
[21:11:36.600]   🎯 [partial] RECOGNIZED:0.85:situazione
[21:11:36.602] Pipe ricevuto: PING
[21:11:37.460] 💓 up=1570s | cb=19625 audio=1570.0s partials=1129 | rec=173 | pipe=✅
[21:11:37.720]   ... "benzina"
[21:11:37.720]   🎯 [partial] RECOGNIZED:0.85:benzina
[21:11:38.840]   ... "chi ho"
[21:11:39.080]   📝 Finale: "chi ho"
[21:11:39.560]   🎯 [partial] RECOGNIZED:0.85:autonomia
[21:11:46.604] Pipe ricevuto: PING
[21:11:47.461] 💓 up=1580s | cb=19750 audio=1580.0s partials=1143 | rec=175 | pipe=✅
[21:11:56.604] Pipe ricevuto: PING
[21:11:57.462] 💓 up=1590s | cb=19875 audio=1590.0s partials=1143 | rec=175 | pipe=✅
[21:12:00.361]   ... "sono"
[21:12:00.600]   📝 Finale: "sono"
[21:12:02.761]   ⏳ Pending: "pressioni" (attendo variante lunga, 800ms)
[21:12:03.000]   🎯 [partial] RECOGNIZED:0.85:posizione
[21:12:03.402]   ... "pressioni"
[21:12:03.402]   ⏳ Pending: "pressioni" (attendo variante lunga, 800ms)
[21:12:04.250]   ⏰ Pending timeout: "pressioni" (859ms)
[21:12:04.250]   🎯 [partial+timeout] RECOGNIZED:0.85:pressioni
[21:12:06.595] Pipe ricevuto: PING
[21:12:07.462] 💓 up=1600s | cb=20000 audio=1600.0s partials=1164 | rec=177 | pipe=✅
[21:12:10.840]   🎯 [partial] RECOGNIZED:0.85:meteo
[21:12:16.598] Pipe ricevuto: PING
[21:12:17.463] 💓 up=1610s | cb=20125 audio=1610.0s partials=1165 | rec=178 | pipe=✅
[21:12:21.081]   📝 Finale: "stato"
[21:12:23.480]   🎯 [partial] RECOGNIZED:0.85:meteo
[21:12:23.882]   ... "gap leader"
[21:12:23.882]   🎯 [partial] RECOGNIZED:0.85:gap leader
[21:12:26.600] Pipe ricevuto: PING
[21:12:27.464] 💓 up=1620s | cb=20250 audio=1620.0s partials=1177 | rec=180 | pipe=✅
[21:12:27.640]   ... "stato manca"
[21:12:27.881]   📝 Finale: "stato davanti"
[21:12:27.881]   🎯 [final] RECOGNIZED:0.85:davanti
[21:12:36.601] Pipe ricevuto: PING
[21:12:37.464] 💓 up=1630s | cb=20375 audio=1630.0s partials=1182 | rec=181 | pipe=✅
[21:12:46.604] Pipe ricevuto: PING
[21:12:47.465] 💓 up=1640s | cb=20500 audio=1640.0s partials=1182 | rec=181 | pipe=✅
[21:12:55.237]   ... "devo"
[21:12:55.640]   🎯 [partial] RECOGNIZED:0.85:passo
[21:12:56.597] Pipe ricevuto: PING
[21:12:56.597]   ... "quello"
[21:12:57.465] 💓 up=1650s | cb=20625 audio=1650.0s partials=1201 | rec=182 | pipe=✅
[21:12:58.680]   🎯 [partial] RECOGNIZED:0.85:benzina
[21:13:04.360]   ⏳ Pending: "media" (attendo variante lunga, 800ms)
[21:13:04.601]   ↑ Upgrade: "media" → "distacco"
[21:13:04.601]   🎯 [partial+upgrade] RECOGNIZED:0.85:distacco
[21:13:06.596] Pipe ricevuto: PING
[21:13:07.466] 💓 up=1660s | cb=20750 audio=1660.0s partials=1206 | rec=184 | pipe=✅
[21:13:10.280]   🎯 [partial] RECOGNIZED:0.85:dietro
[21:13:10.837]   ... "dal"
[21:13:11.401]   📝 Finale: "dal"
[21:13:12.600]   ... "stato leader"
[21:13:13.081]   🎯 [partial] RECOGNIZED:0.85:stato carburante
[21:13:13.960]   ... "dammi tutto"
[21:13:13.960]   🎯 [partial] RECOGNIZED:0.85:dammi tutto
[21:13:16.599] Pipe ricevuto: PING
[21:13:17.467] 💓 up=1670s | cb=20875 audio=1670.0s partials=1230 | rec=187 | pipe=✅
[21:13:23.480]   🎯 [partial] RECOGNIZED:0.85:davanti
[21:13:24.037]   ... "messo"
[21:13:24.600]   🎯 [partial] RECOGNIZED:0.85:dammi tutto
[21:13:26.357]   ... "dammi"
[21:13:26.597]   🎯 [partial] RECOGNIZED:0.85:dammi tutto
[21:13:26.601] Pipe ricevuto: PING
[21:13:27.467] 💓 up=1680s | cb=21000 audio=1680.0s partials=1253 | rec=190 | pipe=✅
[21:13:28.440]   ... "benzina"
[21:13:28.440]   🎯 [partial] RECOGNIZED:0.85:benzina
[21:13:31.721]   🎯 [partial] RECOGNIZED:0.85:benzina
[21:13:32.841]   ⏳ Pending: "distacco" (attendo variante lunga, 800ms)
[21:13:33.237]   ... "tutto"
[21:13:33.692]   ⏰ Pending timeout: "distacco" (860ms)
[21:13:33.692]   🎯 [partial+timeout] RECOGNIZED:0.85:distacco
[21:13:36.604] Pipe ricevuto: PING
[21:13:37.468] 💓 up=1690s | cb=21125 audio=1690.0s partials=1275 | rec=193 | pipe=✅
[21:13:39.560]   🎯 [partial] RECOGNIZED:0.85:classifica
[21:13:40.201]   ... "fare pit"
[21:13:41.401]   📝 Finale: "fare"
[21:13:45.241]   🎯 [partial] RECOGNIZED:0.85:dammi tutto
[21:13:46.605] Pipe ricevuto: PING
[21:13:47.080]   ... "sono le gomme"
[21:13:47.080]   🎯 [partial] RECOGNIZED:0.85:gomme
[21:13:47.468] 💓 up=1700s | cb=21250 audio=1700.0s partials=1290 | rec=196 | pipe=✅
[21:13:56.598] Pipe ricevuto: PING
[21:13:57.469] 💓 up=1710s | cb=21375 audio=1710.0s partials=1290 | rec=196 | pipe=✅
[21:14:00.442]   📝 Finale: "primo"
[21:14:04.042]   🎯 [partial] RECOGNIZED:0.85:situazione
[21:14:04.441]   🎯 [partial] RECOGNIZED:0.85:chi ho davanti
[21:14:04.842]   🎯 [partial] RECOGNIZED:0.85:dietro
[21:14:06.599] Pipe ricevuto: PING
[21:14:07.400]   ... "autonomia"
[21:14:07.400]   🎯 [partial] RECOGNIZED:0.85:autonomia
[21:14:07.469] 💓 up=1720s | cb=21500 audio=1720.0s partials=1300 | rec=200 | pipe=✅
[21:14:08.520]   ⏳ Pending: "distacco" (attendo variante lunga, 800ms)
[21:14:09.377]   ⏰ Pending timeout: "distacco" (859ms)
[21:14:09.377]   🎯 [partial+timeout] RECOGNIZED:0.85:distacco
[21:14:16.600] Pipe ricevuto: PING
[21:14:17.470] 💓 up=1730s | cb=21625 audio=1730.0s partials=1306 | rec=201 | pipe=✅
[21:14:22.440]   🎯 [partial] RECOGNIZED:0.85:benzina
[21:14:23.800]   🎯 [partial] RECOGNIZED:0.85:situazione
[21:14:25.400]   🎯 [partial] RECOGNIZED:0.85:report
[21:14:26.601] Pipe ricevuto: PING
[21:14:27.471] 💓 up=1740s | cb=21750 audio=1740.0s partials=1309 | rec=204 | pipe=✅
[21:14:28.200]   ... "benzina"
[21:14:28.200]   🎯 [partial] RECOGNIZED:0.85:benzina
[21:14:33.402]   📝 Finale: "dietro"
[21:14:33.402]   🎯 [final] RECOGNIZED:0.85:dietro
[21:14:36.603] Pipe ricevuto: PING
[21:14:37.471] 💓 up=1750s | cb=21875 audio=1750.0s partials=1313 | rec=206 | pipe=✅
[21:14:46.605] Pipe ricevuto: PING
[21:14:47.472] 💓 up=1760s | cb=22000 audio=1760.0s partials=1313 | rec=206 | pipe=✅
[21:14:56.597] Pipe ricevuto: PING
[21:14:57.472] 💓 up=1770s | cb=22125 audio=1770.0s partials=1313 | rec=206 | pipe=✅
[21:15:06.601] Pipe ricevuto: PING
[21:15:07.473] 💓 up=1780s | cb=22250 audio=1780.0s partials=1313 | rec=206 | pipe=✅
[21:15:16.602] Pipe ricevuto: PING
[21:15:17.473] 💓 up=1790s | cb=22375 audio=1790.0s partials=1313 | rec=206 | pipe=✅
[21:15:26.604] Pipe ricevuto: PING
[21:15:27.474] 💓 up=1800s | cb=22500 audio=1800.0s partials=1313 | rec=206 | pipe=✅
[21:15:36.605] Pipe ricevuto: PING
[21:15:37.474] 💓 up=1810s | cb=22625 audio=1810.0s partials=1313 | rec=206 | pipe=✅
[21:15:42.680]   ... "al pressioni"
[21:15:42.680]   ⏳ Pending: "pressioni" (attendo variante lunga, 800ms)
[21:15:43.401]   📝 Finale: "al pista"
[21:15:43.533]   ⏰ Pending timeout: "pressioni" (859ms)
[21:15:43.533]   🎯 [partial+timeout] RECOGNIZED:0.85:pressioni
[21:15:46.596] Pipe ricevuto: PING
[21:15:47.475] 💓 up=1820s | cb=22750 audio=1820.0s partials=1328 | rec=207 | pipe=✅
[21:15:54.757]   ... "come"
[21:15:55.880]   🎯 [partial] RECOGNIZED:0.85:situazione
[21:15:56.599] Pipe ricevuto: PING
[21:15:57.475] 💓 up=1830s | cb=22875 audio=1830.0s partials=1332 | rec=208 | pipe=✅
[21:16:06.602] Pipe ricevuto: PING
[21:16:07.476] 💓 up=1840s | cb=23000 audio=1840.0s partials=1332 | rec=208 | pipe=✅
[21:16:16.605] Pipe ricevuto: PING
[21:16:17.476] 💓 up=1850s | cb=23125 audio=1850.0s partials=1332 | rec=208 | pipe=✅
[21:16:26.600] Pipe ricevuto: PING
[21:16:27.477] 💓 up=1860s | cb=23250 audio=1860.0s partials=1332 | rec=208 | pipe=✅
[21:16:36.604] Pipe ricevuto: PING
[21:16:37.477] 💓 up=1870s | cb=23376 audio=1870.1s partials=1332 | rec=208 | pipe=✅
[21:16:46.596] Pipe ricevuto: PING
[21:16:47.478] 💓 up=1880s | cb=23501 audio=1880.1s partials=1332 | rec=208 | pipe=✅
[21:16:56.600] Pipe ricevuto: PING
[21:16:57.478] 💓 up=1890s | cb=23626 audio=1890.1s partials=1332 | rec=208 | pipe=✅
[21:17:06.605] Pipe ricevuto: PING
[21:17:07.479] 💓 up=1900s | cb=23751 audio=1900.1s partials=1332 | rec=208 | pipe=✅
[21:17:16.598] Pipe ricevuto: PING
[21:17:17.479] 💓 up=1910s | cb=23876 audio=1910.1s partials=1332 | rec=208 | pipe=✅
[21:17:18.840]   🎯 [partial] RECOGNIZED:0.85:meteo
[21:17:26.601] Pipe ricevuto: PING
[21:17:27.480] 💓 up=1920s | cb=24001 audio=1920.1s partials=1333 | rec=209 | pipe=✅
[21:17:36.603] Pipe ricevuto: PING
[21:17:37.480] 💓 up=1930s | cb=24126 audio=1930.1s partials=1333 | rec=209 | pipe=✅
[21:17:46.606] Pipe ricevuto: PING
[21:17:47.481] 💓 up=1940s | cb=24251 audio=1940.1s partials=1333 | rec=209 | pipe=✅
[21:17:56.606] Pipe ricevuto: PING
[21:17:57.481] 💓 up=1950s | cb=24376 audio=1950.1s partials=1333 | rec=209 | pipe=✅
[21:18:06.597] Pipe ricevuto: PING
[21:18:07.482] 💓 up=1960s | cb=24501 audio=1960.1s partials=1333 | rec=209 | pipe=✅
[21:18:16.600] Pipe ricevuto: PING
[21:18:17.482] 💓 up=1970s | cb=24626 audio=1970.1s partials=1333 | rec=209 | pipe=✅
[21:18:26.604] Pipe ricevuto: PING
[21:18:27.483] 💓 up=1980s | cb=24751 audio=1980.1s partials=1333 | rec=209 | pipe=✅
[21:18:36.598] Pipe ricevuto: PING
[21:18:37.483] 💓 up=1990s | cb=24876 audio=1990.1s partials=1333 | rec=209 | pipe=✅
[21:18:46.603] Pipe ricevuto: PING
[21:18:47.484] 💓 up=2000s | cb=25001 audio=2000.1s partials=1333 | rec=209 | pipe=✅
[21:18:56.595] Pipe ricevuto: PING
[21:18:57.484] 💓 up=2010s | cb=25126 audio=2010.1s partials=1333 | rec=209 | pipe=✅
[21:19:06.604] Pipe ricevuto: PING
[21:19:07.484] 💓 up=2020s | cb=25251 audio=2020.1s partials=1334 | rec=209 | pipe=✅
[21:19:09.881]   📝 Finale: "report"
[21:19:09.881]   🎯 [final] RECOGNIZED:0.85:report
[21:19:16.602] Pipe ricevuto: PING
[21:19:17.485] 💓 up=2030s | cb=25376 audio=2030.1s partials=1336 | rec=210 | pipe=✅
[21:19:26.601] Pipe ricevuto: PING
[21:19:27.485] 💓 up=2040s | cb=25501 audio=2040.1s partials=1336 | rec=210 | pipe=✅
[21:19:36.602] Pipe ricevuto: PING
[21:19:37.486] 💓 up=2050s | cb=25626 audio=2050.1s partials=1336 | rec=210 | pipe=✅
[21:19:46.603] Pipe ricevuto: PING
[21:19:47.486] 💓 up=2060s | cb=25751 audio=2060.1s partials=1336 | rec=210 | pipe=✅
[21:19:56.605] Pipe ricevuto: PING
[21:19:57.486] 💓 up=2070s | cb=25876 audio=2070.1s partials=1336 | rec=210 | pipe=✅
[21:20:06.600] Pipe ricevuto: PING
[21:20:07.487] 💓 up=2080s | cb=26001 audio=2080.1s partials=1336 | rec=210 | pipe=✅
[21:20:16.604] Pipe ricevuto: PING
[21:20:17.488] 💓 up=2090s | cb=26126 audio=2090.1s partials=1336 | rec=210 | pipe=✅
[21:20:26.599] Pipe ricevuto: PING
[21:20:27.488] 💓 up=2100s | cb=26251 audio=2100.1s partials=1336 | rec=210 | pipe=✅
[21:20:36.605] Pipe ricevuto: PING
[21:20:37.489] 💓 up=2110s | cb=26376 audio=2110.1s partials=1336 | rec=210 | pipe=✅
[21:20:46.599] Pipe ricevuto: PING
[21:20:47.490] 💓 up=2120s | cb=26501 audio=2120.1s partials=1336 | rec=210 | pipe=✅
[21:20:56.605] Pipe ricevuto: PING
[21:20:57.490] 💓 up=2130s | cb=26626 audio=2130.1s partials=1336 | rec=210 | pipe=✅
[21:21:06.597] Pipe ricevuto: PING
[21:21:07.491] 💓 up=2140s | cb=26751 audio=2140.1s partials=1336 | rec=210 | pipe=✅
[21:21:16.601] Pipe ricevuto: PING
[21:21:17.491] 💓 up=2150s | cb=26876 audio=2150.1s partials=1336 | rec=210 | pipe=✅
[21:21:26.596] Pipe ricevuto: PING
[21:21:27.492] 💓 up=2160s | cb=27001 audio=2160.1s partials=1336 | rec=210 | pipe=✅
[21:21:36.604] Pipe ricevuto: PING
[21:21:37.493] 💓 up=2170s | cb=27126 audio=2170.1s partials=1336 | rec=210 | pipe=✅
[21:21:46.603] Pipe ricevuto: PING
[21:21:47.493] 💓 up=2180s | cb=27251 audio=2180.1s partials=1336 | rec=210 | pipe=✅
[21:21:56.602] Pipe ricevuto: PING
[21:21:57.494] 💓 up=2190s | cb=27376 audio=2190.1s partials=1336 | rec=210 | pipe=✅
[21:22:06.599] Pipe ricevuto: PING
[21:22:07.494] 💓 up=2200s | cb=27501 audio=2200.1s partials=1336 | rec=210 | pipe=✅
[21:22:16.597] Pipe ricevuto: PING
[21:22:17.495] 💓 up=2210s | cb=27626 audio=2210.1s partials=1336 | rec=210 | pipe=✅
[21:22:26.606] Pipe ricevuto: PING
[21:22:27.495] 💓 up=2220s | cb=27751 audio=2220.1s partials=1336 | rec=210 | pipe=✅
[21:22:36.603] Pipe ricevuto: PING
[21:22:37.496] 💓 up=2230s | cb=27876 audio=2230.1s partials=1336 | rec=210 | pipe=✅
[21:22:46.600] Pipe ricevuto: PING
[21:22:47.496] 💓 up=2240s | cb=28001 audio=2240.1s partials=1336 | rec=210 | pipe=✅
[21:22:56.599] Pipe ricevuto: PING
[21:22:57.497] 💓 up=2250s | cb=28126 audio=2250.1s partials=1336 | rec=210 | pipe=✅
[21:23:06.597] Pipe ricevuto: PING
[21:23:07.497] 💓 up=2260s | cb=28251 audio=2260.1s partials=1336 | rec=210 | pipe=✅
[21:23:16.605] Pipe ricevuto: PING
[21:23:17.498] 💓 up=2270s | cb=28376 audio=2270.1s partials=1336 | rec=210 | pipe=✅
[21:23:26.604] Pipe ricevuto: PING
[21:23:27.498] 💓 up=2280s | cb=28501 audio=2280.1s partials=1336 | rec=210 | pipe=✅
[21:23:36.605] Pipe ricevuto: PING
[21:23:37.499] 💓 up=2290s | cb=28626 audio=2290.1s partials=1336 | rec=210 | pipe=✅
[21:23:46.604] Pipe ricevuto: PING
[21:23:47.499] 💓 up=2300s | cb=28751 audio=2300.1s partials=1336 | rec=210 | pipe=✅
[21:23:56.605] Pipe ricevuto: PING
[21:23:57.500] 💓 up=2310s | cb=28876 audio=2310.1s partials=1336 | rec=210 | pipe=✅
[21:24:06.604] Pipe ricevuto: PING
[21:24:07.501] 💓 up=2320s | cb=29001 audio=2320.1s partials=1336 | rec=210 | pipe=✅
[21:24:16.602] Pipe ricevuto: PING
[21:24:17.501] 💓 up=2330s | cb=29126 audio=2330.1s partials=1336 | rec=210 | pipe=✅
[21:24:26.602] Pipe ricevuto: PING
[21:24:27.502] 💓 up=2340s | cb=29251 audio=2340.1s partials=1336 | rec=210 | pipe=✅
[21:24:36.600] Pipe ricevuto: PING
[21:24:37.502] 💓 up=2350s | cb=29376 audio=2350.1s partials=1336 | rec=210 | pipe=✅
[21:24:46.599] Pipe ricevuto: PING
[21:24:47.503] 💓 up=2360s | cb=29501 audio=2360.1s partials=1336 | rec=210 | pipe=✅
[21:24:56.598] Pipe ricevuto: PING
[21:24:57.503] 💓 up=2370s | cb=29626 audio=2370.1s partials=1336 | rec=210 | pipe=✅
[21:25:06.598] Pipe ricevuto: PING
[21:25:07.504] 💓 up=2380s | cb=29751 audio=2380.1s partials=1336 | rec=210 | pipe=✅
[21:25:16.598] Pipe ricevuto: PING
[21:25:17.505] 💓 up=2390s | cb=29876 audio=2390.1s partials=1336 | rec=210 | pipe=✅
[21:25:26.597] Pipe ricevuto: PING
[21:25:27.505] 💓 up=2400s | cb=30001 audio=2400.1s partials=1336 | rec=210 | pipe=✅
[21:25:36.606] Pipe ricevuto: PING
[21:25:37.506] 💓 up=2410s | cb=30126 audio=2410.1s partials=1336 | rec=210 | pipe=✅
[21:25:46.606] Pipe ricevuto: PING
[21:25:47.506] 💓 up=2420s | cb=30251 audio=2420.1s partials=1336 | rec=210 | pipe=✅
[21:25:56.595] Pipe ricevuto: PING
[21:25:57.507] 💓 up=2430s | cb=30376 audio=2430.1s partials=1336 | rec=210 | pipe=✅
[21:26:06.603] Pipe ricevuto: PING
[21:26:07.507] 💓 up=2440s | cb=30501 audio=2440.1s partials=1336 | rec=210 | pipe=✅
[21:26:16.601] Pipe ricevuto: PING
[21:26:17.508] 💓 up=2450s | cb=30626 audio=2450.1s partials=1336 | rec=210 | pipe=✅
[21:26:26.601] Pipe ricevuto: PING
[21:26:27.508] 💓 up=2460s | cb=30751 audio=2460.1s partials=1336 | rec=210 | pipe=✅
[21:26:36.599] Pipe ricevuto: PING
[21:26:37.509] 💓 up=2470s | cb=30876 audio=2470.1s partials=1336 | rec=210 | pipe=✅
[21:26:46.597] Pipe ricevuto: PING
[21:26:47.509] 💓 up=2480s | cb=31001 audio=2480.1s partials=1336 | rec=210 | pipe=✅
[21:26:56.604] Pipe ricevuto: PING
[21:26:57.510] 💓 up=2490s | cb=31126 audio=2490.1s partials=1336 | rec=210 | pipe=✅
[21:27:06.603] Pipe ricevuto: PING
[21:27:07.510] 💓 up=2500s | cb=31251 audio=2500.1s partials=1336 | rec=210 | pipe=✅
[21:27:16.603] Pipe ricevuto: PING
[21:27:17.511] 💓 up=2510s | cb=31376 audio=2510.1s partials=1336 | rec=210 | pipe=✅
[21:27:26.600] Pipe ricevuto: PING
[21:27:27.512] 💓 up=2520s | cb=31501 audio=2520.1s partials=1336 | rec=210 | pipe=✅
[21:27:36.606] Pipe ricevuto: PING
[21:27:37.512] 💓 up=2530s | cb=31626 audio=2530.1s partials=1336 | rec=210 | pipe=✅
[21:27:46.604] Pipe ricevuto: PING
[21:27:47.513] 💓 up=2540s | cb=31751 audio=2540.1s partials=1336 | rec=210 | pipe=✅
[21:27:56.603] Pipe ricevuto: PING
[21:27:57.513] 💓 up=2550s | cb=31876 audio=2550.1s partials=1336 | rec=210 | pipe=✅
[21:28:06.602] Pipe ricevuto: PING
[21:28:07.514] 💓 up=2560s | cb=32001 audio=2560.1s partials=1336 | rec=210 | pipe=✅
[21:28:16.601] Pipe ricevuto: PING
[21:28:17.514] 💓 up=2570s | cb=32126 audio=2570.1s partials=1336 | rec=210 | pipe=✅
[21:28:26.600] Pipe ricevuto: PING
[21:28:27.514] 💓 up=2580s | cb=32251 audio=2580.1s partials=1336 | rec=210 | pipe=✅
[21:28:36.600] Pipe ricevuto: PING
[21:28:37.515] 💓 up=2590s | cb=32376 audio=2590.1s partials=1336 | rec=210 | pipe=✅
[21:28:46.599] Pipe ricevuto: PING
[21:28:47.515] 💓 up=2600s | cb=32501 audio=2600.1s partials=1336 | rec=210 | pipe=✅
[21:28:56.598] Pipe ricevuto: PING
[21:28:57.516] 💓 up=2610s | cb=32626 audio=2610.1s partials=1336 | rec=210 | pipe=✅
[21:29:06.598] Pipe ricevuto: PING
[21:29:07.516] 💓 up=2620s | cb=32751 audio=2620.1s partials=1336 | rec=210 | pipe=✅
[21:29:16.596] Pipe ricevuto: PING
[21:29:17.517] 💓 up=2630s | cb=32876 audio=2630.1s partials=1336 | rec=210 | pipe=✅
[21:29:26.596] Pipe ricevuto: PING
[21:29:27.517] 💓 up=2640s | cb=33001 audio=2640.1s partials=1336 | rec=210 | pipe=✅
[21:29:36.605] Pipe ricevuto: PING
[21:29:37.518] 💓 up=2650s | cb=33126 audio=2650.1s partials=1336 | rec=210 | pipe=✅
[21:29:46.603] Pipe ricevuto: PING
[21:29:47.518] 💓 up=2660s | cb=33251 audio=2660.1s partials=1336 | rec=210 | pipe=✅
[21:29:56.601] Pipe ricevuto: PING
[21:29:57.519] 💓 up=2670s | cb=33376 audio=2670.1s partials=1336 | rec=210 | pipe=✅
[21:30:06.598] Pipe ricevuto: PING
[21:30:07.519] 💓 up=2680s | cb=33501 audio=2680.1s partials=1336 | rec=210 | pipe=✅
[21:30:16.605] Pipe ricevuto: PING
[21:30:17.520] 💓 up=2690s | cb=33626 audio=2690.1s partials=1336 | rec=210 | pipe=✅
[21:30:26.595] Pipe ricevuto: PING
[21:30:27.520] 💓 up=2700s | cb=33751 audio=2700.1s partials=1336 | rec=210 | pipe=✅
[21:30:36.604] Pipe ricevuto: PING
[21:30:37.520] 💓 up=2710s | cb=33876 audio=2710.1s partials=1336 | rec=210 | pipe=✅
[21:30:46.600] Pipe ricevuto: PING
[21:30:47.521] 💓 up=2720s | cb=34001 audio=2720.1s partials=1336 | rec=210 | pipe=✅
[21:30:56.598] Pipe ricevuto: PING
[21:30:57.522] 💓 up=2730s | cb=34126 audio=2730.1s partials=1336 | rec=210 | pipe=✅
[21:31:06.595] Pipe ricevuto: PING
[21:31:07.522] 💓 up=2740s | cb=34251 audio=2740.1s partials=1336 | rec=210 | pipe=✅
[21:31:16.604] Pipe ricevuto: PING
[21:31:17.523] 💓 up=2750s | cb=34376 audio=2750.1s partials=1336 | rec=210 | pipe=✅
[21:31:26.603] Pipe ricevuto: PING
[21:31:27.523] 💓 up=2760s | cb=34501 audio=2760.1s partials=1336 | rec=210 | pipe=✅
[21:31:36.602] Pipe ricevuto: PING
[21:31:37.524] 💓 up=2770s | cb=34626 audio=2770.1s partials=1336 | rec=210 | pipe=✅
[21:31:46.599] Pipe ricevuto: PING
[21:31:47.524] 💓 up=2780s | cb=34751 audio=2780.1s partials=1336 | rec=210 | pipe=✅
[21:31:56.597] Pipe ricevuto: PING
[21:31:57.525] 💓 up=2790s | cb=34876 audio=2790.1s partials=1336 | rec=210 | pipe=✅
[21:32:03.720]   🎯 [partial] RECOGNIZED:0.85:ingegnere
[21:32:04.600]   🎯 [partial] RECOGNIZED:0.85:situazione
[21:32:06.606] Pipe ricevuto: PING
[21:32:07.525] 💓 up=2800s | cb=35001 audio=2800.1s partials=1338 | rec=212 | pipe=✅
[21:32:16.603] Pipe ricevuto: PING
[21:32:17.526] 💓 up=2810s | cb=35126 audio=2810.1s partials=1338 | rec=212 | pipe=✅
[21:32:26.601] Pipe ricevuto: PING
[21:32:27.527] 💓 up=2820s | cb=35251 audio=2820.1s partials=1338 | rec=212 | pipe=✅
[21:32:36.600] Pipe ricevuto: PING
[21:32:37.527] 💓 up=2830s | cb=35376 audio=2830.1s partials=1338 | rec=212 | pipe=✅
[21:32:46.598] Pipe ricevuto: PING
[21:32:47.528] 💓 up=2840s | cb=35501 audio=2840.1s partials=1338 | rec=212 | pipe=✅
[21:32:56.606] Pipe ricevuto: PING
[21:32:57.528] 💓 up=2850s | cb=35626 audio=2850.1s partials=1338 | rec=212 | pipe=✅
[21:33:06.603] Pipe ricevuto: PING
[21:33:07.529] 💓 up=2860s | cb=35751 audio=2860.1s partials=1338 | rec=212 | pipe=✅
[21:33:16.599] Pipe ricevuto: PING
[21:33:17.529] 💓 up=2870s | cb=35876 audio=2870.1s partials=1338 | rec=212 | pipe=✅
[21:33:26.605] Pipe ricevuto: PING
[21:33:27.530] 💓 up=2880s | cb=36001 audio=2880.1s partials=1338 | rec=212 | pipe=✅
[21:33:36.603] Pipe ricevuto: PING
[21:33:37.530] 💓 up=2890s | cb=36126 audio=2890.1s partials=1338 | rec=212 | pipe=✅
[21:33:46.601] Pipe ricevuto: PING
[21:33:47.531] 💓 up=2900s | cb=36251 audio=2900.1s partials=1338 | rec=212 | pipe=✅
[21:33:56.598] Pipe ricevuto: PING
[21:33:57.531] 💓 up=2910s | cb=36376 audio=2910.1s partials=1338 | rec=212 | pipe=✅
[21:34:06.605] Pipe ricevuto: PING
[21:34:07.532] 💓 up=2920s | cb=36501 audio=2920.1s partials=1338 | rec=212 | pipe=✅
[21:34:16.603] Pipe ricevuto: PING
[21:34:17.533] 💓 up=2930s | cb=36626 audio=2930.1s partials=1338 | rec=212 | pipe=✅
[21:34:26.601] Pipe ricevuto: PING
[21:34:27.533] 💓 up=2940s | cb=36751 audio=2940.1s partials=1338 | rec=212 | pipe=✅
[21:34:36.600] Pipe ricevuto: PING
[21:34:37.534] 💓 up=2950s | cb=36876 audio=2950.1s partials=1338 | rec=212 | pipe=✅
[21:34:46.596] Pipe ricevuto: PING
[21:34:47.534] 💓 up=2960s | cb=37001 audio=2960.1s partials=1338 | rec=212 | pipe=✅
[21:34:56.605] Pipe ricevuto: PING
[21:34:57.535] 💓 up=2970s | cb=37126 audio=2970.1s partials=1338 | rec=212 | pipe=✅
[21:35:06.603] Pipe ricevuto: PING
[21:35:07.535] 💓 up=2980s | cb=37251 audio=2980.1s partials=1338 | rec=212 | pipe=✅
[21:35:16.601] Pipe ricevuto: PING
[21:35:17.536] 💓 up=2990s | cb=37376 audio=2990.1s partials=1338 | rec=212 | pipe=✅
[21:35:26.597] Pipe ricevuto: PING
[21:35:27.536] 💓 up=3000s | cb=37501 audio=3000.1s partials=1338 | rec=212 | pipe=✅
[21:35:36.604] Pipe ricevuto: PING
[21:35:37.537] 💓 up=3010s | cb=37626 audio=3010.1s partials=1338 | rec=212 | pipe=✅
[21:35:46.599] Pipe ricevuto: PING
[21:35:47.538] 💓 up=3020s | cb=37751 audio=3020.1s partials=1338 | rec=212 | pipe=✅
[21:35:56.603] Pipe ricevuto: PING
[21:35:57.538] 💓 up=3030s | cb=37876 audio=3030.1s partials=1338 | rec=212 | pipe=✅
[21:36:06.606] Pipe ricevuto: PING
[21:36:07.539] 💓 up=3040s | cb=38001 audio=3040.1s partials=1338 | rec=212 | pipe=✅
[21:36:16.604] Pipe ricevuto: PING
[21:36:17.539] 💓 up=3050s | cb=38126 audio=3050.1s partials=1338 | rec=212 | pipe=✅
[21:36:26.602] Pipe ricevuto: PING
[21:36:27.540] 💓 up=3060s | cb=38251 audio=3060.1s partials=1338 | rec=212 | pipe=✅
[21:36:36.601] Pipe ricevuto: PING
[21:36:37.540] 💓 up=3070s | cb=38376 audio=3070.1s partials=1338 | rec=212 | pipe=✅
[21:36:46.598] Pipe ricevuto: PING
[21:36:47.541] 💓 up=3080s | cb=38501 audio=3080.1s partials=1338 | rec=212 | pipe=✅
[21:36:56.601] Pipe ricevuto: PING
[21:36:57.542] 💓 up=3090s | cb=38626 audio=3090.1s partials=1338 | rec=212 | pipe=✅
[21:37:06.604] Pipe ricevuto: PING
[21:37:07.542] 💓 up=3100s | cb=38751 audio=3100.1s partials=1338 | rec=212 | pipe=✅
[21:37:16.604] Pipe ricevuto: PING
[21:37:17.543] 💓 up=3110s | cb=38876 audio=3110.1s partials=1338 | rec=212 | pipe=✅
[21:37:26.606] Pipe ricevuto: PING
[21:37:27.544] 💓 up=3120s | cb=39001 audio=3120.1s partials=1338 | rec=212 | pipe=✅
[21:37:36.606] Pipe ricevuto: PING
[21:37:37.544] 💓 up=3130s | cb=39126 audio=3130.1s partials=1338 | rec=212 | pipe=✅
[21:37:46.601] Pipe ricevuto: PING
[21:37:47.545] 💓 up=3140s | cb=39251 audio=3140.1s partials=1338 | rec=212 | pipe=✅
[21:37:56.602] Pipe ricevuto: PING
[21:37:57.545] 💓 up=3150s | cb=39376 audio=3150.1s partials=1338 | rec=212 | pipe=✅
[21:38:06.600] Pipe ricevuto: PING
[21:38:07.546] 💓 up=3160s | cb=39501 audio=3160.1s partials=1338 | rec=212 | pipe=✅
[21:38:16.597] Pipe ricevuto: PING
[21:38:17.547] 💓 up=3170s | cb=39626 audio=3170.1s partials=1338 | rec=212 | pipe=✅
[21:38:26.603] Pipe ricevuto: PING
[21:38:27.547] 💓 up=3180s | cb=39751 audio=3180.1s partials=1338 | rec=212 | pipe=✅
[21:38:36.601] Pipe ricevuto: PING
[21:38:37.547] 💓 up=3190s | cb=39876 audio=3190.1s partials=1338 | rec=212 | pipe=✅
[21:38:46.606] Pipe ricevuto: PING
[21:38:47.548] 💓 up=3200s | cb=40001 audio=3200.1s partials=1338 | rec=212 | pipe=✅
[21:38:56.603] Pipe ricevuto: PING
[21:38:57.549] 💓 up=3210s | cb=40126 audio=3210.1s partials=1338 | rec=212 | pipe=✅
[21:39:06.601] Pipe ricevuto: PING
[21:39:07.549] 💓 up=3220s | cb=40251 audio=3220.1s partials=1338 | rec=212 | pipe=✅
[21:39:16.600] Pipe ricevuto: PING
[21:39:17.550] 💓 up=3230s | cb=40376 audio=3230.1s partials=1338 | rec=212 | pipe=✅
[21:39:26.606] Pipe ricevuto: PING
[21:39:27.550] 💓 up=3240s | cb=40501 audio=3240.1s partials=1338 | rec=212 | pipe=✅
[21:39:36.604] Pipe ricevuto: PING
[21:39:37.551] 💓 up=3250s | cb=40626 audio=3250.1s partials=1338 | rec=212 | pipe=✅
[21:39:46.603] Pipe ricevuto: PING
[21:39:47.551] 💓 up=3260s | cb=40751 audio=3260.1s partials=1338 | rec=212 | pipe=✅
[21:39:56.601] Pipe ricevuto: PING
[21:39:57.552] 💓 up=3270s | cb=40876 audio=3270.1s partials=1338 | rec=212 | pipe=✅
[21:39:59.960]   🎯 [partial] RECOGNIZED:0.85:ingegnere
[21:40:00.841]   ... "situazione"
[21:40:00.841]   🎯 [partial] RECOGNIZED:0.85:situazione
[21:40:06.606] Pipe ricevuto: PING
[21:40:07.552] 💓 up=3280s | cb=41001 audio=3280.1s partials=1340 | rec=214 | pipe=✅
[21:40:16.603] Pipe ricevuto: PING
[21:40:17.553] 💓 up=3290s | cb=41126 audio=3290.1s partials=1340 | rec=214 | pipe=✅
[21:40:26.602] Pipe ricevuto: PING
[21:40:27.553] 💓 up=3300s | cb=41251 audio=3300.1s partials=1340 | rec=214 | pipe=✅
[21:40:36.601] Pipe ricevuto: PING
[21:40:37.554] 💓 up=3310s | cb=41376 audio=3310.1s partials=1340 | rec=214 | pipe=✅
[21:40:46.598] Pipe ricevuto: PING
[21:40:47.554] 💓 up=3320s | cb=41501 audio=3320.1s partials=1340 | rec=214 | pipe=✅
[21:40:56.606] Pipe ricevuto: PING
[21:40:57.554] 💓 up=3330s | cb=41626 audio=3330.1s partials=1340 | rec=214 | pipe=✅
[21:41:06.595] Pipe ricevuto: PING
[21:41:07.555] 💓 up=3340s | cb=41751 audio=3340.1s partials=1340 | rec=214 | pipe=✅
[21:41:08.680]   ⏳ Pending: "gap" (attendo variante lunga, 800ms)
[21:41:09.160]   ↑ Upgrade: "gap" → "gap leader"
[21:41:09.161]   🎯 [partial+upgrade] RECOGNIZED:0.85:gap leader
[21:41:09.717]   ... "leader"
[21:41:10.281]   📝 Finale: "leader"
[21:41:10.760]   🎯 [partial] RECOGNIZED:0.85:ingegnere
[21:41:11.317]   ... "fare pit"
[21:41:11.640]   ⏳ Pending: "gap" (attendo variante lunga, 800ms)
[21:41:11.881]   ↑ Upgrade: "gap" → "gap davanti"
[21:41:11.881]   🎯 [partial+upgrade] RECOGNIZED:0.85:gap davanti
[21:41:16.605] Pipe ricevuto: PING
[21:41:17.555] 💓 up=3350s | cb=41876 audio=3350.1s partials=1367 | rec=217 | pipe=✅
[21:41:26.603] Pipe ricevuto: PING
[21:41:27.556] 💓 up=3360s | cb=42001 audio=3360.1s partials=1367 | rec=217 | pipe=✅
[21:41:36.602] Pipe ricevuto: PING
[21:41:37.556] 💓 up=3370s | cb=42126 audio=3370.1s partials=1367 | rec=217 | pipe=✅
[21:41:46.600] Pipe ricevuto: PING
[21:41:47.556] 💓 up=3380s | cb=42251 audio=3380.1s partials=1367 | rec=217 | pipe=✅
[21:41:56.600] Pipe ricevuto: PING
[21:41:57.557] 💓 up=3390s | cb=42377 audio=3390.2s partials=1367 | rec=217 | pipe=✅
[21:42:06.197]   ... "manca"
[21:42:06.596] Pipe ricevuto: PING
[21:42:07.557] 💓 up=3400s | cb=42502 audio=3400.2s partials=1370 | rec=217 | pipe=✅
[21:42:16.605] Pipe ricevuto: PING
[21:42:17.558] 💓 up=3410s | cb=42627 audio=3410.2s partials=1370 | rec=217 | pipe=✅
[21:42:26.603] Pipe ricevuto: PING
[21:42:27.558] 💓 up=3420s | cb=42752 audio=3420.2s partials=1370 | rec=217 | pipe=✅
[21:42:36.602] Pipe ricevuto: PING
[21:42:37.559] 💓 up=3430s | cb=42877 audio=3430.2s partials=1370 | rec=217 | pipe=✅
[21:42:46.599] Pipe ricevuto: PING
[21:42:47.559] 💓 up=3440s | cb=43002 audio=3440.2s partials=1370 | rec=217 | pipe=✅
[21:42:56.599] Pipe ricevuto: PING
[21:42:57.560] 💓 up=3450s | cb=43127 audio=3450.2s partials=1370 | rec=217 | pipe=✅
[21:43:06.596] Pipe ricevuto: PING
[21:43:07.560] 💓 up=3460s | cb=43252 audio=3460.2s partials=1370 | rec=217 | pipe=✅
[21:43:16.605] Pipe ricevuto: PING
[21:43:17.561] 💓 up=3470s | cb=43377 audio=3470.2s partials=1370 | rec=217 | pipe=✅
[21:43:26.605] Pipe ricevuto: PING
[21:43:27.562] 💓 up=3480s | cb=43502 audio=3480.2s partials=1370 | rec=217 | pipe=✅
[21:43:36.604] Pipe ricevuto: PING
[21:43:37.562] 💓 up=3490s | cb=43627 audio=3490.2s partials=1370 | rec=217 | pipe=✅
[21:43:46.602] Pipe ricevuto: PING
[21:43:47.563] 💓 up=3500s | cb=43752 audio=3500.2s partials=1370 | rec=217 | pipe=✅
[21:43:56.600] Pipe ricevuto: PING
[21:43:57.563] 💓 up=3510s | cb=43877 audio=3510.2s partials=1370 | rec=217 | pipe=✅
[21:44:06.598] Pipe ricevuto: PING
[21:44:07.564] 💓 up=3520s | cb=44002 audio=3520.2s partials=1370 | rec=217 | pipe=✅
[21:44:16.597] Pipe ricevuto: PING
[21:44:17.564] 💓 up=3530s | cb=44127 audio=3530.2s partials=1370 | rec=217 | pipe=✅
[21:44:26.597] Pipe ricevuto: PING
[21:44:27.564] 💓 up=3540s | cb=44252 audio=3540.2s partials=1370 | rec=217 | pipe=✅
[21:44:36.596] Pipe ricevuto: PING
[21:44:37.565] 💓 up=3550s | cb=44377 audio=3550.2s partials=1370 | rec=217 | pipe=✅
[21:44:46.604] Pipe ricevuto: PING
[21:44:47.566] 💓 up=3560s | cb=44502 audio=3560.2s partials=1370 | rec=217 | pipe=✅
[21:44:56.604] Pipe ricevuto: PING
[21:44:57.566] 💓 up=3570s | cb=44627 audio=3570.2s partials=1370 | rec=217 | pipe=✅
[21:45:06.603] Pipe ricevuto: PING
[21:45:07.567] 💓 up=3580s | cb=44752 audio=3580.2s partials=1370 | rec=217 | pipe=✅
[21:45:16.603] Pipe ricevuto: PING
[21:45:17.567] 💓 up=3590s | cb=44877 audio=3590.2s partials=1370 | rec=217 | pipe=✅
[21:45:26.602] Pipe ricevuto: PING
[21:45:27.568] 💓 up=3600s | cb=45002 audio=3600.2s partials=1370 | rec=217 | pipe=✅
[21:45:36.599] Pipe ricevuto: PING
[21:45:37.568] 💓 up=3610s | cb=45127 audio=3610.2s partials=1370 | rec=217 | pipe=✅
[21:45:46.598] Pipe ricevuto: PING
[21:45:47.569] 💓 up=3620s | cb=45252 audio=3620.2s partials=1370 | rec=217 | pipe=✅
[21:45:56.599] Pipe ricevuto: PING
[21:45:57.569] 💓 up=3630s | cb=45377 audio=3630.2s partials=1370 | rec=217 | pipe=✅
[21:46:06.598] Pipe ricevuto: PING
[21:46:07.569] 💓 up=3640s | cb=45502 audio=3640.2s partials=1370 | rec=217 | pipe=✅
[21:46:16.597] Pipe ricevuto: PING
[21:46:17.570] 💓 up=3650s | cb=45627 audio=3650.2s partials=1370 | rec=217 | pipe=✅
[21:46:26.597] Pipe ricevuto: PING
[21:46:27.570] 💓 up=3660s | cb=45752 audio=3660.2s partials=1370 | rec=217 | pipe=✅
[21:46:36.606] Pipe ricevuto: PING
[21:46:37.570] 💓 up=3670s | cb=45877 audio=3670.2s partials=1370 | rec=217 | pipe=✅
[21:46:46.600] Pipe ricevuto: PING
[21:46:47.571] 💓 up=3680s | cb=46002 audio=3680.2s partials=1370 | rec=217 | pipe=✅
[21:46:56.598] Pipe ricevuto: PING
[21:46:57.571] 💓 up=3690s | cb=46127 audio=3690.2s partials=1370 | rec=217 | pipe=✅
[21:47:06.596] Pipe ricevuto: PING
[21:47:07.572] 💓 up=3700s | cb=46252 audio=3700.2s partials=1370 | rec=217 | pipe=✅
[21:47:16.601] Pipe ricevuto: PING
[21:47:17.572] 💓 up=3710s | cb=46377 audio=3710.2s partials=1370 | rec=217 | pipe=✅
[21:47:26.596] Pipe ricevuto: PING
[21:47:27.573] 💓 up=3720s | cb=46502 audio=3720.2s partials=1370 | rec=217 | pipe=✅
[21:47:36.595] Pipe ricevuto: PING
[21:47:37.573] 💓 up=3730s | cb=46627 audio=3730.2s partials=1370 | rec=217 | pipe=✅
[21:47:46.604] Pipe ricevuto: PING
[21:47:47.574] 💓 up=3740s | cb=46752 audio=3740.2s partials=1370 | rec=217 | pipe=✅
[21:47:50.680]   ⏳ Pending: "pressioni" (attendo variante lunga, 800ms)
[21:47:51.534]   ⏰ Pending timeout: "pressioni" (859ms)
[21:47:51.534]   🎯 [partial+timeout] RECOGNIZED:0.85:pressioni
[21:47:52.120]   🎯 [partial] RECOGNIZED:0.85:ingegnere
[21:47:52.522]   ... "meteo"
[21:47:52.523]   🎯 [partial] RECOGNIZED:0.85:meteo
[21:47:53.400]   🎯 [partial] RECOGNIZED:0.85:dietro
[21:47:56.603] Pipe ricevuto: PING
[21:47:57.575] 💓 up=3750s | cb=46877 audio=3750.2s partials=1384 | rec=221 | pipe=✅
[21:48:06.520]   🎯 [partial] RECOGNIZED:0.85:situazione
[21:48:06.602] Pipe ricevuto: PING
[21:48:07.477]   ... "tutto"
[21:48:07.575] 💓 up=3760s | cb=47002 audio=3760.2s partials=1391 | rec=222 | pipe=✅
[21:48:08.120]   📝 Finale: "tutto"
[21:48:09.237]   ... "messo"
[21:48:11.480]   ⏳ Pending: "media" (attendo variante lunga, 800ms)
[21:48:11.720]   ... "manca media"
[21:48:12.332]   ⏰ Pending timeout: "media" (859ms)
[21:48:12.332]   🎯 [partial+timeout] RECOGNIZED:0.85:media
[21:48:13.640]   📝 Finale: "messo"
[21:48:14.197]   ... "sono"
[21:48:14.997]   ... "come mio"
[21:48:15.080]   🎯 [partial] RECOGNIZED:0.85:fuel
[21:48:16.599] Pipe ricevuto: PING
[21:48:16.680]   📝 Finale: "passo"
[21:48:16.681]   🎯 [final] RECOGNIZED:0.85:passo
[21:48:17.576] 💓 up=3770s | cb=47127 audio=3770.2s partials=1431 | rec=225 | pipe=✅
[21:48:20.440]   🎯 [partial] RECOGNIZED:0.85:posizione
[21:48:26.596] Pipe ricevuto: PING
[21:48:27.576] 💓 up=3780s | cb=47252 audio=3780.2s partials=1432 | rec=226 | pipe=✅
[21:48:29.480]   🎯 [partial] RECOGNIZED:0.85:gomme
[21:48:33.722]   🎯 [partial] RECOGNIZED:0.85:benzina
[21:48:36.604] Pipe ricevuto: PING
[21:48:37.577] 💓 up=3790s | cb=47377 audio=3790.2s partials=1434 | rec=228 | pipe=✅
[21:48:42.677]   ... "sono"
[21:48:42.761]   📝 Finale: "sono"
[21:48:46.603] Pipe ricevuto: PING
[21:48:47.578] 💓 up=3800s | cb=47502 audio=3800.2s partials=1440 | rec=228 | pipe=✅
[21:48:56.602] Pipe ricevuto: PING
[21:48:57.578] 💓 up=3810s | cb=47627 audio=3810.2s partials=1440 | rec=228 | pipe=✅
[21:49:06.599] Pipe ricevuto: PING
[21:49:07.579] 💓 up=3820s | cb=47752 audio=3820.2s partials=1440 | rec=228 | pipe=✅
[21:49:16.597] Pipe ricevuto: PING
[21:49:17.579] 💓 up=3830s | cb=47877 audio=3830.2s partials=1440 | rec=228 | pipe=✅
[21:49:26.604] Pipe ricevuto: PING
[21:49:27.580] 💓 up=3840s | cb=48002 audio=3840.2s partials=1440 | rec=228 | pipe=✅
[21:49:36.604] Pipe ricevuto: PING
[21:49:37.580] 💓 up=3850s | cb=48127 audio=3850.2s partials=1440 | rec=228 | pipe=✅
[21:49:46.603] Pipe ricevuto: PING
[21:49:47.581] 💓 up=3860s | cb=48252 audio=3860.2s partials=1440 | rec=228 | pipe=✅
[21:49:56.604] Pipe ricevuto: PING
[21:49:57.582] 💓 up=3870s | cb=48377 audio=3870.2s partials=1440 | rec=228 | pipe=✅
[21:50:06.604] Pipe ricevuto: PING
[21:50:07.582] 💓 up=3880s | cb=48502 audio=3880.2s partials=1440 | rec=228 | pipe=✅
[21:50:16.602] Pipe ricevuto: PING
[21:50:17.583] 💓 up=3890s | cb=48627 audio=3890.2s partials=1440 | rec=228 | pipe=✅
[21:50:26.601] Pipe ricevuto: PING
[21:50:27.584] 💓 up=3900s | cb=48752 audio=3900.2s partials=1440 | rec=228 | pipe=✅
[21:50:36.602] Pipe ricevuto: PING
[21:50:37.584] 💓 up=3910s | cb=48877 audio=3910.2s partials=1440 | rec=228 | pipe=✅
[21:50:46.603] Pipe ricevuto: PING
[21:50:47.585] 💓 up=3920s | cb=49002 audio=3920.2s partials=1440 | rec=228 | pipe=✅
[21:50:55.240]   🎯 [partial] RECOGNIZED:0.85:meteo
[21:50:56.602] Pipe ricevuto: PING
[21:50:57.585] 💓 up=3930s | cb=49127 audio=3930.2s partials=1441 | rec=229 | pipe=✅
[21:51:06.601] Pipe ricevuto: PING
[21:51:07.586] 💓 up=3940s | cb=49252 audio=3940.2s partials=1441 | rec=229 | pipe=✅
[21:51:10.280]   🎯 [partial] RECOGNIZED:0.85:situazione
[21:51:16.598] Pipe ricevuto: PING
[21:51:17.586] 💓 up=3950s | cb=49377 audio=3950.2s partials=1442 | rec=230 | pipe=✅
[21:51:18.840]   🎯 [partial] RECOGNIZED:0.85:carburante
[21:51:20.441]   🎯 [partial] RECOGNIZED:0.85:report
[21:51:20.842]   🎯 [partial] RECOGNIZED:0.85:dietro
[21:51:21.317]   ... "devo fare"
[21:51:26.597] Pipe ricevuto: PING
[21:51:26.677]   ... "sono manca al"
[21:51:27.001]   📝 Finale: "sono manca"
[21:51:27.587] 💓 up=3960s | cb=49502 audio=3960.2s partials=1463 | rec=233 | pipe=✅
[21:51:30.840]   🎯 [partial] RECOGNIZED:0.85:tempi
[21:51:36.598] Pipe ricevuto: PING
[21:51:37.587] 💓 up=3970s | cb=49627 audio=3970.2s partials=1464 | rec=234 | pipe=✅
[21:51:44.443]   📝 Finale: "sono"
[21:51:44.680]   🎯 [partial] RECOGNIZED:0.85:davanti
[21:51:45.397]   ... "stato"
[21:51:46.040]   📝 Finale: "stop"
[21:51:46.600] Pipe ricevuto: PING
[21:51:47.588] 💓 up=3980s | cb=49752 audio=3980.2s partials=1474 | rec=235 | pipe=✅
[21:51:50.517]   ... "vado"
[21:51:51.322]   🎯 [partial] RECOGNIZED:0.85:pit stop
[21:51:52.357]   ... "devo"
[21:51:52.441]   🎯 [partial] RECOGNIZED:0.85:davanti
[21:51:53.320]   🎯 [partial] RECOGNIZED:0.85:tempi
[21:51:53.722]   🎯 [partial] RECOGNIZED:0.85:benzina
[21:51:56.601] Pipe ricevuto: PING
[21:51:57.589] 💓 up=3990s | cb=49877 audio=3990.2s partials=1493 | rec=239 | pipe=✅
[21:52:05.643]   📝 Finale: "stop"
[21:52:06.120]   🎯 [partial] RECOGNIZED:0.85:davanti
[21:52:06.610] Pipe ricevuto: PING
[21:52:06.677]   ... "davanti"
[21:52:07.589] 💓 up=4000s | cb=50002 audio=4000.2s partials=1506 | rec=240 | pipe=✅
[21:52:08.202]   📝 Finale: "primo"
[21:52:16.361]   ... "leader"
[21:52:16.597] Pipe ricevuto: PING
[21:52:16.600]   🎯 [partial] RECOGNIZED:0.85:meteo
[21:52:17.590] 💓 up=4010s | cb=50127 audio=4010.2s partials=1519 | rec=241 | pipe=✅
[21:52:19.401]   📝 Finale: "stop"
[21:52:26.597] Pipe ricevuto: PING
[21:52:27.590] 💓 up=4020s | cb=50252 audio=4020.2s partials=1519 | rec=241 | pipe=✅
[21:52:36.606] Pipe ricevuto: PING
[21:52:37.591] 💓 up=4030s | cb=50377 audio=4030.2s partials=1519 | rec=241 | pipe=✅
[21:52:46.597] Pipe ricevuto: PING
[21:52:47.591] 💓 up=4040s | cb=50502 audio=4040.2s partials=1519 | rec=241 | pipe=✅
[21:52:51.801]   ... "dal"
[21:52:52.598]   ... "dal vado"
[21:52:52.761]   📝 Finale: "dal vado"
[21:52:53.000]   🎯 [partial] RECOGNIZED:0.85:carburante
[21:52:54.360]   📝 Finale: "stop"
[21:52:54.917]   ... "messo"
[21:52:55.321]   📝 Finale: "messo"
[21:52:56.197]   ... "stop"
[21:52:56.281]   📝 Finale: "stop"
[21:52:56.605] Pipe ricevuto: PING
[21:52:57.592] 💓 up=4050s | cb=50627 audio=4050.2s partials=1553 | rec=242 | pipe=✅
[21:53:06.602] Pipe ricevuto: PING
[21:53:07.592] 💓 up=4060s | cb=50752 audio=4060.2s partials=1553 | rec=242 | pipe=✅
[21:53:16.601] Pipe ricevuto: PING
[21:53:17.593] 💓 up=4070s | cb=50877 audio=4070.2s partials=1553 | rec=242 | pipe=✅
[21:53:20.281]   ... "vado tempi"
[21:53:20.282]   🎯 [partial] RECOGNIZED:0.85:tempi
[21:53:21.641]   📝 Finale: "sono"
[21:53:24.522]   🎯 [partial] RECOGNIZED:0.85:passo
[21:53:26.601] Pipe ricevuto: PING
[21:53:27.594] 💓 up=4080s | cb=51002 audio=4080.2s partials=1564 | rec=244 | pipe=✅
[21:53:36.598] Pipe ricevuto: PING
[21:53:37.594] 💓 up=4090s | cb=51127 audio=4090.2s partials=1564 | rec=244 | pipe=✅
[21:53:37.640]   ⏳ Pending: "distacco" (attendo variante lunga, 800ms)
[21:53:38.488]   ⏰ Pending timeout: "distacco" (860ms)
[21:53:38.488]   🎯 [partial+timeout] RECOGNIZED:0.85:distacco
[21:53:39.080]   ... "stop"
[21:53:40.760]   📝 Finale: "stop quanta"
[21:53:46.605] Pipe ricevuto: PING
[21:53:47.594] 💓 up=4100s | cb=51252 audio=4100.2s partials=1572 | rec=245 | pipe=✅
[21:53:53.480]   ⏳ Pending: "media" (attendo variante lunga, 800ms)
[21:53:54.037]   ... "media"
[21:53:54.332]   ⏰ Pending timeout: "media" (859ms)
[21:53:54.332]   🎯 [partial+timeout] RECOGNIZED:0.85:media
[21:53:56.600] Pipe ricevuto: PING
[21:53:57.080]   ... "messo"
[21:53:57.320]   📝 Finale: "messo"
[21:53:57.595] 💓 up=4110s | cb=51377 audio=4110.2s partials=1592 | rec=246 | pipe=✅
[21:53:59.001]   📝 Finale: "stop"
[21:53:59.557]   ... "giri"
[21:54:00.200]   ⏳ Pending: "distacco" (attendo variante lunga, 800ms)
[21:54:00.357]   ... "giri distacco"
[21:54:00.442]   📝 Finale: "giri"
[21:54:01.048]   ⏰ Pending timeout: "distacco" (859ms)
[21:54:01.048]   🎯 [partial+timeout] RECOGNIZED:0.85:distacco
[21:54:02.841]   ... "fare pit"
[21:54:03.082]   📝 Finale: "fare"
[21:54:06.604] Pipe ricevuto: PING
[21:54:07.595] 💓 up=4120s | cb=51502 audio=4120.2s partials=1622 | rec=247 | pipe=✅
[21:54:09.560]   🎯 [partial] RECOGNIZED:0.85:situazione
[21:54:11.641]   ... "sono come"
[21:54:12.120]   🎯 [partial] RECOGNIZED:0.85:dietro
[21:54:16.602] Pipe ricevuto: PING
[21:54:17.596] 💓 up=4130s | cb=51627 audio=4130.2s partials=1636 | rec=249 | pipe=✅
[21:54:26.201]   ... "leader"
[21:54:26.600] Pipe ricevuto: PING
[21:54:26.680]   📝 Finale: "leader"
[21:54:27.596] 💓 up=4140s | cb=51752 audio=4140.2s partials=1648 | rec=249 | pipe=✅
[21:54:29.080]   📝 Finale: "stop"
[21:54:34.677]   ... "vado"
[21:54:35.320]   🎯 [partial] RECOGNIZED:0.85:tempi
[21:54:36.599] Pipe ricevuto: PING
[21:54:37.597] 💓 up=4150s | cb=51877 audio=4150.2s partials=1658 | rec=250 | pipe=✅
[21:54:38.677]   ... "ho"
[21:54:39.477]   ... "ho"
[21:54:39.801]   📝 Finale: "ho"
[21:54:41.240]   🎯 [partial] RECOGNIZED:0.85:classifica
[21:54:46.605] Pipe ricevuto: PING
[21:54:47.597] 💓 up=4160s | cb=52002 audio=4160.2s partials=1674 | rec=251 | pipe=✅
[21:54:56.600] Pipe ricevuto: PING
[21:54:57.598] 💓 up=4170s | cb=52127 audio=4170.2s partials=1677 | rec=251 | pipe=✅
[21:54:58.357]   ... "sono"
[21:54:58.680]   🎯 [partial] RECOGNIZED:0.85:classifica
[21:55:00.040]   🎯 [partial] RECOGNIZED:0.85:situazione
[21:55:03.560]   ⏳ Pending: "pressioni" (attendo variante lunga, 800ms)
[21:55:03.878]   ... "messo"
[21:55:04.407]   ⏰ Pending timeout: "pressioni" (859ms)
[21:55:04.407]   🎯 [partial+timeout] RECOGNIZED:0.85:pressioni
[21:55:06.595] Pipe ricevuto: PING
[21:55:07.599] 💓 up=4180s | cb=52252 audio=4180.2s partials=1696 | rec=254 | pipe=✅
[21:55:16.600] Pipe ricevuto: PING
[21:55:17.599] 💓 up=4190s | cb=52377 audio=4190.2s partials=1696 | rec=254 | pipe=✅
[21:55:26.604] Pipe ricevuto: PING
[21:55:27.600] 💓 up=4200s | cb=52502 audio=4200.2s partials=1696 | rec=254 | pipe=✅
[21:55:28.280]   ⏳ Pending: "media" (attendo variante lunga, 800ms)
[21:55:29.127]   ⏰ Pending timeout: "media" (859ms)
[21:55:29.127]   🎯 [partial+timeout] RECOGNIZED:0.85:media
[21:55:30.680]   ... "media"
[21:55:30.681]   ⏳ Pending: "media" (attendo variante lunga, 800ms)
[21:55:31.534]   ⏰ Pending timeout: "media" (859ms)
[21:55:31.534]   🎯 [partial+timeout] RECOGNIZED:0.85:media
[21:55:32.360]   🎯 [partial] RECOGNIZED:0.85:benzina
[21:55:33.557]   ... "fare"
[21:55:33.960]   🎯 [partial] RECOGNIZED:0.85:stato carburante
[21:55:34.840]   ⏳ Pending: "media" (attendo variante lunga, 800ms)
[21:55:35.157]   ... "media manca"
[21:55:35.561]   📝 Finale: "media"
[21:55:35.561]   🎯 [final] RECOGNIZED:0.85:media
[21:55:36.440]   🎯 [partial] RECOGNIZED:0.85:benzina
[21:55:36.599] Pipe ricevuto: PING
[21:55:37.600] 💓 up=4210s | cb=52627 audio=4210.2s partials=1722 | rec=260 | pipe=✅
[21:55:38.760]   🎯 [partial] RECOGNIZED:0.85:pit stop
[21:55:39.162]   🎯 [partial] RECOGNIZED:0.85:report
[21:55:42.683]   🎯 [partial] RECOGNIZED:0.85:autonomia
[21:55:44.040]   🎯 [partial] RECOGNIZED:0.85:strategia
[21:55:45.640]   ... "sono"
[21:55:45.881]   📝 Finale: "sono"
[21:55:46.601] Pipe ricevuto: PING
[21:55:46.841]   🎯 [partial] RECOGNIZED:0.85:carburante
[21:55:47.601] 💓 up=4220s | cb=52752 audio=4220.2s partials=1739 | rec=265 | pipe=✅
[21:55:48.440]   ... "vado"
[21:55:49.161]   📝 Finale: "vado"
[21:55:56.603] Pipe ricevuto: PING
[21:55:57.601] 💓 up=4230s | cb=52877 audio=4230.2s partials=1748 | rec=265 | pipe=✅
[21:56:06.601] Pipe ricevuto: PING
[21:56:07.602] 💓 up=4240s | cb=53002 audio=4240.2s partials=1748 | rec=265 | pipe=✅
[21:56:16.596] Pipe ricevuto: PING
[21:56:17.602] 💓 up=4250s | cb=53127 audio=4250.2s partials=1748 | rec=265 | pipe=✅
[21:56:26.595] Pipe ricevuto: PING
[21:56:27.603] 💓 up=4260s | cb=53252 audio=4260.2s partials=1748 | rec=265 | pipe=✅
[21:56:36.595] Pipe ricevuto: PING
[21:56:37.603] 💓 up=4270s | cb=53377 audio=4270.2s partials=1748 | rec=265 | pipe=✅
[21:56:46.596] Pipe ricevuto: PING
[21:56:47.604] 💓 up=4280s | cb=53502 audio=4280.2s partials=1748 | rec=265 | pipe=✅
[21:56:56.597] Pipe ricevuto: PING
[21:56:57.604] 💓 up=4290s | cb=53627 audio=4290.2s partials=1748 | rec=265 | pipe=✅
[21:57:06.598] Pipe ricevuto: PING
[21:57:07.605] 💓 up=4300s | cb=53752 audio=4300.2s partials=1748 | rec=265 | pipe=✅
[21:57:16.601] Pipe ricevuto: PING
[21:57:17.606] 💓 up=4310s | cb=53877 audio=4310.2s partials=1748 | rec=265 | pipe=✅
[21:57:26.595] Pipe ricevuto: PING
[21:57:27.606] 💓 up=4320s | cb=54002 audio=4320.2s partials=1748 | rec=265 | pipe=✅
[21:57:32.120]   🎯 [partial] RECOGNIZED:0.85:dietro
[21:57:36.603] Pipe ricevuto: PING
[21:57:37.606] 💓 up=4330s | cb=54127 audio=4330.2s partials=1749 | rec=266 | pipe=✅
[21:57:46.600] Pipe ricevuto: PING
[21:57:46.680]   ... "come"
[21:57:47.477]   ... "come"
[21:57:47.607] 💓 up=4340s | cb=54252 audio=4340.2s partials=1761 | rec=266 | pipe=✅
[21:57:47.640]   📝 Finale: "come"
[21:57:50.917]   ... "sono"
[21:57:51.000]   🎯 [partial] RECOGNIZED:0.85:tempi
[21:57:52.841]   ⏳ Pending: "pressioni" (attendo variante lunga, 800ms)
[21:57:53.688]   ⏰ Pending timeout: "pressioni" (860ms)
[21:57:53.688]   🎯 [partial+timeout] RECOGNIZED:0.85:pressioni
[21:57:54.761]   ... "devo fare"
[21:57:55.480]   📝 Finale: "devo"
[21:57:56.600] Pipe ricevuto: PING
[21:57:57.607] 💓 up=4350s | cb=54377 audio=4350.2s partials=1788 | rec=268 | pipe=✅
[21:58:06.597] Pipe ricevuto: PING
[21:58:07.608] 💓 up=4360s | cb=54502 audio=4360.2s partials=1788 | rec=268 | pipe=✅
[21:58:09.880]   🎯 [partial] RECOGNIZED:0.85:situazione
[21:58:13.640]   ... "messo"
[21:58:13.881]   🎯 [partial] RECOGNIZED:0.85:situazione
[21:58:15.240]   📝 Finale: "sono"
[21:58:16.598] Pipe ricevuto: PING
[21:58:17.608] 💓 up=4370s | cb=54627 audio=4370.2s partials=1799 | rec=270 | pipe=✅
[21:58:26.280]   ... "benzina"
[21:58:26.280]   🎯 [partial] RECOGNIZED:0.85:benzina
[21:58:26.597] Pipe ricevuto: PING
[21:58:27.609] 💓 up=4380s | cb=54752 audio=4380.2s partials=1806 | rec=271 | pipe=✅
[21:58:27.640]   📝 Finale: "manca"
[21:58:29.560]   ... "distacco"
[21:58:29.561]   ⏳ Pending: "distacco" (attendo variante lunga, 800ms)
[21:58:30.280]   🎯 [partial] RECOGNIZED:0.85:davanti
[21:58:31.640]   ... "quello"
[21:58:34.040]   📝 Finale: "leader dal"
[21:58:36.602] Pipe ricevuto: PING
[21:58:37.610] 💓 up=4390s | cb=54877 audio=4390.2s partials=1825 | rec=272 | pipe=✅
[21:58:40.597]   ... "stop"
[21:58:42.200]   📝 Finale: "stop"
[21:58:43.880]   🎯 [partial] RECOGNIZED:0.85:meteo
[21:58:44.282]   🎯 [partial] RECOGNIZED:0.85:posizione
[21:58:46.599] Pipe ricevuto: PING
[21:58:47.561]   🎯 [partial] RECOGNIZED:0.85:davanti
[21:58:47.610] 💓 up=4400s | cb=55002 audio=4400.2s partials=1837 | rec=275 | pipe=✅
[21:58:56.360]   ⏳ Pending: "pressioni" (attendo variante lunga, 800ms)
[21:58:56.517]   ... "pressioni"
[21:58:56.600] Pipe ricevuto: PING
[21:58:56.600]   ↑ Upgrade: "pressioni" → "classifica"
[21:58:56.600]   🎯 [partial+upgrade] RECOGNIZED:0.85:classifica
[21:58:57.610] 💓 up=4410s | cb=55127 audio=4410.2s partials=1841 | rec=276 | pipe=✅
[21:59:06.604] Pipe ricevuto: PING
[21:59:07.611] 💓 up=4420s | cb=55252 audio=4420.2s partials=1841 | rec=276 | pipe=✅
[21:59:15.240]   🎯 [partial] RECOGNIZED:0.85:gomme
[21:59:16.602] Pipe ricevuto: PING
[21:59:16.840]   ⏳ Pending: "gap" (attendo variante lunga, 800ms)
[21:59:16.917]   ... "gap"
[21:59:17.611] 💓 up=4430s | cb=55377 audio=4430.2s partials=1858 | rec=277 | pipe=✅
[21:59:17.691]   ⏰ Pending timeout: "gap" (860ms)
[21:59:17.692]   🎯 [partial+timeout] RECOGNIZED:0.85:gap
[21:59:26.602] Pipe ricevuto: PING
[21:59:27.401]   ... "leader"
[21:59:27.612] 💓 up=4440s | cb=55502 audio=4440.2s partials=1862 | rec=278 | pipe=✅
[21:59:28.197]   ... "sono devo fare"
[21:59:28.843]   📝 Finale: "sono report"
[21:59:28.843]   🎯 [final] RECOGNIZED:0.85:report
[21:59:32.997]   ... "dove"
[21:59:34.520]   ... "dal"
[21:59:34.761]   📝 Finale: "dal"
[21:59:36.603] Pipe ricevuto: PING
[21:59:37.612] 💓 up=4450s | cb=55627 audio=4450.2s partials=1892 | rec=279 | pipe=✅
[21:59:41.722]   📝 Finale: "sono"
[21:59:46.597] Pipe ricevuto: PING
[21:59:47.613] 💓 up=4460s | cb=55752 audio=4460.2s partials=1895 | rec=279 | pipe=✅
[21:59:56.597] Pipe ricevuto: PING
[21:59:57.614] 💓 up=4470s | cb=55877 audio=4470.2s partials=1895 | rec=279 | pipe=✅
[22:00:06.598] Pipe ricevuto: PING
[22:00:07.614] 💓 up=4480s | cb=56002 audio=4480.2s partials=1895 | rec=279 | pipe=✅
[22:00:16.596] Pipe ricevuto: PING
[22:00:17.615] 💓 up=4490s | cb=56127 audio=4490.2s partials=1895 | rec=279 | pipe=✅
[22:00:26.602] Pipe ricevuto: PING
[22:00:27.615] 💓 up=4500s | cb=56252 audio=4500.2s partials=1895 | rec=279 | pipe=✅
[22:00:36.600] Pipe ricevuto: PING
[22:00:37.616] 💓 up=4510s | cb=56377 audio=4510.2s partials=1895 | rec=279 | pipe=✅
[22:00:46.605] Pipe ricevuto: PING
[22:00:47.617] 💓 up=4520s | cb=56502 audio=4520.2s partials=1895 | rec=279 | pipe=✅
[22:00:56.595] Pipe ricevuto: PING
[22:00:57.618] 💓 up=4530s | cb=56627 audio=4530.2s partials=1895 | rec=279 | pipe=✅
[22:01:06.599] Pipe ricevuto: PING
[22:01:07.618] 💓 up=4540s | cb=56752 audio=4540.2s partials=1895 | rec=279 | pipe=✅
[22:01:16.601] Pipe ricevuto: PING
[22:01:17.619] 💓 up=4550s | cb=56877 audio=4550.2s partials=1895 | rec=279 | pipe=✅
[22:01:26.600] Pipe ricevuto: PING
[22:01:27.619] 💓 up=4560s | cb=57002 audio=4560.2s partials=1895 | rec=279 | pipe=✅
[22:01:34.521]   🎯 [partial] RECOGNIZED:0.85:ingegnere
[22:01:35.400]   ... "davanti"
[22:01:35.400]   🎯 [partial] RECOGNIZED:0.85:davanti
[22:01:36.604] Pipe ricevuto: PING
[22:01:37.620] 💓 up=4570s | cb=57127 audio=4570.2s partials=1900 | rec=281 | pipe=✅
[22:01:46.598] Pipe ricevuto: PING
[22:01:47.621] 💓 up=4580s | cb=57252 audio=4580.2s partials=1900 | rec=281 | pipe=✅
[22:01:56.605] Pipe ricevuto: PING
[22:01:57.621] 💓 up=4590s | cb=57377 audio=4590.2s partials=1900 | rec=281 | pipe=✅
[22:02:06.602] Pipe ricevuto: PING
[22:02:07.621] 💓 up=4600s | cb=57502 audio=4600.2s partials=1900 | rec=281 | pipe=✅
[22:02:16.595] Pipe ricevuto: PING
[22:02:17.622] 💓 up=4610s | cb=57627 audio=4610.2s partials=1900 | rec=281 | pipe=✅
[22:02:26.599] Pipe ricevuto: PING
[22:02:27.623] 💓 up=4620s | cb=57752 audio=4620.2s partials=1900 | rec=281 | pipe=✅
[22:02:36.601] Pipe ricevuto: PING
[22:02:37.623] 💓 up=4630s | cb=57877 audio=4630.2s partials=1900 | rec=281 | pipe=✅
[22:02:46.602] Pipe ricevuto: PING
[22:02:47.624] 💓 up=4640s | cb=58002 audio=4640.2s partials=1900 | rec=281 | pipe=✅
[22:02:56.595] Pipe ricevuto: PING
[22:02:57.624] 💓 up=4650s | cb=58127 audio=4650.2s partials=1900 | rec=281 | pipe=✅
[22:03:06.597] Pipe ricevuto: PING
[22:03:07.625] 💓 up=4660s | cb=58252 audio=4660.2s partials=1900 | rec=281 | pipe=✅
[22:03:16.599] Pipe ricevuto: PING
[22:03:17.625] 💓 up=4670s | cb=58377 audio=4670.2s partials=1900 | rec=281 | pipe=✅
[22:03:26.600] Pipe ricevuto: PING
[22:03:27.626] 💓 up=4680s | cb=58502 audio=4680.2s partials=1900 | rec=281 | pipe=✅
[22:03:36.598] Pipe ricevuto: PING
[22:03:37.626] 💓 up=4690s | cb=58627 audio=4690.2s partials=1900 | rec=281 | pipe=✅
[22:03:46.596] Pipe ricevuto: PING
[22:03:47.627] 💓 up=4700s | cb=58752 audio=4700.2s partials=1900 | rec=281 | pipe=✅
[22:03:56.602] Pipe ricevuto: PING
[22:03:57.627] 💓 up=4710s | cb=58877 audio=4710.2s partials=1900 | rec=281 | pipe=✅
[22:04:06.605] Pipe ricevuto: PING
[22:04:07.627] 💓 up=4720s | cb=59002 audio=4720.2s partials=1900 | rec=281 | pipe=✅
[22:04:16.598] Pipe ricevuto: PING
[22:04:17.628] 💓 up=4730s | cb=59127 audio=4730.2s partials=1900 | rec=281 | pipe=✅
[22:04:26.599] Pipe ricevuto: PING
[22:04:27.629] 💓 up=4740s | cb=59252 audio=4740.2s partials=1900 | rec=281 | pipe=✅
[22:04:36.599] Pipe ricevuto: PING
[22:04:37.629] 💓 up=4750s | cb=59377 audio=4750.2s partials=1900 | rec=281 | pipe=✅
[22:04:46.603] Pipe ricevuto: PING
[22:04:47.629] 💓 up=4760s | cb=59502 audio=4760.2s partials=1900 | rec=281 | pipe=✅
[22:04:56.603] Pipe ricevuto: PING
[22:04:57.630] 💓 up=4770s | cb=59627 audio=4770.2s partials=1900 | rec=281 | pipe=✅
[22:05:06.598] Pipe ricevuto: PING
[22:05:07.631] 💓 up=4780s | cb=59752 audio=4780.2s partials=1900 | rec=281 | pipe=✅
[22:05:16.598] Pipe ricevuto: PING
[22:05:17.631] 💓 up=4790s | cb=59877 audio=4790.2s partials=1900 | rec=281 | pipe=✅
[22:05:26.605] Pipe ricevuto: PING
[22:05:27.632] 💓 up=4800s | cb=60002 audio=4800.2s partials=1900 | rec=281 | pipe=✅
[22:05:36.600] Pipe ricevuto: PING
[22:05:37.633] 💓 up=4810s | cb=60127 audio=4810.2s partials=1900 | rec=281 | pipe=✅
[22:05:46.603] Pipe ricevuto: PING
[22:05:47.633] 💓 up=4820s | cb=60252 audio=4820.2s partials=1900 | rec=281 | pipe=✅
[22:05:56.596] Pipe ricevuto: PING
[22:05:57.633] 💓 up=4830s | cb=60377 audio=4830.2s partials=1900 | rec=281 | pipe=✅
[22:06:06.596] Pipe ricevuto: PING
[22:06:07.634] 💓 up=4840s | cb=60502 audio=4840.2s partials=1900 | rec=281 | pipe=✅
[22:06:16.597] Pipe ricevuto: PING
[22:06:17.634] 💓 up=4850s | cb=60627 audio=4850.2s partials=1900 | rec=281 | pipe=✅
[22:06:26.598] Pipe ricevuto: PING
[22:06:27.635] 💓 up=4860s | cb=60752 audio=4860.2s partials=1900 | rec=281 | pipe=✅
[22:06:36.604] Pipe ricevuto: PING
[22:06:37.635] 💓 up=4870s | cb=60877 audio=4870.2s partials=1900 | rec=281 | pipe=✅
[22:06:46.599] Pipe ricevuto: PING
[22:06:47.635] 💓 up=4880s | cb=61002 audio=4880.2s partials=1900 | rec=281 | pipe=✅
[22:06:56.601] Pipe ricevuto: PING
[22:06:57.636] 💓 up=4890s | cb=61127 audio=4890.2s partials=1900 | rec=281 | pipe=✅
[22:07:06.602] Pipe ricevuto: PING
[22:07:07.637] 💓 up=4900s | cb=61252 audio=4900.2s partials=1900 | rec=281 | pipe=✅
[22:07:16.601] Pipe ricevuto: PING
[22:07:17.637] 💓 up=4910s | cb=61378 audio=4910.2s partials=1900 | rec=281 | pipe=✅
[22:07:26.606] Pipe ricevuto: PING
[22:07:27.638] 💓 up=4920s | cb=61503 audio=4920.2s partials=1900 | rec=281 | pipe=✅
[22:07:36.602] Pipe ricevuto: PING
[22:07:37.638] 💓 up=4930s | cb=61628 audio=4930.2s partials=1900 | rec=281 | pipe=✅
[22:07:46.599] Pipe ricevuto: PING
[22:07:47.639] 💓 up=4940s | cb=61753 audio=4940.2s partials=1900 | rec=281 | pipe=✅
[22:07:56.603] Pipe ricevuto: PING
[22:07:57.640] 💓 up=4950s | cb=61878 audio=4950.2s partials=1900 | rec=281 | pipe=✅
[22:08:06.596] Pipe ricevuto: PING
[22:08:07.640] 💓 up=4960s | cb=62003 audio=4960.2s partials=1900 | rec=281 | pipe=✅
[22:08:12.280]   ⏳ Pending: "pressioni" (attendo variante lunga, 800ms)
[22:08:13.000]   ... "sono dal"
[22:08:13.127]   ⏰ Pending timeout: "pressioni" (859ms)
[22:08:13.127]   🎯 [partial+timeout] RECOGNIZED:0.85:pressioni
[22:08:16.602] Pipe ricevuto: PING
[22:08:17.640] 💓 up=4970s | cb=62128 audio=4970.2s partials=1911 | rec=282 | pipe=✅
[22:08:26.605] Pipe ricevuto: PING
[22:08:27.641] 💓 up=4980s | cb=62253 audio=4980.2s partials=1911 | rec=282 | pipe=✅
[22:08:36.605] Pipe ricevuto: PING
[22:08:37.641] 💓 up=4990s | cb=62378 audio=4990.2s partials=1911 | rec=282 | pipe=✅
[22:08:46.599] Pipe ricevuto: PING
[22:08:47.642] 💓 up=5000s | cb=62503 audio=5000.2s partials=1911 | rec=282 | pipe=✅
[22:08:56.596] Pipe ricevuto: PING
[22:08:57.643] 💓 up=5010s | cb=62628 audio=5010.2s partials=1911 | rec=282 | pipe=✅
[22:09:06.597] Pipe ricevuto: PING
[22:09:07.643] 💓 up=5020s | cb=62753 audio=5020.2s partials=1911 | rec=282 | pipe=✅
[22:09:16.595] Pipe ricevuto: PING
[22:09:17.644] 💓 up=5030s | cb=62878 audio=5030.2s partials=1911 | rec=282 | pipe=✅
[22:09:26.602] Pipe ricevuto: PING
[22:09:27.644] 💓 up=5040s | cb=63003 audio=5040.2s partials=1911 | rec=282 | pipe=✅
[22:09:36.600] Pipe ricevuto: PING
[22:09:37.645] 💓 up=5050s | cb=63128 audio=5050.2s partials=1911 | rec=282 | pipe=✅
[22:09:46.605] Pipe ricevuto: PING
[22:09:47.645] 💓 up=5060s | cb=63253 audio=5060.2s partials=1911 | rec=282 | pipe=✅
[22:09:56.597] Pipe ricevuto: PING
[22:09:57.646] 💓 up=5070s | cb=63378 audio=5070.2s partials=1911 | rec=282 | pipe=✅
[22:10:06.595] Pipe ricevuto: PING
[22:10:07.646] 💓 up=5080s | cb=63503 audio=5080.2s partials=1911 | rec=282 | pipe=✅
[22:10:16.599] Pipe ricevuto: PING
[22:10:17.647] 💓 up=5090s | cb=63628 audio=5090.2s partials=1911 | rec=282 | pipe=✅
[22:10:26.601] Pipe ricevuto: PING
[22:10:27.648] 💓 up=5100s | cb=63753 audio=5100.2s partials=1911 | rec=282 | pipe=✅
[22:10:36.603] Pipe ricevuto: PING
[22:10:37.648] 💓 up=5110s | cb=63878 audio=5110.2s partials=1911 | rec=282 | pipe=✅
[22:10:46.603] Pipe ricevuto: PING
[22:10:47.649] 💓 up=5120s | cb=64003 audio=5120.2s partials=1911 | rec=282 | pipe=✅
[22:10:56.605] Pipe ricevuto: PING
[22:10:57.649] 💓 up=5130s | cb=64128 audio=5130.2s partials=1911 | rec=282 | pipe=✅
[22:11:06.604] Pipe ricevuto: PING
[22:11:07.650] 💓 up=5140s | cb=64253 audio=5140.2s partials=1911 | rec=282 | pipe=✅
[22:11:16.601] Pipe ricevuto: PING
[22:11:17.650] 💓 up=5150s | cb=64378 audio=5150.2s partials=1911 | rec=282 | pipe=✅
[22:11:26.597] Pipe ricevuto: PING
[22:11:27.650] 💓 up=5160s | cb=64503 audio=5160.2s partials=1911 | rec=282 | pipe=✅
[22:11:36.604] Pipe ricevuto: PING
[22:11:37.651] 💓 up=5170s | cb=64628 audio=5170.2s partials=1911 | rec=282 | pipe=✅
[22:11:46.601] Pipe ricevuto: PING
[22:11:47.651] 💓 up=5180s | cb=64753 audio=5180.2s partials=1911 | rec=282 | pipe=✅
[22:11:56.600] Pipe ricevuto: PING
[22:11:57.652] 💓 up=5190s | cb=64878 audio=5190.2s partials=1911 | rec=282 | pipe=✅
[22:12:06.599] Pipe ricevuto: PING
[22:12:07.652] 💓 up=5200s | cb=65003 audio=5200.2s partials=1911 | rec=282 | pipe=✅
[22:12:16.605] Pipe ricevuto: PING
[22:12:17.653] 💓 up=5210s | cb=65128 audio=5210.2s partials=1911 | rec=282 | pipe=✅
[22:12:26.602] Pipe ricevuto: PING
[22:12:27.653] 💓 up=5220s | cb=65253 audio=5220.2s partials=1911 | rec=282 | pipe=✅
[22:12:36.600] Pipe ricevuto: PING
[22:12:37.653] 💓 up=5230s | cb=65378 audio=5230.2s partials=1911 | rec=282 | pipe=✅
[22:12:46.598] Pipe ricevuto: PING
[22:12:47.654] 💓 up=5240s | cb=65503 audio=5240.2s partials=1911 | rec=282 | pipe=✅
[22:12:56.597] Pipe ricevuto: PING
[22:12:57.654] 💓 up=5250s | cb=65628 audio=5250.2s partials=1911 | rec=282 | pipe=✅
[22:13:06.596] Pipe ricevuto: PING
[22:13:07.655] 💓 up=5260s | cb=65753 audio=5260.2s partials=1911 | rec=282 | pipe=✅
[22:13:16.604] Pipe ricevuto: PING
[22:13:17.656] 💓 up=5270s | cb=65878 audio=5270.2s partials=1911 | rec=282 | pipe=✅
[22:13:26.602] Pipe ricevuto: PING
[22:13:27.656] 💓 up=5280s | cb=66003 audio=5280.2s partials=1911 | rec=282 | pipe=✅
[22:13:36.601] Pipe ricevuto: PING
[22:13:37.657] 💓 up=5290s | cb=66128 audio=5290.2s partials=1911 | rec=282 | pipe=✅
[22:13:46.600] Pipe ricevuto: PING
[22:13:47.658] 💓 up=5300s | cb=66253 audio=5300.2s partials=1911 | rec=282 | pipe=✅
[22:13:56.600] Pipe ricevuto: PING
[22:13:57.658] 💓 up=5310s | cb=66378 audio=5310.2s partials=1911 | rec=282 | pipe=✅
[22:14:06.600] Pipe ricevuto: PING
[22:14:07.658] 💓 up=5320s | cb=66503 audio=5320.2s partials=1911 | rec=282 | pipe=✅
[22:14:13.960]   🎯 [partial] RECOGNIZED:0.85:ingegnere
[22:14:15.081]   🎯 [partial] RECOGNIZED:0.85:situazione
[22:14:16.597] Pipe ricevuto: PING
[22:14:17.659] 💓 up=5330s | cb=66628 audio=5330.2s partials=1913 | rec=284 | pipe=✅
[22:14:26.596] Pipe ricevuto: PING
[22:14:27.660] 💓 up=5340s | cb=66753 audio=5340.2s partials=1913 | rec=284 | pipe=✅
[22:14:36.604] Pipe ricevuto: PING
[22:14:37.660] 💓 up=5350s | cb=66878 audio=5350.2s partials=1913 | rec=284 | pipe=✅
[22:14:46.603] Pipe ricevuto: PING
[22:14:47.660] 💓 up=5360s | cb=67003 audio=5360.2s partials=1913 | rec=284 | pipe=✅
[22:14:56.603] Pipe ricevuto: PING
[22:14:57.661] 💓 up=5370s | cb=67128 audio=5370.2s partials=1913 | rec=284 | pipe=✅
[22:15:06.601] Pipe ricevuto: PING
[22:15:07.661] 💓 up=5380s | cb=67253 audio=5380.2s partials=1913 | rec=284 | pipe=✅
[22:15:11.640]   ... "il mio le gomme"
[22:15:11.641]   🎯 [partial] RECOGNIZED:0.85:gomme
[22:15:12.280]   🎯 [partial] RECOGNIZED:0.85:ingegnere
[22:15:13.640]   ⏳ Pending: "media" (attendo variante lunga, 800ms)
[22:15:14.277]   ... "media"
[22:15:14.488]   ⏰ Pending timeout: "media" (860ms)
[22:15:14.488]   🎯 [partial+timeout] RECOGNIZED:0.85:media
[22:15:16.601] Pipe ricevuto: PING
[22:15:17.662] 💓 up=5390s | cb=67378 audio=5390.2s partials=1932 | rec=287 | pipe=✅
[22:15:26.600] Pipe ricevuto: PING
[22:15:27.662] 💓 up=5400s | cb=67503 audio=5400.2s partials=1932 | rec=287 | pipe=✅
[22:15:36.599] Pipe ricevuto: PING
[22:15:37.663] 💓 up=5410s | cb=67628 audio=5410.2s partials=1932 | rec=287 | pipe=✅
[22:15:46.605] Pipe ricevuto: PING
[22:15:47.664] 💓 up=5420s | cb=67753 audio=5420.2s partials=1932 | rec=287 | pipe=✅
[22:15:56.604] Pipe ricevuto: PING
[22:15:57.664] 💓 up=5430s | cb=67878 audio=5430.2s partials=1932 | rec=287 | pipe=✅
[22:16:06.601] Pipe ricevuto: PING
[22:16:07.665] 💓 up=5440s | cb=68003 audio=5440.2s partials=1932 | rec=287 | pipe=✅
[22:16:16.600] Pipe ricevuto: PING
[22:16:17.665] 💓 up=5450s | cb=68128 audio=5450.2s partials=1932 | rec=287 | pipe=✅
[22:16:26.598] Pipe ricevuto: PING
[22:16:27.666] 💓 up=5460s | cb=68253 audio=5460.2s partials=1932 | rec=287 | pipe=✅
[22:16:36.596] Pipe ricevuto: PING
[22:16:37.666] 💓 up=5470s | cb=68378 audio=5470.2s partials=1932 | rec=287 | pipe=✅
[22:16:46.604] Pipe ricevuto: PING
[22:16:47.667] 💓 up=5480s | cb=68503 audio=5480.2s partials=1932 | rec=287 | pipe=✅
[22:16:56.604] Pipe ricevuto: PING
[22:16:57.667] 💓 up=5490s | cb=68628 audio=5490.2s partials=1932 | rec=287 | pipe=✅
[22:17:06.601] Pipe ricevuto: PING
[22:17:07.668] 💓 up=5500s | cb=68753 audio=5500.2s partials=1932 | rec=287 | pipe=✅
[22:17:16.597] Pipe ricevuto: PING
[22:17:17.669] 💓 up=5510s | cb=68878 audio=5510.2s partials=1932 | rec=287 | pipe=✅
[22:17:26.605] Pipe ricevuto: PING
[22:17:27.669] 💓 up=5520s | cb=69003 audio=5520.2s partials=1932 | rec=287 | pipe=✅
[22:17:36.603] Pipe ricevuto: PING
[22:17:37.670] 💓 up=5530s | cb=69128 audio=5530.2s partials=1932 | rec=287 | pipe=✅
[22:17:46.599] Pipe ricevuto: PING
[22:17:47.670] 💓 up=5540s | cb=69253 audio=5540.2s partials=1932 | rec=287 | pipe=✅
[22:17:56.596] Pipe ricevuto: PING
[22:17:57.670] 💓 up=5550s | cb=69378 audio=5550.2s partials=1932 | rec=287 | pipe=✅
[22:18:06.603] Pipe ricevuto: PING
[22:18:07.671] 💓 up=5560s | cb=69503 audio=5560.2s partials=1932 | rec=287 | pipe=✅
[22:18:16.599] Pipe ricevuto: PING
[22:18:17.671] 💓 up=5570s | cb=69628 audio=5570.2s partials=1932 | rec=287 | pipe=✅
[22:18:26.595] Pipe ricevuto: PING
[22:18:27.672] 💓 up=5580s | cb=69753 audio=5580.2s partials=1932 | rec=287 | pipe=✅
[22:18:36.600] Pipe ricevuto: PING
[22:18:37.672] 💓 up=5590s | cb=69878 audio=5590.2s partials=1932 | rec=287 | pipe=✅
[22:18:46.598] Pipe ricevuto: PING
[22:18:47.673] 💓 up=5600s | cb=70003 audio=5600.2s partials=1932 | rec=287 | pipe=✅
[22:18:56.597] Pipe ricevuto: PING
[22:18:57.673] 💓 up=5610s | cb=70128 audio=5610.2s partials=1932 | rec=287 | pipe=✅
[22:19:06.605] Pipe ricevuto: PING
[22:19:07.674] 💓 up=5620s | cb=70253 audio=5620.2s partials=1932 | rec=287 | pipe=✅
[22:19:15.080]   🎯 [partial] RECOGNIZED:0.85:ingegnere
[22:19:16.200]   🎯 [partial] RECOGNIZED:0.85:davanti
[22:19:16.603] Pipe ricevuto: PING
[22:19:17.674] 💓 up=5630s | cb=70378 audio=5630.2s partials=1937 | rec=289 | pipe=✅
[22:19:26.599] Pipe ricevuto: PING
[22:19:27.675] 💓 up=5640s | cb=70503 audio=5640.2s partials=1937 | rec=289 | pipe=✅
[22:19:36.597] Pipe ricevuto: PING
[22:19:37.675] 💓 up=5650s | cb=70628 audio=5650.2s partials=1937 | rec=289 | pipe=✅
[22:19:46.597] Pipe ricevuto: PING
[22:19:47.676] 💓 up=5660s | cb=70753 audio=5660.2s partials=1937 | rec=289 | pipe=✅
[22:19:56.596] Pipe ricevuto: PING
[22:19:57.676] 💓 up=5670s | cb=70878 audio=5670.2s partials=1937 | rec=289 | pipe=✅
[22:20:06.595] Pipe ricevuto: PING
[22:20:07.676] 💓 up=5680s | cb=71003 audio=5680.2s partials=1937 | rec=289 | pipe=✅
[22:20:16.603] Pipe ricevuto: PING
[22:20:17.677] 💓 up=5690s | cb=71128 audio=5690.2s partials=1937 | rec=289 | pipe=✅
[22:20:26.599] Pipe ricevuto: PING
[22:20:27.677] 💓 up=5700s | cb=71253 audio=5700.2s partials=1937 | rec=289 | pipe=✅
[22:20:36.597] Pipe ricevuto: PING
[22:20:37.678] 💓 up=5710s | cb=71378 audio=5710.2s partials=1937 | rec=289 | pipe=✅
[22:20:46.603] Pipe ricevuto: PING
[22:20:47.678] 💓 up=5720s | cb=71503 audio=5720.2s partials=1937 | rec=289 | pipe=✅
[22:20:56.600] Pipe ricevuto: PING
[22:20:57.679] 💓 up=5730s | cb=71628 audio=5730.2s partials=1937 | rec=289 | pipe=✅
[22:21:06.597] Pipe ricevuto: PING
[22:21:07.679] 💓 up=5740s | cb=71753 audio=5740.2s partials=1937 | rec=289 | pipe=✅
[22:21:16.595] Pipe ricevuto: PING
[22:21:17.680] 💓 up=5750s | cb=71878 audio=5750.2s partials=1937 | rec=289 | pipe=✅
[22:21:26.605] Pipe ricevuto: PING
[22:21:27.680] 💓 up=5760s | cb=72003 audio=5760.2s partials=1937 | rec=289 | pipe=✅
[22:21:36.604] Pipe ricevuto: PING
[22:21:37.681] 💓 up=5770s | cb=72128 audio=5770.2s partials=1937 | rec=289 | pipe=✅
[22:21:46.600] Pipe ricevuto: PING
[22:21:47.682] 💓 up=5780s | cb=72253 audio=5780.2s partials=1937 | rec=289 | pipe=✅
[22:21:56.596] Pipe ricevuto: PING
[22:21:57.682] 💓 up=5790s | cb=72378 audio=5790.2s partials=1937 | rec=289 | pipe=✅
[22:22:06.600] Pipe ricevuto: PING
[22:22:07.683] 💓 up=5800s | cb=72503 audio=5800.2s partials=1937 | rec=289 | pipe=✅
[22:22:16.605] Pipe ricevuto: PING
[22:22:17.683] 💓 up=5810s | cb=72628 audio=5810.2s partials=1937 | rec=289 | pipe=✅
[22:22:26.597] Pipe ricevuto: PING
[22:22:27.684] 💓 up=5820s | cb=72753 audio=5820.2s partials=1937 | rec=289 | pipe=✅
[22:22:36.602] Pipe ricevuto: PING
[22:22:37.684] 💓 up=5830s | cb=72878 audio=5830.2s partials=1937 | rec=289 | pipe=✅
[22:22:46.597] Pipe ricevuto: PING
[22:22:47.685] 💓 up=5840s | cb=73003 audio=5840.2s partials=1937 | rec=289 | pipe=✅
[22:22:56.597] Pipe ricevuto: PING
[22:22:57.685] 💓 up=5850s | cb=73128 audio=5850.2s partials=1937 | rec=289 | pipe=✅
[22:23:06.600] Pipe ricevuto: PING
[22:23:07.686] 💓 up=5860s | cb=73253 audio=5860.2s partials=1937 | rec=289 | pipe=✅
[22:23:16.604] Pipe ricevuto: PING
[22:23:17.687] 💓 up=5870s | cb=73378 audio=5870.2s partials=1937 | rec=289 | pipe=✅
[22:23:26.598] Pipe ricevuto: PING
[22:23:27.687] 💓 up=5880s | cb=73503 audio=5880.2s partials=1937 | rec=289 | pipe=✅
[22:23:36.601] Pipe ricevuto: PING
[22:23:37.687] 💓 up=5890s | cb=73628 audio=5890.2s partials=1937 | rec=289 | pipe=✅
[22:23:46.605] Pipe ricevuto: PING
[22:23:47.688] 💓 up=5900s | cb=73753 audio=5900.2s partials=1937 | rec=289 | pipe=✅
[22:23:56.602] Pipe ricevuto: PING
[22:23:57.689] 💓 up=5910s | cb=73878 audio=5910.2s partials=1937 | rec=289 | pipe=✅
[22:24:06.602] Pipe ricevuto: PING
[22:24:07.690] 💓 up=5920s | cb=74003 audio=5920.2s partials=1937 | rec=289 | pipe=✅
[22:24:16.596] Pipe ricevuto: PING
[22:24:17.690] 💓 up=5930s | cb=74128 audio=5930.2s partials=1937 | rec=289 | pipe=✅
[22:24:26.598] Pipe ricevuto: PING
[22:24:27.691] 💓 up=5940s | cb=74253 audio=5940.2s partials=1937 | rec=289 | pipe=✅
[22:24:36.595] Pipe ricevuto: PING
[22:24:37.691] 💓 up=5950s | cb=74378 audio=5950.2s partials=1937 | rec=289 | pipe=✅
[22:24:46.601] Pipe ricevuto: PING
[22:24:47.692] 💓 up=5960s | cb=74503 audio=5960.2s partials=1937 | rec=289 | pipe=✅
[22:24:56.597] Pipe ricevuto: PING
[22:24:57.692] 💓 up=5970s | cb=74628 audio=5970.2s partials=1937 | rec=289 | pipe=✅
[22:25:06.605] Pipe ricevuto: PING
[22:25:07.693] 💓 up=5980s | cb=74753 audio=5980.2s partials=1937 | rec=289 | pipe=✅
[22:25:16.604] Pipe ricevuto: PING
[22:25:17.693] 💓 up=5990s | cb=74878 audio=5990.2s partials=1937 | rec=289 | pipe=✅
[22:25:26.603] Pipe ricevuto: PING
[22:25:27.694] 💓 up=6000s | cb=75003 audio=6000.2s partials=1937 | rec=289 | pipe=✅
[22:25:36.600] Pipe ricevuto: PING
[22:25:37.695] 💓 up=6010s | cb=75128 audio=6010.2s partials=1937 | rec=289 | pipe=✅
[22:25:46.598] Pipe ricevuto: PING
[22:25:47.695] 💓 up=6020s | cb=75253 audio=6020.2s partials=1937 | rec=289 | pipe=✅
[22:25:56.598] Pipe ricevuto: PING
[22:25:57.696] 💓 up=6030s | cb=75378 audio=6030.2s partials=1937 | rec=289 | pipe=✅
[22:26:06.597] Pipe ricevuto: PING
[22:26:07.696] 💓 up=6040s | cb=75503 audio=6040.2s partials=1937 | rec=289 | pipe=✅
[22:26:16.596] Pipe ricevuto: PING
[22:26:17.697] 💓 up=6050s | cb=75628 audio=6050.2s partials=1937 | rec=289 | pipe=✅
[22:26:26.605] Pipe ricevuto: PING
[22:26:27.697] 💓 up=6060s | cb=75753 audio=6060.2s partials=1937 | rec=289 | pipe=✅
[22:26:36.605] Pipe ricevuto: PING
[22:26:37.697] 💓 up=6070s | cb=75878 audio=6070.2s partials=1937 | rec=289 | pipe=✅
[22:26:46.602] Pipe ricevuto: PING
[22:26:47.698] 💓 up=6080s | cb=76003 audio=6080.2s partials=1937 | rec=289 | pipe=✅
[22:26:56.599] Pipe ricevuto: PING
[22:26:57.698] 💓 up=6090s | cb=76128 audio=6090.2s partials=1937 | rec=289 | pipe=✅
[22:27:06.599] Pipe ricevuto: PING
[22:27:07.699] 💓 up=6100s | cb=76253 audio=6100.2s partials=1937 | rec=289 | pipe=✅
[22:27:16.599] Pipe ricevuto: PING
[22:27:17.699] 💓 up=6110s | cb=76378 audio=6110.2s partials=1937 | rec=289 | pipe=✅
[22:27:26.597] Pipe ricevuto: PING
[22:27:27.700] 💓 up=6120s | cb=76503 audio=6120.2s partials=1937 | rec=289 | pipe=✅
[22:27:36.605] Pipe ricevuto: PING
[22:27:37.700] 💓 up=6130s | cb=76628 audio=6130.2s partials=1937 | rec=289 | pipe=✅
[22:27:46.603] Pipe ricevuto: PING
[22:27:47.701] 💓 up=6140s | cb=76753 audio=6140.2s partials=1937 | rec=289 | pipe=✅
[22:27:56.602] Pipe ricevuto: PING
[22:27:57.701] 💓 up=6150s | cb=76878 audio=6150.2s partials=1937 | rec=289 | pipe=✅
[22:28:06.602] Pipe ricevuto: PING
[22:28:07.701] 💓 up=6160s | cb=77003 audio=6160.2s partials=1937 | rec=289 | pipe=✅
[22:28:16.600] Pipe ricevuto: PING
[22:28:17.702] 💓 up=6170s | cb=77128 audio=6170.2s partials=1937 | rec=289 | pipe=✅
[22:28:26.597] Pipe ricevuto: PING
[22:28:27.702] 💓 up=6180s | cb=77253 audio=6180.2s partials=1937 | rec=289 | pipe=✅
[22:28:36.596] Pipe ricevuto: PING
[22:28:37.703] 💓 up=6190s | cb=77378 audio=6190.2s partials=1937 | rec=289 | pipe=✅
[22:28:46.605] Pipe ricevuto: PING
[22:28:47.703] 💓 up=6200s | cb=77503 audio=6200.2s partials=1937 | rec=289 | pipe=✅
[22:28:56.604] Pipe ricevuto: PING
[22:28:57.704] 💓 up=6210s | cb=77628 audio=6210.2s partials=1937 | rec=289 | pipe=✅
[22:29:06.602] Pipe ricevuto: PING
[22:29:07.705] 💓 up=6220s | cb=77753 audio=6220.2s partials=1937 | rec=289 | pipe=✅
[22:29:16.600] Pipe ricevuto: PING
[22:29:17.705] 💓 up=6230s | cb=77878 audio=6230.2s partials=1937 | rec=289 | pipe=✅
[22:29:26.601] Pipe ricevuto: PING
[22:29:27.706] 💓 up=6240s | cb=78003 audio=6240.2s partials=1937 | rec=289 | pipe=✅
[22:29:36.599] Pipe ricevuto: PING
[22:29:37.706] 💓 up=6250s | cb=78128 audio=6250.2s partials=1937 | rec=289 | pipe=✅
[22:29:46.597] Pipe ricevuto: PING
[22:29:47.707] 💓 up=6260s | cb=78253 audio=6260.2s partials=1937 | rec=289 | pipe=✅
[22:29:56.605] Pipe ricevuto: PING
[22:29:57.707] 💓 up=6270s | cb=78378 audio=6270.2s partials=1937 | rec=289 | pipe=✅
[22:30:06.603] Pipe ricevuto: PING
[22:30:07.708] 💓 up=6280s | cb=78503 audio=6280.2s partials=1937 | rec=289 | pipe=✅
[22:30:14.120]   🎯 [partial] RECOGNIZED:0.85:ingegnere
[22:30:15.000]   🎯 [partial] RECOGNIZED:0.85:situazione
[22:30:16.599] Pipe ricevuto: PING
[22:30:17.708] 💓 up=6290s | cb=78628 audio=6290.2s partials=1939 | rec=291 | pipe=✅
[22:30:26.598] Pipe ricevuto: PING
[22:30:27.709] 💓 up=6300s | cb=78753 audio=6300.2s partials=1939 | rec=291 | pipe=✅
[22:30:36.596] Pipe ricevuto: PING
[22:30:37.709] 💓 up=6310s | cb=78878 audio=6310.2s partials=1939 | rec=291 | pipe=✅
[22:30:46.595] Pipe ricevuto: PING
[22:30:47.710] 💓 up=6320s | cb=79003 audio=6320.2s partials=1939 | rec=291 | pipe=✅
[22:30:56.603] Pipe ricevuto: PING
[22:30:57.710] 💓 up=6330s | cb=79128 audio=6330.2s partials=1939 | rec=291 | pipe=✅
[22:31:06.602] Pipe ricevuto: PING
[22:31:07.711] 💓 up=6340s | cb=79253 audio=6340.2s partials=1939 | rec=291 | pipe=✅
[22:31:09.401]   ... "ingegnere"
[22:31:09.401]   🎯 [partial] RECOGNIZED:0.85:ingegnere
[22:31:10.040]   🎯 [partial] RECOGNIZED:0.85:gomme
[22:31:10.442]   🎯 [partial] RECOGNIZED:0.85:davanti
[22:31:11.397]   ... "pit"
[22:31:11.561]   📝 Finale: "pit"
[22:31:16.601] Pipe ricevuto: PING
[22:31:17.711] 💓 up=6350s | cb=79378 audio=6350.2s partials=1951 | rec=294 | pipe=✅
[22:31:26.599] Pipe ricevuto: PING
[22:31:27.712] 💓 up=6360s | cb=79503 audio=6360.2s partials=1954 | rec=294 | pipe=✅
[22:31:29.321]   📝 Finale: "stop"
[22:31:33.881]   ⏳ Pending: "pressioni" (attendo variante lunga, 800ms)
[22:31:34.037]   ... "pressioni"
[22:31:34.360]   🎯 [partial] RECOGNIZED:0.85:benzina
[22:31:35.000]   🎯 [partial] RECOGNIZED:0.85:passo
[22:31:36.600] Pipe ricevuto: PING
[22:31:37.713] 💓 up=6370s | cb=79628 audio=6370.2s partials=1968 | rec=296 | pipe=✅
[22:31:41.400]   🎯 [partial] RECOGNIZED:0.85:ingegnere
[22:31:42.280]   ... "davanti"
[22:31:42.280]   🎯 [partial] RECOGNIZED:0.85:davanti
[22:31:46.599] Pipe ricevuto: PING
[22:31:47.481]   📝 Finale: "pit"
[22:31:47.713] 💓 up=6380s | cb=79753 audio=6380.2s partials=1970 | rec=298 | pipe=✅
[22:31:56.599] Pipe ricevuto: PING
[22:31:57.714] 💓 up=6390s | cb=79878 audio=6390.2s partials=1970 | rec=298 | pipe=✅
[22:32:06.596] Pipe ricevuto: PING
[22:32:07.714] 💓 up=6400s | cb=80003 audio=6400.2s partials=1970 | rec=298 | pipe=✅
[22:32:16.040]   🎯 [partial] RECOGNIZED:0.85:ingegnere
[22:32:16.595] Pipe ricevuto: PING
[22:32:16.920]   🎯 [partial] RECOGNIZED:0.85:dietro
[22:32:17.715] 💓 up=6410s | cb=80128 audio=6410.2s partials=1972 | rec=300 | pipe=✅
[22:32:26.605] Pipe ricevuto: PING
[22:32:27.716] 💓 up=6420s | cb=80253 audio=6420.2s partials=1972 | rec=300 | pipe=✅
[22:32:36.597] Pipe ricevuto: PING
[22:32:37.716] 💓 up=6430s | cb=80378 audio=6430.2s partials=1972 | rec=300 | pipe=✅
[22:32:37.720]   🎯 [partial] RECOGNIZED:0.85:ingegnere
[22:32:38.360]   🎯 [partial] RECOGNIZED:0.85:quello davanti
[22:32:38.762]   🎯 [partial] RECOGNIZED:0.85:tempi
[22:32:46.596] Pipe ricevuto: PING
[22:32:47.716] 💓 up=6440s | cb=80503 audio=6440.2s partials=1975 | rec=303 | pipe=✅
[22:32:56.596] Pipe ricevuto: PING
[22:32:57.717] 💓 up=6450s | cb=80628 audio=6450.2s partials=1975 | rec=303 | pipe=✅
[22:33:06.596] Pipe ricevuto: PING
[22:33:07.717] 💓 up=6460s | cb=80754 audio=6460.3s partials=1975 | rec=303 | pipe=✅
[22:33:16.605] Pipe ricevuto: PING
[22:33:17.718] 💓 up=6470s | cb=80879 audio=6470.3s partials=1975 | rec=303 | pipe=✅
[22:33:26.604] Pipe ricevuto: PING
[22:33:27.719] 💓 up=6480s | cb=81004 audio=6480.3s partials=1975 | rec=303 | pipe=✅
[22:33:36.602] Pipe ricevuto: PING
[22:33:37.719] 💓 up=6490s | cb=81129 audio=6490.3s partials=1975 | rec=303 | pipe=✅
[22:33:46.602] Pipe ricevuto: PING
[22:33:47.720] 💓 up=6500s | cb=81254 audio=6500.3s partials=1975 | rec=303 | pipe=✅
[22:33:56.603] Pipe ricevuto: PING
[22:33:57.720] 💓 up=6510s | cb=81379 audio=6510.3s partials=1975 | rec=303 | pipe=✅
[22:34:06.599] Pipe ricevuto: PING
[22:34:07.721] 💓 up=6520s | cb=81504 audio=6520.3s partials=1975 | rec=303 | pipe=✅
[22:34:16.596] Pipe ricevuto: PING
[22:34:17.722] 💓 up=6530s | cb=81629 audio=6530.3s partials=1975 | rec=303 | pipe=✅
[22:34:26.605] Pipe ricevuto: PING
[22:34:27.722] 💓 up=6540s | cb=81754 audio=6540.3s partials=1975 | rec=303 | pipe=✅
[22:34:36.603] Pipe ricevuto: PING
[22:34:37.723] 💓 up=6550s | cb=81879 audio=6550.3s partials=1975 | rec=303 | pipe=✅
[22:34:46.602] Pipe ricevuto: PING
[22:34:47.723] 💓 up=6560s | cb=82004 audio=6560.3s partials=1975 | rec=303 | pipe=✅
[22:34:56.602] Pipe ricevuto: PING
[22:34:57.724] 💓 up=6570s | cb=82129 audio=6570.3s partials=1975 | rec=303 | pipe=✅
[22:35:06.603] Pipe ricevuto: PING
[22:35:07.724] 💓 up=6580s | cb=82254 audio=6580.3s partials=1975 | rec=303 | pipe=✅
[22:35:16.601] Pipe ricevuto: PING
[22:35:17.725] 💓 up=6590s | cb=82379 audio=6590.3s partials=1975 | rec=303 | pipe=✅
[22:35:26.598] Pipe ricevuto: PING
[22:35:27.725] 💓 up=6600s | cb=82504 audio=6600.3s partials=1975 | rec=303 | pipe=✅
[22:35:36.596] Pipe ricevuto: PING
[22:35:37.726] 💓 up=6610s | cb=82629 audio=6610.3s partials=1975 | rec=303 | pipe=✅
[22:35:46.605] Pipe ricevuto: PING
[22:35:47.726] 💓 up=6620s | cb=82754 audio=6620.3s partials=1975 | rec=303 | pipe=✅
[22:35:56.603] Pipe ricevuto: PING
[22:35:57.727] 💓 up=6630s | cb=82879 audio=6630.3s partials=1975 | rec=303 | pipe=✅
[22:36:06.599] Pipe ricevuto: PING
[22:36:07.728] 💓 up=6640s | cb=83004 audio=6640.3s partials=1975 | rec=303 | pipe=✅
[22:36:16.598] Pipe ricevuto: PING
[22:36:17.728] 💓 up=6650s | cb=83129 audio=6650.3s partials=1975 | rec=303 | pipe=✅
[22:36:26.597] Pipe ricevuto: PING
[22:36:27.729] 💓 up=6660s | cb=83254 audio=6660.3s partials=1975 | rec=303 | pipe=✅
[22:36:36.597] Pipe ricevuto: PING
[22:36:37.729] 💓 up=6670s | cb=83379 audio=6670.3s partials=1975 | rec=303 | pipe=✅
[22:36:46.596] Pipe ricevuto: PING
[22:36:47.730] 💓 up=6680s | cb=83504 audio=6680.3s partials=1975 | rec=303 | pipe=✅
[22:36:56.604] Pipe ricevuto: PING
[22:36:57.730] 💓 up=6690s | cb=83629 audio=6690.3s partials=1975 | rec=303 | pipe=✅
[22:37:06.602] Pipe ricevuto: PING
[22:37:07.731] 💓 up=6700s | cb=83754 audio=6700.3s partials=1975 | rec=303 | pipe=✅
[22:37:16.599] Pipe ricevuto: PING
[22:37:17.732] 💓 up=6710s | cb=83879 audio=6710.3s partials=1975 | rec=303 | pipe=✅
[22:37:26.597] Pipe ricevuto: PING
[22:37:27.732] 💓 up=6720s | cb=84004 audio=6720.3s partials=1975 | rec=303 | pipe=✅
[22:37:34.840]   🎯 [partial] RECOGNIZED:0.85:ingegnere
[22:37:35.720]   🎯 [partial] RECOGNIZED:0.85:situazione
[22:37:36.605] Pipe ricevuto: PING
[22:37:37.733] 💓 up=6730s | cb=84129 audio=6730.3s partials=1977 | rec=305 | pipe=✅
[22:37:46.602] Pipe ricevuto: PING
[22:37:47.733] 💓 up=6740s | cb=84254 audio=6740.3s partials=1977 | rec=305 | pipe=✅
[22:37:56.602] Pipe ricevuto: PING
[22:37:57.734] 💓 up=6750s | cb=84379 audio=6750.3s partials=1977 | rec=305 | pipe=✅
[22:38:06.600] Pipe ricevuto: PING
[22:38:07.734] 💓 up=6760s | cb=84504 audio=6760.3s partials=1977 | rec=305 | pipe=✅
[22:38:16.599] Pipe ricevuto: PING
[22:38:17.735] 💓 up=6770s | cb=84629 audio=6770.3s partials=1977 | rec=305 | pipe=✅
[22:38:26.599] Pipe ricevuto: PING
[22:38:27.735] 💓 up=6780s | cb=84754 audio=6780.3s partials=1977 | rec=305 | pipe=✅
[22:38:36.599] Pipe ricevuto: PING
[22:38:37.736] 💓 up=6790s | cb=84879 audio=6790.3s partials=1977 | rec=305 | pipe=✅
[22:38:46.598] Pipe ricevuto: PING
[22:38:47.736] 💓 up=6800s | cb=85004 audio=6800.3s partials=1977 | rec=305 | pipe=✅
[22:38:56.606] Pipe ricevuto: PING
[22:38:57.737] 💓 up=6810s | cb=85129 audio=6810.3s partials=1977 | rec=305 | pipe=✅
[22:39:06.596] Pipe ricevuto: PING
[22:39:07.738] 💓 up=6820s | cb=85254 audio=6820.3s partials=1977 | rec=305 | pipe=✅
[22:39:16.604] Pipe ricevuto: PING
[22:39:17.738] 💓 up=6830s | cb=85379 audio=6830.3s partials=1977 | rec=305 | pipe=✅
[22:39:26.601] Pipe ricevuto: PING
[22:39:27.738] 💓 up=6840s | cb=85504 audio=6840.3s partials=1977 | rec=305 | pipe=✅
[22:39:36.600] Pipe ricevuto: PING
[22:39:37.739] 💓 up=6850s | cb=85629 audio=6850.3s partials=1977 | rec=305 | pipe=✅
[22:39:41.882]   🎯 [partial] RECOGNIZED:0.85:ingegnere
[22:39:42.357]   ... "leader"
[22:39:42.760]   ⏳ Pending: "media" (attendo variante lunga, 800ms)
[22:39:43.397]   ... "media"
[22:39:43.481]   📝 Finale: "media"
[22:39:43.481]   🎯 [final] RECOGNIZED:0.85:media
[22:39:46.599] Pipe ricevuto: PING
[22:39:47.739] 💓 up=6860s | cb=85754 audio=6860.3s partials=1990 | rec=307 | pipe=✅
[22:39:56.605] Pipe ricevuto: PING
[22:39:57.740] 💓 up=6870s | cb=85879 audio=6870.3s partials=1990 | rec=307 | pipe=✅
[22:40:06.600] Pipe ricevuto: PING
[22:40:07.741] 💓 up=6880s | cb=86004 audio=6880.3s partials=1990 | rec=307 | pipe=✅
[22:40:16.597] Pipe ricevuto: PING
[22:40:17.741] 💓 up=6890s | cb=86129 audio=6890.3s partials=1990 | rec=307 | pipe=✅
[22:40:26.604] Pipe ricevuto: PING
[22:40:27.742] 💓 up=6900s | cb=86254 audio=6900.3s partials=1990 | rec=307 | pipe=✅
[22:40:36.600] Pipe ricevuto: PING
[22:40:37.743] 💓 up=6910s | cb=86379 audio=6910.3s partials=1990 | rec=307 | pipe=✅
[22:40:46.600] Pipe ricevuto: PING
[22:40:47.743] 💓 up=6920s | cb=86504 audio=6920.3s partials=1990 | rec=307 | pipe=✅
[22:40:56.605] Pipe ricevuto: PING
[22:40:57.743] 💓 up=6930s | cb=86629 audio=6930.3s partials=1993 | rec=307 | pipe=✅
[22:41:06.599] Pipe ricevuto: PING
[22:41:07.744] 💓 up=6940s | cb=86754 audio=6940.3s partials=1993 | rec=307 | pipe=✅
[22:41:16.596] Pipe ricevuto: PING
[22:41:17.744] 💓 up=6950s | cb=86879 audio=6950.3s partials=1993 | rec=307 | pipe=✅
[22:41:26.604] Pipe ricevuto: PING
[22:41:27.745] 💓 up=6960s | cb=87004 audio=6960.3s partials=1993 | rec=307 | pipe=✅
[22:41:36.600] Pipe ricevuto: PING
[22:41:37.746] 💓 up=6970s | cb=87129 audio=6970.3s partials=1993 | rec=307 | pipe=✅
[22:41:46.597] Pipe ricevuto: PING
[22:41:47.746] 💓 up=6980s | cb=87254 audio=6980.3s partials=1993 | rec=307 | pipe=✅
[22:41:56.602] Pipe ricevuto: PING
[22:41:57.747] 💓 up=6990s | cb=87379 audio=6990.3s partials=1993 | rec=307 | pipe=✅
[22:42:06.598] Pipe ricevuto: PING
[22:42:07.747] 💓 up=7000s | cb=87504 audio=7000.3s partials=1993 | rec=307 | pipe=✅
[22:42:16.595] Pipe ricevuto: PING
[22:42:17.748] 💓 up=7010s | cb=87629 audio=7010.3s partials=1993 | rec=307 | pipe=✅
[22:42:26.600] Pipe ricevuto: PING
[22:42:27.748] 💓 up=7020s | cb=87754 audio=7020.3s partials=1993 | rec=307 | pipe=✅
[22:42:31.640]   🎯 [partial] RECOGNIZED:0.85:ingegnere
[22:42:32.280]   🎯 [partial] RECOGNIZED:0.85:dietro
[22:42:36.606] Pipe ricevuto: PING
[22:42:37.749] 💓 up=7030s | cb=87879 audio=7030.3s partials=1998 | rec=309 | pipe=✅
[22:42:46.600] Pipe ricevuto: PING
[22:42:47.750] 💓 up=7040s | cb=88004 audio=7040.3s partials=1998 | rec=309 | pipe=✅
[22:42:56.595] Pipe ricevuto: PING
[22:42:57.750] 💓 up=7050s | cb=88129 audio=7050.3s partials=1998 | rec=309 | pipe=✅
[22:43:06.600] Pipe ricevuto: PING
[22:43:07.751] 💓 up=7060s | cb=88254 audio=7060.3s partials=1998 | rec=309 | pipe=✅
[22:43:16.600] Pipe ricevuto: PING
[22:43:17.751] 💓 up=7070s | cb=88379 audio=7070.3s partials=1998 | rec=309 | pipe=✅
[22:43:26.597] Pipe ricevuto: PING
[22:43:27.752] 💓 up=7080s | cb=88504 audio=7080.3s partials=1998 | rec=309 | pipe=✅
[22:43:36.602] Pipe ricevuto: PING
[22:43:37.752] 💓 up=7090s | cb=88629 audio=7090.3s partials=1998 | rec=309 | pipe=✅
[22:43:46.600] Pipe ricevuto: PING
[22:43:47.753] 💓 up=7100s | cb=88754 audio=7100.3s partials=1998 | rec=309 | pipe=✅
[22:43:56.601] Pipe ricevuto: PING
[22:43:57.754] 💓 up=7110s | cb=88879 audio=7110.3s partials=1998 | rec=309 | pipe=✅
[22:44:06.600] Pipe ricevuto: PING
[22:44:07.754] 💓 up=7120s | cb=89004 audio=7120.3s partials=1998 | rec=309 | pipe=✅
[22:44:16.598] Pipe ricevuto: PING
[22:44:17.755] 💓 up=7130s | cb=89129 audio=7130.3s partials=1998 | rec=309 | pipe=✅
[22:44:26.601] Pipe ricevuto: PING
[22:44:27.755] 💓 up=7140s | cb=89254 audio=7140.3s partials=1998 | rec=309 | pipe=✅
[22:44:36.600] Pipe ricevuto: PING
[22:44:37.756] 💓 up=7150s | cb=89379 audio=7150.3s partials=1998 | rec=309 | pipe=✅
[22:44:46.602] Pipe ricevuto: PING
[22:44:47.756] 💓 up=7160s | cb=89504 audio=7160.3s partials=1998 | rec=309 | pipe=✅
[22:44:56.606] Pipe ricevuto: PING
[22:44:57.757] 💓 up=7170s | cb=89629 audio=7170.3s partials=1998 | rec=309 | pipe=✅
[22:45:06.602] Pipe ricevuto: PING
[22:45:07.757] 💓 up=7180s | cb=89754 audio=7180.3s partials=1998 | rec=309 | pipe=✅
[22:45:16.600] Pipe ricevuto: PING
[22:45:17.757] 💓 up=7190s | cb=89879 audio=7190.3s partials=1998 | rec=309 | pipe=✅
[22:45:26.596] Pipe ricevuto: PING
[22:45:27.758] 💓 up=7200s | cb=90004 audio=7200.3s partials=1998 | rec=309 | pipe=✅
[22:45:36.601] Pipe ricevuto: PING
[22:45:37.758] 💓 up=7210s | cb=90129 audio=7210.3s partials=1998 | rec=309 | pipe=✅
[22:45:46.597] Pipe ricevuto: PING
[22:45:47.759] 💓 up=7220s | cb=90254 audio=7220.3s partials=1998 | rec=309 | pipe=✅
[22:45:56.605] Pipe ricevuto: PING
[22:45:57.401]   🎯 [partial] RECOGNIZED:0.85:ingegnere
[22:45:57.759] 💓 up=7230s | cb=90379 audio=7230.3s partials=1999 | rec=310 | pipe=✅
[22:45:58.281]   ... "davanti"
[22:45:58.281]   🎯 [partial] RECOGNIZED:0.85:davanti
[22:46:06.600] Pipe ricevuto: PING
[22:46:07.760] 💓 up=7240s | cb=90504 audio=7240.3s partials=2000 | rec=311 | pipe=✅
[22:46:16.603] Pipe ricevuto: PING
[22:46:17.760] 💓 up=7250s | cb=90629 audio=7250.3s partials=2000 | rec=311 | pipe=✅
[22:46:26.597] Pipe ricevuto: PING
[22:46:27.761] 💓 up=7260s | cb=90754 audio=7260.3s partials=2000 | rec=311 | pipe=✅
[22:46:36.602] Pipe ricevuto: PING
[22:46:37.761] 💓 up=7270s | cb=90879 audio=7270.3s partials=2000 | rec=311 | pipe=✅
[22:46:46.604] Pipe ricevuto: PING
[22:46:47.761] 💓 up=7280s | cb=91004 audio=7280.3s partials=2000 | rec=311 | pipe=✅
[22:46:56.599] Pipe ricevuto: PING
[22:46:57.762] 💓 up=7290s | cb=91129 audio=7290.3s partials=2000 | rec=311 | pipe=✅
[22:47:06.598] Pipe ricevuto: PING
[22:47:07.763] 💓 up=7300s | cb=91254 audio=7300.3s partials=2000 | rec=311 | pipe=✅
[22:47:16.597] Pipe ricevuto: PING
[22:47:17.763] 💓 up=7310s | cb=91379 audio=7310.3s partials=2000 | rec=311 | pipe=✅
[22:47:26.599] Pipe ricevuto: PING
[22:47:27.764] 💓 up=7320s | cb=91504 audio=7320.3s partials=2000 | rec=311 | pipe=✅
[22:47:36.600] Pipe ricevuto: PING
[22:47:37.764] 💓 up=7330s | cb=91629 audio=7330.3s partials=2000 | rec=311 | pipe=✅
[22:47:46.596] Pipe ricevuto: PING
[22:47:47.765] 💓 up=7340s | cb=91754 audio=7340.3s partials=2000 | rec=311 | pipe=✅
[22:47:56.602] Pipe ricevuto: PING
[22:47:57.766] 💓 up=7350s | cb=91879 audio=7350.3s partials=2000 | rec=311 | pipe=✅
[22:48:06.602] Pipe ricevuto: PING
[22:48:07.766] 💓 up=7360s | cb=92004 audio=7360.3s partials=2000 | rec=311 | pipe=✅
[22:48:16.601] Pipe ricevuto: PING
[22:48:17.767] 💓 up=7370s | cb=92129 audio=7370.3s partials=2000 | rec=311 | pipe=✅
[22:48:26.604] Pipe ricevuto: PING
[22:48:27.768] 💓 up=7380s | cb=92254 audio=7380.3s partials=2000 | rec=311 | pipe=✅
[22:48:36.604] Pipe ricevuto: PING
[22:48:37.768] 💓 up=7390s | cb=92379 audio=7390.3s partials=2000 | rec=311 | pipe=✅
[22:48:46.596] Pipe ricevuto: PING
[22:48:47.769] 💓 up=7400s | cb=92504 audio=7400.3s partials=2000 | rec=311 | pipe=✅
[22:48:56.598] Pipe ricevuto: PING
[22:48:57.769] 💓 up=7410s | cb=92629 audio=7410.3s partials=2000 | rec=311 | pipe=✅
[22:49:06.601] Pipe ricevuto: PING
[22:49:07.770] 💓 up=7420s | cb=92754 audio=7420.3s partials=2000 | rec=311 | pipe=✅
[22:49:16.605] Pipe ricevuto: PING
[22:49:17.770] 💓 up=7430s | cb=92879 audio=7430.3s partials=2000 | rec=311 | pipe=✅
[22:49:18.600]   🎯 [partial] RECOGNIZED:0.85:ingegnere
[22:49:19.240]   🎯 [partial] RECOGNIZED:0.85:situazione
[22:49:20.362]   📝 Finale: "sono"
[22:49:26.596] Pipe ricevuto: PING
[22:49:27.771] 💓 up=7440s | cb=93004 audio=7440.3s partials=2005 | rec=313 | pipe=✅
[22:49:30.921]   🎯 [partial] RECOGNIZED:0.85:ingegnere
[22:49:31.800]   🎯 [partial] RECOGNIZED:0.85:situazione
[22:49:36.600] Pipe ricevuto: PING
[22:49:37.001]   📝 Finale: "pressioni"
[22:49:37.001]   🎯 [final] RECOGNIZED:0.85:pressioni
[22:49:37.771] 💓 up=7450s | cb=93129 audio=7450.3s partials=2007 | rec=316 | pipe=✅
[22:49:46.602] Pipe ricevuto: PING
[22:49:47.772] 💓 up=7460s | cb=93254 audio=7460.3s partials=2007 | rec=316 | pipe=✅
[22:49:56.595] Pipe ricevuto: PING
[22:49:57.772] 💓 up=7470s | cb=93379 audio=7470.3s partials=2007 | rec=316 | pipe=✅
[22:50:06.599] Pipe ricevuto: PING
[22:50:07.773] 💓 up=7480s | cb=93504 audio=7480.3s partials=2007 | rec=316 | pipe=✅
[22:50:16.601] Pipe ricevuto: PING
[22:50:17.773] 💓 up=7490s | cb=93629 audio=7490.3s partials=2007 | rec=316 | pipe=✅
[22:50:26.605] Pipe ricevuto: PING
[22:50:27.774] 💓 up=7500s | cb=93754 audio=7500.3s partials=2007 | rec=316 | pipe=✅
[22:50:36.597] Pipe ricevuto: PING
[22:50:37.774] 💓 up=7510s | cb=93879 audio=7510.3s partials=2007 | rec=316 | pipe=✅
[22:50:46.599] Pipe ricevuto: PING
[22:50:47.775] 💓 up=7520s | cb=94004 audio=7520.3s partials=2007 | rec=316 | pipe=✅
[22:50:56.598] Pipe ricevuto: PING
[22:50:57.775] 💓 up=7530s | cb=94129 audio=7530.3s partials=2007 | rec=316 | pipe=✅
[22:51:06.601] Pipe ricevuto: PING
[22:51:07.776] 💓 up=7540s | cb=94254 audio=7540.3s partials=2007 | rec=316 | pipe=✅
[22:51:16.604] Pipe ricevuto: PING
[22:51:17.776] 💓 up=7550s | cb=94379 audio=7550.3s partials=2007 | rec=316 | pipe=✅
[22:51:26.595] Pipe ricevuto: PING
[22:51:27.777] 💓 up=7560s | cb=94504 audio=7560.3s partials=2007 | rec=316 | pipe=✅
[22:51:36.601] Pipe ricevuto: PING
[22:51:37.778] 💓 up=7570s | cb=94629 audio=7570.3s partials=2007 | rec=316 | pipe=✅
[22:51:46.603] Pipe ricevuto: PING
[22:51:47.778] 💓 up=7580s | cb=94754 audio=7580.3s partials=2007 | rec=316 | pipe=✅
[22:51:56.602] Pipe ricevuto: PING
[22:51:57.779] 💓 up=7590s | cb=94879 audio=7590.3s partials=2007 | rec=316 | pipe=✅
[22:52:06.595] Pipe ricevuto: PING
[22:52:07.779] 💓 up=7600s | cb=95004 audio=7600.3s partials=2007 | rec=316 | pipe=✅
[22:52:16.599] Pipe ricevuto: PING
[22:52:17.780] 💓 up=7610s | cb=95129 audio=7610.3s partials=2007 | rec=316 | pipe=✅
[22:52:26.595] Pipe ricevuto: PING
[22:52:27.780] 💓 up=7620s | cb=95254 audio=7620.3s partials=2007 | rec=316 | pipe=✅
[22:52:36.597] Pipe ricevuto: PING
[22:52:37.781] 💓 up=7630s | cb=95379 audio=7630.3s partials=2007 | rec=316 | pipe=✅
[22:52:46.598] Pipe ricevuto: PING
[22:52:47.781] 💓 up=7640s | cb=95504 audio=7640.3s partials=2007 | rec=316 | pipe=✅
[22:52:56.603] Pipe ricevuto: PING
[22:52:57.782] 💓 up=7650s | cb=95629 audio=7650.3s partials=2007 | rec=316 | pipe=✅
[22:53:06.604] Pipe ricevuto: PING
[22:53:07.782] 💓 up=7660s | cb=95754 audio=7660.3s partials=2007 | rec=316 | pipe=✅
[22:53:16.599] Pipe ricevuto: PING
[22:53:17.783] 💓 up=7670s | cb=95879 audio=7670.3s partials=2007 | rec=316 | pipe=✅
[22:53:26.602] Pipe ricevuto: PING
[22:53:27.783] 💓 up=7680s | cb=96004 audio=7680.3s partials=2007 | rec=316 | pipe=✅
[22:53:36.604] Pipe ricevuto: PING
[22:53:37.784] 💓 up=7690s | cb=96129 audio=7690.3s partials=2007 | rec=316 | pipe=✅
[22:53:46.605] Pipe ricevuto: PING
[22:53:47.784] 💓 up=7700s | cb=96254 audio=7700.3s partials=2007 | rec=316 | pipe=✅
[22:53:50.360]   🎯 [partial] RECOGNIZED:0.85:ingegnere
[22:53:51.241]   🎯 [partial] RECOGNIZED:0.85:davanti
[22:53:56.604] Pipe ricevuto: PING
[22:53:57.785] 💓 up=7710s | cb=96379 audio=7710.3s partials=2009 | rec=318 | pipe=✅
[22:54:06.603] Pipe ricevuto: PING
[22:54:07.785] 💓 up=7720s | cb=96504 audio=7720.3s partials=2009 | rec=318 | pipe=✅
[22:54:16.599] Pipe ricevuto: PING
[22:54:17.786] 💓 up=7730s | cb=96629 audio=7730.3s partials=2009 | rec=318 | pipe=✅
[22:54:26.596] Pipe ricevuto: PING
[22:54:27.786] 💓 up=7740s | cb=96754 audio=7740.3s partials=2009 | rec=318 | pipe=✅
[22:54:36.598] Pipe ricevuto: PING
[22:54:37.787] 💓 up=7750s | cb=96879 audio=7750.3s partials=2009 | rec=318 | pipe=✅
[22:54:46.603] Pipe ricevuto: PING
[22:54:47.787] 💓 up=7760s | cb=97004 audio=7760.3s partials=2009 | rec=318 | pipe=✅
[22:54:56.601] Pipe ricevuto: PING
[22:54:57.788] 💓 up=7770s | cb=97129 audio=7770.3s partials=2009 | rec=318 | pipe=✅
[22:55:06.597] Pipe ricevuto: PING
[22:55:07.788] 💓 up=7780s | cb=97254 audio=7780.3s partials=2009 | rec=318 | pipe=✅
[22:55:16.606] Pipe ricevuto: PING
[22:55:17.789] 💓 up=7790s | cb=97379 audio=7790.3s partials=2009 | rec=318 | pipe=✅
[22:55:26.598] Pipe ricevuto: PING
[22:55:27.790] 💓 up=7800s | cb=97504 audio=7800.3s partials=2009 | rec=318 | pipe=✅
[22:55:36.596] Pipe ricevuto: PING
[22:55:37.790] 💓 up=7810s | cb=97629 audio=7810.3s partials=2009 | rec=318 | pipe=✅
[22:55:46.605] Pipe ricevuto: PING
[22:55:47.791] 💓 up=7820s | cb=97754 audio=7820.3s partials=2009 | rec=318 | pipe=✅
[22:55:56.604] Pipe ricevuto: PING
[22:55:57.791] 💓 up=7830s | cb=97879 audio=7830.3s partials=2009 | rec=318 | pipe=✅
[22:56:06.599] Pipe ricevuto: PING
[22:56:07.792] 💓 up=7840s | cb=98004 audio=7840.3s partials=2009 | rec=318 | pipe=✅
[22:56:16.596] Pipe ricevuto: PING
[22:56:17.792] 💓 up=7850s | cb=98129 audio=7850.3s partials=2009 | rec=318 | pipe=✅
[22:56:26.603] Pipe ricevuto: PING
[22:56:27.793] 💓 up=7860s | cb=98254 audio=7860.3s partials=2009 | rec=318 | pipe=✅
[22:56:36.601] Pipe ricevuto: PING
[22:56:37.793] 💓 up=7870s | cb=98379 audio=7870.3s partials=2009 | rec=318 | pipe=✅
[22:56:46.601] Pipe ricevuto: PING
[22:56:47.793] 💓 up=7880s | cb=98504 audio=7880.3s partials=2009 | rec=318 | pipe=✅
[22:56:56.601] Pipe ricevuto: PING
[22:56:57.794] 💓 up=7890s | cb=98629 audio=7890.3s partials=2009 | rec=318 | pipe=✅
[22:57:06.601] Pipe ricevuto: PING
[22:57:07.794] 💓 up=7900s | cb=98754 audio=7900.3s partials=2009 | rec=318 | pipe=✅
[22:57:16.603] Pipe ricevuto: PING
[22:57:17.795] 💓 up=7910s | cb=98879 audio=7910.3s partials=2009 | rec=318 | pipe=✅
[22:57:26.600] Pipe ricevuto: PING
[22:57:27.796] 💓 up=7920s | cb=99004 audio=7920.3s partials=2009 | rec=318 | pipe=✅
[22:57:36.598] Pipe ricevuto: PING
[22:57:37.797] 💓 up=7930s | cb=99129 audio=7930.3s partials=2009 | rec=318 | pipe=✅
[22:57:46.603] Pipe ricevuto: PING
[22:57:47.797] 💓 up=7940s | cb=99254 audio=7940.3s partials=2009 | rec=318 | pipe=✅
[22:57:56.598] Pipe ricevuto: PING
[22:57:57.798] 💓 up=7950s | cb=99380 audio=7950.4s partials=2009 | rec=318 | pipe=✅
[22:58:03.640]   ... "aggiornamento"
[22:58:03.641]   🎯 [partial] RECOGNIZED:0.85:aggiornamento
[22:58:06.603] Pipe ricevuto: PING
[22:58:07.798] 💓 up=7960s | cb=99505 audio=7960.4s partials=2010 | rec=319 | pipe=✅
[22:58:16.597] Pipe ricevuto: PING
[22:58:17.799] 💓 up=7970s | cb=99630 audio=7970.4s partials=2010 | rec=319 | pipe=✅
[22:58:26.601] Pipe ricevuto: PING
[22:58:27.799] 💓 up=7980s | cb=99755 audio=7980.4s partials=2010 | rec=319 | pipe=✅
[22:58:36.605] Pipe ricevuto: PING
[22:58:37.800] 💓 up=7990s | cb=99880 audio=7990.4s partials=2013 | rec=319 | pipe=✅
[22:58:46.597] Pipe ricevuto: PING
[22:58:47.800] 💓 up=8000s | cb=100005 audio=8000.4s partials=2013 | rec=319 | pipe=✅
[22:58:53.001]   ⏳ Pending: "media" (attendo variante lunga, 800ms)
[22:58:53.861]   ⏰ Pending timeout: "media" (860ms)
[22:58:53.861]   🎯 [partial+timeout] RECOGNIZED:0.85:media
[22:58:56.600] Pipe ricevuto: PING
[22:58:57.801] 💓 up=8010s | cb=100130 audio=8010.4s partials=2016 | rec=320 | pipe=✅
[22:59:06.602] Pipe ricevuto: PING
[22:59:07.801] 💓 up=8020s | cb=100255 audio=8020.4s partials=2016 | rec=320 | pipe=✅
[22:59:16.595] Pipe ricevuto: PING
[22:59:17.802] 💓 up=8030s | cb=100380 audio=8030.4s partials=2016 | rec=320 | pipe=✅
[22:59:26.599] Pipe ricevuto: PING
[22:59:27.802] 💓 up=8040s | cb=100505 audio=8040.4s partials=2016 | rec=320 | pipe=✅
[22:59:36.600] Pipe ricevuto: PING
[22:59:37.803] 💓 up=8050s | cb=100630 audio=8050.4s partials=2019 | rec=320 | pipe=✅
[22:59:46.603] Pipe ricevuto: PING
[22:59:47.803] 💓 up=8060s | cb=100755 audio=8060.4s partials=2019 | rec=320 | pipe=✅
[22:59:56.605] Pipe ricevuto: PING
[22:59:57.804] 💓 up=8070s | cb=100880 audio=8070.4s partials=2019 | rec=320 | pipe=✅
[23:00:03.321]   ... "il primo"
[23:00:04.041]   🎯 [partial] RECOGNIZED:0.85:passo
[23:00:06.598] Pipe ricevuto: PING
[23:00:07.804] 💓 up=8080s | cb=101005 audio=8080.4s partials=2029 | rec=321 | pipe=✅
[23:00:10.440]   ... "media"
[23:00:10.441]   ⏳ Pending: "media" (attendo variante lunga, 800ms)
[23:00:11.238]   ... "media stato"
[23:00:11.299]   ⏰ Pending timeout: "media" (859ms)
[23:00:11.299]   🎯 [partial+timeout] RECOGNIZED:0.85:media
[23:00:12.361]   🎯 [partial] RECOGNIZED:0.85:stato gomme
[23:00:16.600] Pipe ricevuto: PING
[23:00:17.237]   ... "fare pit"
[23:00:17.804] 💓 up=8090s | cb=101130 audio=8090.4s partials=2057 | rec=323 | pipe=✅
[23:00:18.041]   📝 Finale: "fare"
[23:00:26.600] Pipe ricevuto: PING
[23:00:27.805] 💓 up=8100s | cb=101255 audio=8100.4s partials=2059 | rec=323 | pipe=✅
[23:00:36.601] Pipe ricevuto: PING
[23:00:37.805] 💓 up=8110s | cb=101380 audio=8110.4s partials=2059 | rec=323 | pipe=✅
[23:00:46.604] Pipe ricevuto: PING
[23:00:47.806] 💓 up=8120s | cb=101505 audio=8120.4s partials=2059 | rec=323 | pipe=✅
[23:00:56.606] Pipe ricevuto: PING
[23:00:57.806] 💓 up=8130s | cb=101630 audio=8130.4s partials=2059 | rec=323 | pipe=✅
[23:01:06.597] Pipe ricevuto: PING
[23:01:07.807] 💓 up=8140s | cb=101755 audio=8140.4s partials=2059 | rec=323 | pipe=✅
[23:01:10.121]   ... "aggiornamento"
[23:01:10.121]   🎯 [partial] RECOGNIZED:0.85:aggiornamento
[23:01:11.721]   🎯 [partial] RECOGNIZED:0.85:stato carburante
[23:01:12.841]   ⏳ Pending: "pressioni" (attendo variante lunga, 800ms)
[23:01:13.080]   🎯 [partial] RECOGNIZED:0.85:gomme
[23:01:14.922]   📝 Finale: "leader"
[23:01:16.599] Pipe ricevuto: PING
[23:01:17.807] 💓 up=8150s | cb=101880 audio=8150.4s partials=2068 | rec=326 | pipe=✅
[23:01:18.358]   ... "è"
[23:01:18.761]   📝 Finale: "è"
[23:01:23.562]   🎯 [partial] RECOGNIZED:0.85:dietro
[23:01:26.121]   🎯 [partial] RECOGNIZED:0.85:autonomia
[23:01:26.600] Pipe ricevuto: PING
[23:01:27.808] 💓 up=8160s | cb=102005 audio=8160.4s partials=2076 | rec=328 | pipe=✅
[23:01:36.601] Pipe ricevuto: PING
[23:01:37.808] 💓 up=8170s | cb=102130 audio=8170.4s partials=2076 | rec=328 | pipe=✅
[23:01:46.600] Pipe ricevuto: PING
[23:01:47.809] 💓 up=8180s | cb=102255 audio=8180.4s partials=2076 | rec=328 | pipe=✅
[23:01:56.603] Pipe ricevuto: PING
[23:01:57.809] 💓 up=8190s | cb=102380 audio=8190.4s partials=2076 | rec=328 | pipe=✅
[23:02:06.606] Pipe ricevuto: PING
[23:02:07.810] 💓 up=8200s | cb=102505 audio=8200.4s partials=2076 | rec=328 | pipe=✅
[23:02:16.597] Pipe ricevuto: PING
[23:02:17.810] 💓 up=8210s | cb=102630 audio=8210.4s partials=2076 | rec=328 | pipe=✅
[23:02:23.641]   🎯 [partial] RECOGNIZED:0.85:benzina
[23:02:26.598] Pipe ricevuto: PING
[23:02:26.837]   ... "sono"
[23:02:27.811] 💓 up=8220s | cb=102755 audio=8220.4s partials=2080 | rec=329 | pipe=✅
[23:02:31.242]   📝 Finale: "stop"
[23:02:32.440]   ⏳ Pending: "media" (attendo variante lunga, 800ms)
[23:02:33.161]   ... "mio passo"
[23:02:33.161]   🎯 [partial] RECOGNIZED:0.85:passo
[23:02:36.598] Pipe ricevuto: PING
[23:02:37.812] 💓 up=8230s | cb=102880 audio=8230.4s partials=2090 | rec=330 | pipe=✅
[23:02:40.761]   ⏳ Pending: "pressioni" (attendo variante lunga, 800ms)
[23:02:41.241]   ... "pressioni"
[23:02:41.611]   ⏰ Pending timeout: "pressioni" (860ms)
[23:02:41.611]   🎯 [partial+timeout] RECOGNIZED:0.85:pressioni
[23:02:45.561]   🎯 [partial] RECOGNIZED:0.85:aggiornamento
[23:02:46.605] Pipe ricevuto: PING
[23:02:47.812] 💓 up=8240s | cb=103005 audio=8240.4s partials=2105 | rec=332 | pipe=✅
[23:02:50.597]   ... "manca al"
[23:02:51.001]   🎯 [partial] RECOGNIZED:0.85:tempi
[23:02:54.358]   ... "primo"
[23:02:54.522]   📝 Finale: "primo"
[23:02:55.001]   ⏳ Pending: "pressioni" (attendo variante lunga, 800ms)
[23:02:55.722]   📝 Finale: "primo"
[23:02:55.861]   ⏰ Pending timeout: "pressioni" (860ms)
[23:02:55.861]   🎯 [partial+timeout] RECOGNIZED:0.85:pressioni
[23:02:56.602] Pipe ricevuto: PING
[23:02:56.681]   🎯 [partial] RECOGNIZED:0.85:benzina
[23:02:57.158]   ... "primo"
[23:02:57.813] 💓 up=8250s | cb=103130 audio=8250.4s partials=2137 | rec=335 | pipe=✅
[23:02:58.041]   🎯 [partial] RECOGNIZED:0.85:quello dietro
[23:02:58.921]   🎯 [partial] RECOGNIZED:0.85:davanti
[23:02:59.323]   ... "chi"
[23:03:03.641]   🎯 [partial] RECOGNIZED:0.85:gap dal primo
[23:03:04.761]   ... "stop"
[23:03:05.001]   📝 Finale: "stop"
[23:03:06.201]   ⏳ Pending: "pressioni" (attendo variante lunga, 800ms)
[23:03:06.606] Pipe ricevuto: PING
[23:03:06.681]   ↑ Upgrade: "pressioni" → "carburante"
[23:03:06.681]   🎯 [partial+upgrade] RECOGNIZED:0.85:carburante
[23:03:07.320]   ... "situazione"
[23:03:07.320]   🎯 [partial] RECOGNIZED:0.85:situazione
[23:03:07.813] 💓 up=8260s | cb=103255 audio=8260.4s partials=2160 | rec=340 | pipe=✅
[23:03:08.200]   🎯 [partial] RECOGNIZED:0.85:passo
[23:03:10.281]   🎯 [partial] RECOGNIZED:0.85:situazione
[23:03:10.921]   🎯 [partial] RECOGNIZED:0.85:aggiornamento
[23:03:12.521]   ... "situazione"
[23:03:12.521]   🎯 [partial] RECOGNIZED:0.85:situazione
[23:03:13.161]   🎯 [partial] RECOGNIZED:0.85:meteo
[23:03:15.721]   🎯 [partial] RECOGNIZED:0.85:aggiornamento
[23:03:16.599] Pipe ricevuto: PING
[23:03:17.157]   ... "sono le manca"
[23:03:17.814] 💓 up=8270s | cb=103380 audio=8270.4s partials=2188 | rec=346 | pipe=✅
[23:03:17.957]   ... "sono le manca al"
[23:03:18.041]   📝 Finale: "sono le manca"
[23:03:25.961]   🎯 [partial] RECOGNIZED:0.85:dietro
[23:03:26.604] Pipe ricevuto: PING
[23:03:26.757]   ... "manca"
[23:03:27.814] 💓 up=8280s | cb=103505 audio=8280.4s partials=2203 | rec=347 | pipe=✅
[23:03:31.401]   🎯 [partial] RECOGNIZED:0.85:dietro
[23:03:32.280]   🎯 [partial] RECOGNIZED:0.85:gomme
[23:03:32.683]   🎯 [partial] RECOGNIZED:0.85:davanti
[23:03:33.082]   🎯 [partial] RECOGNIZED:0.85:classifica
[23:03:34.118]   ... "classifica"
[23:03:34.921]   ... "classifica leader"
[23:03:35.162]   🎯 [partial] RECOGNIZED:0.85:classifica
[23:03:36.599] Pipe ricevuto: PING
[23:03:37.815] 💓 up=8290s | cb=103630 audio=8290.4s partials=2223 | rec=352 | pipe=✅
[23:03:40.841]   ⏳ Pending: "distacco" (attendo variante lunga, 800ms)
[23:03:41.692]   ⏰ Pending timeout: "distacco" (860ms)
[23:03:41.692]   🎯 [partial+timeout] RECOGNIZED:0.85:distacco
[23:03:43.481]   ... "quello"
[23:03:43.961]   📝 Finale: "fuel"
[23:03:43.961]   🎯 [final] RECOGNIZED:0.85:fuel
[23:03:46.602] Pipe ricevuto: PING
[23:03:47.815] 💓 up=8300s | cb=103755 audio=8300.4s partials=2238 | rec=354 | pipe=✅
[23:03:50.677]   ... "messo"
[23:03:51.321]   📝 Finale: "messo"
[23:03:53.637]   ... "sono"
[23:03:54.682]   📝 Finale: "sono messo"
[23:03:55.641]   🎯 [partial] RECOGNIZED:0.85:benzina
[23:03:56.596] Pipe ricevuto: PING
[23:03:57.816] 💓 up=8310s | cb=103880 audio=8310.4s partials=2257 | rec=355 | pipe=✅
[23:04:01.477]   ... "sono"
[23:04:02.762]   🎯 [partial] RECOGNIZED:0.85:quanta benzina
[23:04:05.237]   ... "quanto manca"
[23:04:05.321]   📝 Finale: "quanto"
[23:04:06.041]   🎯 [partial] RECOGNIZED:0.85:posizione
[23:04:06.442]   ⏳ Pending: "distacco" (attendo variante lunga, 800ms)
[23:04:06.601] Pipe ricevuto: PING
[23:04:07.298]   ⏰ Pending timeout: "distacco" (859ms)
[23:04:07.298]   🎯 [partial+timeout] RECOGNIZED:0.85:distacco
[23:04:07.817] 💓 up=8320s | cb=104005 audio=8320.4s partials=2274 | rec=358 | pipe=✅
[23:04:08.121]   🎯 [partial] RECOGNIZED:0.85:davanti
[23:04:08.598]   ... "giri"
[23:04:08.761]   🎯 [partial] RECOGNIZED:0.85:aggiornamento
[23:04:09.881]   ⏳ Pending: "pressioni" (attendo variante lunga, 800ms)
[23:04:10.677]   ... "dal primo"
[23:04:10.734]   ⏰ Pending timeout: "pressioni" (860ms)
[23:04:10.734]   🎯 [partial+timeout] RECOGNIZED:0.85:pressioni
[23:04:11.560]   ⏳ Pending: "distacco" (attendo variante lunga, 800ms)
[23:04:12.280]   ... "distacco dal stop"
[23:04:12.407]   ⏰ Pending timeout: "distacco" (859ms)
[23:04:12.407]   🎯 [partial+timeout] RECOGNIZED:0.85:distacco
[23:04:16.595] Pipe ricevuto: PING
[23:04:17.237]   ... "chi"
[23:04:17.322]   📝 Finale: "chi"
[23:04:17.817] 💓 up=8330s | cb=104130 audio=8330.4s partials=2310 | rec=362 | pipe=✅
[23:04:18.761]   🎯 [partial] RECOGNIZED:0.85:benzina
[23:04:22.521]   🎯 [partial] RECOGNIZED:0.85:gomme
[23:04:23.400]   🎯 [partial] RECOGNIZED:0.85:classifica
[23:04:26.201]   ... "come situazione"
[23:04:26.201]   🎯 [partial] RECOGNIZED:0.85:situazione
[23:04:26.599] Pipe ricevuto: PING
[23:04:27.818] 💓 up=8340s | cb=104255 audio=8340.4s partials=2320 | rec=366 | pipe=✅
[23:04:28.041]   🎯 [partial] RECOGNIZED:0.85:benzina
[23:04:32.762]   🎯 [partial] RECOGNIZED:0.85:quanta benzina
[23:04:34.121]   ⏳ Pending: "gap" (attendo variante lunga, 800ms)
[23:04:34.197]   ... "gap"
[23:04:34.970]   ⏰ Pending timeout: "gap" (859ms)
[23:04:34.971]   🎯 [partial+timeout] RECOGNIZED:0.85:gap
[23:04:36.606] Pipe ricevuto: PING
[23:04:37.818] 💓 up=8350s | cb=104380 audio=8350.4s partials=2339 | rec=369 | pipe=✅
[23:04:46.599] Pipe ricevuto: PING
[23:04:47.819] 💓 up=8360s | cb=104505 audio=8360.4s partials=2339 | rec=369 | pipe=✅
[23:04:56.601] Pipe ricevuto: PING
[23:04:57.819] 💓 up=8370s | cb=104630 audio=8370.4s partials=2339 | rec=369 | pipe=✅
[23:05:06.603] Pipe ricevuto: PING
[23:05:07.820] 💓 up=8380s | cb=104755 audio=8380.4s partials=2339 | rec=369 | pipe=✅
[23:05:16.604] Pipe ricevuto: PING
[23:05:17.820] 💓 up=8390s | cb=104880 audio=8390.4s partials=2339 | rec=369 | pipe=✅
[23:05:26.597] Pipe ricevuto: PING
[23:05:27.821] 💓 up=8400s | cb=105005 audio=8400.4s partials=2339 | rec=369 | pipe=✅
[23:05:36.603] Pipe ricevuto: PING
[23:05:37.822] 💓 up=8410s | cb=105130 audio=8410.4s partials=2339 | rec=369 | pipe=✅
[23:05:42.041]   ... "passo"
[23:05:42.041]   🎯 [partial] RECOGNIZED:0.85:passo
[23:05:42.681]   ⏳ Pending: "distacco" (attendo variante lunga, 800ms)
[23:05:43.534]   ⏰ Pending timeout: "distacco" (859ms)
[23:05:43.534]   🎯 [partial+timeout] RECOGNIZED:0.85:distacco
[23:05:46.605] Pipe ricevuto: PING
[23:05:47.822] 💓 up=8420s | cb=105255 audio=8420.4s partials=2343 | rec=371 | pipe=✅
[23:05:51.801]   🎯 [partial] RECOGNIZED:0.85:benzina
[23:05:52.921]   🎯 [partial] RECOGNIZED:0.85:meteo
[23:05:53.637]   ... "fare"
[23:05:55.397]   ... "sono"
[23:05:55.481]   🎯 [partial] RECOGNIZED:0.85:dove sono
[23:05:56.121]   🎯 [partial] RECOGNIZED:0.85:tempi
[23:05:56.596] Pipe ricevuto: PING
[23:05:57.823] 💓 up=8430s | cb=105380 audio=8430.4s partials=2368 | rec=375 | pipe=✅
[23:05:59.401]   🎯 [partial] RECOGNIZED:0.85:fuel
[23:06:00.761]   ... "fuel"
[23:06:01.241]   📝 Finale: "fuel"
[23:06:02.037]   ... "quanta"
[23:06:02.201]   🎯 [partial] RECOGNIZED:0.85:quanta benzina
[23:06:02.841]   🎯 [partial] RECOGNIZED:0.85:report
[23:06:06.598] Pipe ricevuto: PING
[23:06:07.823] 💓 up=8440s | cb=105505 audio=8440.4s partials=2383 | rec=378 | pipe=✅
[23:06:15.720]   🎯 [partial] RECOGNIZED:0.85:gomme
[23:06:16.123]   🎯 [partial] RECOGNIZED:0.85:piove
[23:06:16.599] Pipe ricevuto: PING
[23:06:17.824] 💓 up=8450s | cb=105630 audio=8450.4s partials=2385 | rec=380 | pipe=✅
[23:06:20.841]   🎯 [partial] RECOGNIZED:0.85:gomme
[23:06:21.481]   ... "pista"
[23:06:21.721]   🎯 [partial] RECOGNIZED:0.85:meteo
[23:06:22.360]   ⏳ Pending: "media" (attendo variante lunga, 800ms)
[23:06:23.220]   ⏰ Pending timeout: "media" (859ms)
[23:06:23.220]   🎯 [partial+timeout] RECOGNIZED:0.85:media
[23:06:26.441]   ... "fare pit stop"
[23:06:26.441]   🎯 [partial] RECOGNIZED:0.85:pit stop
[23:06:26.600] Pipe ricevuto: PING
[23:06:27.824] 💓 up=8460s | cb=105755 audio=8460.4s partials=2403 | rec=384 | pipe=✅
[23:06:28.761]   📝 Finale: "situazione"
[23:06:28.761]   🎯 [final] RECOGNIZED:0.85:situazione
[23:06:31.801]   🎯 [partial] RECOGNIZED:0.85:classifica
[23:06:33.161]   🎯 [partial] RECOGNIZED:0.85:strategia
[23:06:33.563]   ⏳ Pending: "pressioni" (attendo variante lunga, 800ms)
[23:06:33.637]   ... "pressioni"
[23:06:34.408]   ⏰ Pending timeout: "pressioni" (859ms)
[23:06:34.408]   🎯 [partial+timeout] RECOGNIZED:0.85:pressioni
[23:06:35.637]   ... "quanto manca"
[23:06:35.721]   🎯 [partial] RECOGNIZED:0.85:classifica
[23:06:36.123]   🎯 [partial] RECOGNIZED:0.85:tempi
[23:06:36.599] Pipe ricevuto: PING
[23:06:37.318]   ... "stato"
[23:06:37.721]   🎯 [partial] RECOGNIZED:0.85:benzina
[23:06:37.825] 💓 up=8470s | cb=105880 audio=8470.4s partials=2435 | rec=391 | pipe=✅
[23:06:38.123]   ⏳ Pending: "media" (attendo variante lunga, 800ms)
[23:06:38.841]   🎯 [partial] RECOGNIZED:0.85:tempi
[23:06:44.281]   ... "dove"
[23:06:44.521]   🎯 [partial] RECOGNIZED:0.85:dove sono
[23:06:46.600] Pipe ricevuto: PING
[23:06:47.825] 💓 up=8480s | cb=106005 audio=8480.4s partials=2444 | rec=393 | pipe=✅
[23:06:48.041]   🎯 [partial] RECOGNIZED:0.85:gomme
[23:06:51.237]   ... "dal"
[23:06:51.802]   📝 Finale: "dal"
[23:06:52.280]   ... "condizioni"
[23:06:52.521]   🎯 [partial] RECOGNIZED:0.85:condizioni pista
[23:06:56.597] Pipe ricevuto: PING
[23:06:57.826] 💓 up=8490s | cb=106130 audio=8490.4s partials=2463 | rec=395 | pipe=✅
[23:07:01.321]   ... "pressioni"
[23:07:01.321]   ⏳ Pending: "pressioni" (attendo variante lunga, 800ms)
[23:07:02.117]   ... "sono il mio"
[23:07:02.173]   ⏰ Pending timeout: "pressioni" (859ms)
[23:07:02.173]   🎯 [partial+timeout] RECOGNIZED:0.85:pressioni
[23:07:03.481]   🎯 [partial] RECOGNIZED:0.85:davanti
[23:07:06.521]   ⏳ Pending: "media" (attendo variante lunga, 800ms)
[23:07:06.605] Pipe ricevuto: PING
[23:07:06.917]   ... "messo"
[23:07:07.001]   ↑ Upgrade: "media" → "aggiornamento"
[23:07:07.002]   🎯 [partial+upgrade] RECOGNIZED:0.85:aggiornamento
[23:07:07.403]   🎯 [partial] RECOGNIZED:0.85:report
[23:07:07.827] 💓 up=8500s | cb=106255 audio=8500.4s partials=2492 | rec=399 | pipe=✅
[23:07:15.241]   ⏳ Pending: "gap" (attendo variante lunga, 800ms)
[23:07:16.094]   ⏰ Pending timeout: "gap" (859ms)
[23:07:16.094]   🎯 [partial+timeout] RECOGNIZED:0.85:gap
[23:07:16.604] Pipe ricevuto: PING
[23:07:16.997]   ... "dal"
[23:07:17.797]   ... "stato"
[23:07:17.827] 💓 up=8510s | cb=106380 audio=8510.4s partials=2510 | rec=400 | pipe=✅
[23:07:17.881]   📝 Finale: "dal"
[23:07:26.604] Pipe ricevuto: PING
[23:07:27.828] 💓 up=8520s | cb=106505 audio=8520.4s partials=2510 | rec=400 | pipe=✅
[23:07:35.881]   🎯 [partial] RECOGNIZED:0.85:come vado
[23:07:36.283]   🎯 [partial] RECOGNIZED:0.85:benzina
[23:07:36.601] Pipe ricevuto: PING
[23:07:37.477]   ... "dal"
[23:07:37.641]   🎯 [partial] RECOGNIZED:0.85:situazione
[23:07:37.828] 💓 up=8530s | cb=106630 audio=8530.4s partials=2522 | rec=403 | pipe=✅
[23:07:39.961]   🎯 [partial] RECOGNIZED:0.85:situazione
[23:07:42.280]   ... "dal"
[23:07:43.001]   🎯 [partial] RECOGNIZED:0.85:chi ho davanti
[23:07:44.121]   ⏳ Pending: "pressioni" (attendo variante lunga, 800ms)
[23:07:44.971]   ⏰ Pending timeout: "pressioni" (859ms)
[23:07:44.971]   🎯 [partial+timeout] RECOGNIZED:0.85:pressioni
[23:07:46.521]   ... "vado"
[23:07:46.600] Pipe ricevuto: PING
[23:07:47.481]   🎯 [partial] RECOGNIZED:0.85:posizione
[23:07:47.829] 💓 up=8540s | cb=106755 audio=8540.4s partials=2549 | rec=407 | pipe=✅
[23:07:48.360]   ... "dal"
[23:07:49.081]   ⏳ Pending: "gap" (attendo variante lunga, 800ms)
[23:07:49.397]   ... "gap"
[23:07:49.562]   📝 Finale: "dal primo"
[23:07:49.801]   ↑ Upgrade: "gap" → "dove sono"
[23:07:49.801]   🎯 [partial+upgrade] RECOGNIZED:0.85:dove sono
[23:07:55.001]   🎯 [partial] RECOGNIZED:0.85:benzina
[23:07:56.596] Pipe ricevuto: PING
[23:07:57.829] 💓 up=8550s | cb=106880 audio=8550.4s partials=2564 | rec=409 | pipe=✅
[23:07:59.721]   📝 Finale: "leader"
[23:08:06.602] Pipe ricevuto: PING
[23:08:06.921]   ... "ho"
[23:08:07.640]   🎯 [partial] RECOGNIZED:0.85:davanti
[23:08:07.830] 💓 up=8560s | cb=107005 audio=8560.4s partials=2579 | rec=410 | pipe=✅
[23:08:09.481]   ... "dietro"
[23:08:09.481]   🎯 [partial] RECOGNIZED:0.85:dietro
[23:08:10.121]   🎯 [partial] RECOGNIZED:0.85:gomme
[23:08:16.603] Pipe ricevuto: PING
[23:08:17.830] 💓 up=8570s | cb=107130 audio=8570.4s partials=2586 | rec=412 | pipe=✅
[23:08:20.841]   🎯 [partial] RECOGNIZED:0.85:piove
[23:08:26.603] Pipe ricevuto: PING
[23:08:27.830] 💓 up=8580s | cb=107255 audio=8580.4s partials=2588 | rec=413 | pipe=✅
[23:08:29.640]   ⏳ Pending: "pressioni" (attendo variante lunga, 800ms)
[23:08:29.718]   ... "pressioni"
[23:08:30.121]   🎯 [partial] RECOGNIZED:0.85:strategia
[23:08:33.477]   ... "dal"
[23:08:34.125]   📝 Finale: "dal"
[23:08:35.718]   ... "leader"
[23:08:36.600] Pipe ricevuto: PING
[23:08:37.831] 💓 up=8590s | cb=107380 audio=8590.4s partials=2613 | rec=414 | pipe=✅
[23:08:39.161]   📝 Finale: "vado"
[23:08:40.121]   🎯 [partial] RECOGNIZED:0.85:benzina
[23:08:40.918]   ... "come"
[23:08:41.481]   📝 Finale: "come"
[23:08:46.281]   🎯 [partial] RECOGNIZED:0.85:carburante
[23:08:46.601] Pipe ricevuto: PING
[23:08:47.831] 💓 up=8600s | cb=107505 audio=8600.4s partials=2627 | rec=416 | pipe=✅
[23:08:49.081]   📝 Finale: "sono"
[23:08:50.438]   ... "sono"
[23:08:50.521]   🎯 [partial] RECOGNIZED:0.85:situazione
[23:08:51.641]   🎯 [partial] RECOGNIZED:0.85:benzina
[23:08:53.481]   📝 Finale: "ho primo"
[23:08:54.037]   ... "dal"
[23:08:56.601] Pipe ricevuto: PING
[23:08:57.832] 💓 up=8610s | cb=107630 audio=8610.4s partials=2644 | rec=418 | pipe=✅
[23:08:59.721]   🎯 [partial] RECOGNIZED:0.85:aggiornamento
[23:09:02.041]   🎯 [partial] RECOGNIZED:0.85:benzina
[23:09:04.122]   ... "benzina"
[23:09:04.122]   🎯 [partial] RECOGNIZED:0.85:benzina
[23:09:04.522]   ⏳ Pending: "pressioni" (attendo variante lunga, 800ms)
[23:09:05.377]   ⏰ Pending timeout: "pressioni" (859ms)
[23:09:05.377]   🎯 [partial+timeout] RECOGNIZED:0.85:pressioni
[23:09:06.598] Pipe ricevuto: PING
[23:09:07.832] 💓 up=8620s | cb=107755 audio=8620.4s partials=2653 | rec=422 | pipe=✅
[23:09:13.401]   ... "leader"
[23:09:14.198]   ... "leader dal leader"
[23:09:14.603]   📝 Finale: "leader dal leader"
[23:09:16.521]   🎯 [partial] RECOGNIZED:0.85:tempi
[23:09:16.606] Pipe ricevuto: PING
[23:09:17.833] 💓 up=8630s | cb=107880 audio=8630.4s partials=2675 | rec=423 | pipe=✅
[23:09:24.121]   🎯 [partial] RECOGNIZED:0.85:autonomia
[23:09:26.597] Pipe ricevuto: PING
[23:09:27.833] 💓 up=8640s | cb=108005 audio=8640.4s partials=2676 | rec=424 | pipe=✅
[23:09:34.365]   📝 Finale: "sono"
[23:09:36.597] Pipe ricevuto: PING
[23:09:37.834] 💓 up=8650s | cb=108130 audio=8650.4s partials=2679 | rec=424 | pipe=✅
[23:09:38.440]   ... "distacco"
[23:09:38.441]   ⏳ Pending: "distacco" (attendo variante lunga, 800ms)
[23:09:39.161]   📝 Finale: "stop"
[23:09:39.297]   ⏰ Pending timeout: "distacco" (859ms)
[23:09:39.298]   🎯 [partial+timeout] RECOGNIZED:0.85:distacco
[23:09:41.397]   ... "mio"
[23:09:41.560]   🎯 [partial] RECOGNIZED:0.85:passo
[23:09:43.401]   📝 Finale: "stop"
[23:09:44.121]   ⏳ Pending: "gap" (attendo variante lunga, 800ms)
[23:09:44.361]   ↑ Upgrade: "gap" → "tempi"
[23:09:44.362]   🎯 [partial+upgrade] RECOGNIZED:0.85:tempi
[23:09:46.597] Pipe ricevuto: PING
[23:09:47.834] 💓 up=8660s | cb=108255 audio=8660.4s partials=2699 | rec=427 | pipe=✅
[23:09:52.681]   ... "sono"
[23:09:53.161]   🎯 [partial] RECOGNIZED:0.85:meteo
[23:09:55.481]   ... "stop"
[23:09:55.961]   🎯 [partial] RECOGNIZED:0.85:davanti
[23:09:56.596] Pipe ricevuto: PING
[23:09:57.835] 💓 up=8670s | cb=108380 audio=8670.4s partials=2716 | rec=429 | pipe=✅
[23:10:00.441]   ... "grip"
[23:10:00.441]   🎯 [partial] RECOGNIZED:0.85:grip
[23:10:01.561]   🎯 [partial] RECOGNIZED:0.85:classifica
[23:10:05.561]   🎯 [partial] RECOGNIZED:0.85:situazione
[23:10:06.201]   🎯 [partial] RECOGNIZED:0.85:strategia
[23:10:06.597] Pipe ricevuto: PING
[23:10:07.835] 💓 up=8680s | cb=108505 audio=8680.4s partials=2723 | rec=433 | pipe=✅
[23:10:08.521]   🎯 [partial] RECOGNIZED:0.85:benzina
[23:10:09.077]   ... "benzina"
[23:10:09.881]   📝 Finale: "benzina"
[23:10:11.321]   ... "pressioni"
[23:10:11.321]   ⏳ Pending: "pressioni" (attendo variante lunga, 800ms)
[23:10:11.801]   🎯 [partial] RECOGNIZED:0.85:gomme
[23:10:13.401]   ... "chi condizioni"
[23:10:13.882]   📝 Finale: "chi"
[23:10:15.081]   🎯 [partial] RECOGNIZED:0.85:benzina
[23:10:16.599] Pipe ricevuto: PING
[23:10:17.836] 💓 up=8690s | cb=108630 audio=8690.4s partials=2759 | rec=436 | pipe=✅
[23:10:26.604] Pipe ricevuto: PING
[23:10:27.836] 💓 up=8700s | cb=108755 audio=8700.4s partials=2759 | rec=436 | pipe=✅
[23:10:36.603] Pipe ricevuto: PING
[23:10:37.322]   ... "gap"
[23:10:37.322]   ⏳ Pending: "gap" (attendo variante lunga, 800ms)
[23:10:37.561]   ↑ Upgrade: "gap" → "autonomia"
[23:10:37.561]   🎯 [partial+upgrade] RECOGNIZED:0.85:autonomia
[23:10:37.837] 💓 up=8710s | cb=108880 audio=8710.4s partials=2763 | rec=437 | pipe=✅
[23:10:40.842]   ... "distacco"
[23:10:40.842]   ⏳ Pending: "distacco" (attendo variante lunga, 800ms)
[23:10:41.321]   📝 Finale: "pista"
[23:10:41.691]   ⏰ Pending timeout: "distacco" (860ms)
[23:10:41.691]   🎯 [partial+timeout] RECOGNIZED:0.85:distacco
[23:10:46.605] Pipe ricevuto: PING
[23:10:47.837] 💓 up=8720s | cb=109005 audio=8720.4s partials=2775 | rec=438 | pipe=✅
[23:10:49.721]   🎯 [partial] RECOGNIZED:0.85:gomme
[23:10:51.801]   ... "stato"
[23:10:52.521]   🎯 [partial] RECOGNIZED:0.85:strategia
[23:10:54.362]   🎯 [partial] RECOGNIZED:0.85:situazione
[23:10:56.596] Pipe ricevuto: PING
[23:10:57.161]   ⏳ Pending: "media" (attendo variante lunga, 800ms)
[23:10:57.317]   ... "pit media"
[23:10:57.838] 💓 up=8730s | cb=109130 audio=8730.4s partials=2796 | rec=441 | pipe=✅
[23:10:57.881]   📝 Finale: "pit media"
[23:10:57.881]   🎯 [final] RECOGNIZED:0.85:media
[23:10:58.282]   🎯 [partial] RECOGNIZED:0.85:dove sono
[23:10:58.682]   🎯 [partial] RECOGNIZED:0.85:davanti
[23:11:06.597] Pipe ricevuto: PING
[23:11:07.838] 💓 up=8740s | cb=109255 audio=8740.4s partials=2798 | rec=444 | pipe=✅
[23:11:16.596] Pipe ricevuto: PING
[23:11:17.839] 💓 up=8750s | cb=109380 audio=8750.4s partials=2798 | rec=444 | pipe=✅
[23:11:19.077]   ... "temperature"
[23:11:21.401]   📝 Finale: "come"
[23:11:24.760]   ⏳ Pending: "media" (attendo variante lunga, 800ms)
[23:11:25.610]   ⏰ Pending timeout: "media" (860ms)
[23:11:25.611]   🎯 [partial+timeout] RECOGNIZED:0.85:media
[23:11:26.601] Pipe ricevuto: PING
[23:11:27.839] 💓 up=8760s | cb=109505 audio=8760.4s partials=2804 | rec=445 | pipe=✅
[23:11:32.441]   📝 Finale: "aggiornamento"
[23:11:32.442]   🎯 [final] RECOGNIZED:0.85:aggiornamento
[23:11:35.241]   🎯 [partial] RECOGNIZED:0.85:dove sono
[23:11:35.880]   ⏳ Pending: "distacco" (attendo variante lunga, 800ms)
[23:11:36.599] Pipe ricevuto: PING
[23:11:36.737]   ⏰ Pending timeout: "distacco" (860ms)
[23:11:36.737]   🎯 [partial+timeout] RECOGNIZED:0.85:distacco
[23:11:37.840] 💓 up=8770s | cb=109630 audio=8770.4s partials=2809 | rec=448 | pipe=✅
[23:11:37.877]   ... "dove"
[23:11:38.041]   🎯 [partial] RECOGNIZED:0.85:dove sono
[23:11:43.481]   ⏳ Pending: "media" (attendo variante lunga, 800ms)
[23:11:44.037]   ... "dal"
[23:11:44.201]   🎯 [partial] RECOGNIZED:0.85:gomme
[23:11:46.598] Pipe ricevuto: PING
[23:11:47.840] 💓 up=8780s | cb=109755 audio=8780.4s partials=2822 | rec=450 | pipe=✅
[23:11:49.405]   🎯 [partial] RECOGNIZED:0.85:fuel
[23:11:50.521]   ... "dammi tutto"
[23:11:50.521]   🎯 [partial] RECOGNIZED:0.85:dammi tutto
[23:11:52.840]   🎯 [partial] RECOGNIZED:0.85:situazione
[23:11:55.881]   ⏳ Pending: "distacco" (attendo variante lunga, 800ms)
[23:11:56.597] Pipe ricevuto: PING
[23:11:56.737]   ⏰ Pending timeout: "distacco" (860ms)
[23:11:56.737]   🎯 [partial+timeout] RECOGNIZED:0.85:distacco
[23:11:57.841] 💓 up=8790s | cb=109880 audio=8790.4s partials=2837 | rec=454 | pipe=✅
[23:12:02.841]   ⏳ Pending: "gap" (attendo variante lunga, 800ms)
[23:12:02.997]   ... "gap"
[23:12:03.081]   ↑ Upgrade: "gap" → "tempi"
[23:12:03.081]   🎯 [partial+upgrade] RECOGNIZED:0.85:tempi
[23:12:05.641]   🎯 [partial] RECOGNIZED:0.85:meteo
[23:12:06.602] Pipe ricevuto: PING
[23:12:07.841] 💓 up=8800s | cb=110005 audio=8800.4s partials=2845 | rec=456 | pipe=✅
[23:12:15.477]   ... "vado"
[23:12:15.881]   🎯 [partial] RECOGNIZED:0.85:pit stop
[23:12:16.603] Pipe ricevuto: PING
[23:12:17.841] 💓 up=8810s | cb=110130 audio=8810.4s partials=2855 | rec=457 | pipe=✅
[23:12:19.957]   ... "vado"
[23:12:20.121]   🎯 [partial] RECOGNIZED:0.85:dietro
[23:12:22.680]   🎯 [partial] RECOGNIZED:0.85:gomme
[23:12:23.321]   🎯 [partial] RECOGNIZED:0.85:strategia
[23:12:26.277]   ... "al primo"
[23:12:26.600] Pipe ricevuto: PING
[23:12:27.842] 💓 up=8820s | cb=110255 audio=8820.4s partials=2870 | rec=460 | pipe=✅
[23:12:29.961]   🎯 [partial] RECOGNIZED:0.85:carburante
[23:12:30.840]   🎯 [partial] RECOGNIZED:0.85:strategia
[23:12:36.600] Pipe ricevuto: PING
[23:12:37.842] 💓 up=8830s | cb=110380 audio=8830.4s partials=2872 | rec=462 | pipe=✅
[23:12:46.605] Pipe ricevuto: PING
[23:12:47.843] 💓 up=8840s | cb=110505 audio=8840.4s partials=2872 | rec=462 | pipe=✅
[23:12:56.605] Pipe ricevuto: PING
[23:12:57.843] 💓 up=8850s | cb=110630 audio=8850.4s partials=2872 | rec=462 | pipe=✅
[23:13:06.605] Pipe ricevuto: PING
[23:13:07.844] 💓 up=8860s | cb=110755 audio=8860.4s partials=2872 | rec=462 | pipe=✅
[23:13:16.600] Pipe ricevuto: PING
[23:13:17.844] 💓 up=8870s | cb=110880 audio=8870.4s partials=2872 | rec=462 | pipe=✅
[23:13:26.601] Pipe ricevuto: PING
[23:13:27.845] 💓 up=8880s | cb=111005 audio=8880.4s partials=2872 | rec=462 | pipe=✅
[23:13:32.846] Pipe ricevuto: STOP
[23:13:33.913] ============================================================
[23:13:33.913] MMCM Speech Helper — Python + Vosk v3 (high priority)
[23:13:33.913] ============================================================
[23:13:33.913] Python: 3.12.7 (tags/v3.12.7:0b05ead, Oct  1 2024, 03:06:41) [MSC v.1941 64 bit (AMD64)]
[23:13:33.913] Processo: 64-bit
[23:13:33.913] PID: 5288
[23:13:33.913] ⚠️ SetPriorityClass ha restituito False
[23:13:33.914] Lingua: it
[23:13:33.914] Modello Vosk trovato: C:\Program Files (x86)\SimHub\MMCMSpeechHelper\model
[23:13:33.914] CommandMatcher: 52 comandi (it), 4 con varianti più lunghe
[23:13:33.914] Caricamento modello Vosk: C:\Program Files (x86)\SimHub\MMCMSpeechHelper\model
[23:13:34.204] Modello caricato in 0.3s
[23:13:34.205] Grammar: 52 comandi
[23:13:34.205] ✅ Vosk recognizer pronto!
[23:13:34.206] Pipe: in attesa connessione...
[23:13:34.206] Recognition loop avviato (thread priorità alta)
[23:13:34.206] Dispositivi audio input:
[23:13:34.206] Premi Ctrl+C per uscire
[23:13:34.206]   [0] Microsoft Sound Mapper - Input (ch: 2, sr: 44100Hz)
[23:13:34.207]   [1] Microfono (Pimax) (ch: 1, sr: 44100Hz) ← DEFAULT
[23:13:34.207]   [9] Driver primario di acquisizione suoni (ch: 2, sr: 44100Hz)
[23:13:34.207]   [10] Microfono (Pimax) (ch: 1, sr: 44100Hz)
[23:13:34.207]   [24] Microfono (Pimax) (ch: 1, sr: 48000Hz)
[23:13:34.207]   [25] Linea in ingresso (Realtek HD Audio Line input) (ch: 2, sr: 44100Hz)
[23:13:34.207]   [26] Microfono (Realtek HD Audio Mic input) (ch: 2, sr: 44100Hz)
[23:13:34.207]   [28] Missaggio stereo (Realtek HD Audio Stereo input) (ch: 2, sr: 44100Hz)
[23:13:34.207]   [32] Input (SYSVAD Wave Speaker) (ch: 2, sr: 44100Hz)
[23:13:34.207]   [36] Microfono (Pimax) (ch: 1, sr: 48000Hz)
[23:13:34.215] 🎤 Audio: 16000Hz mono, block=1280 (80ms), latency=low
[23:13:34.215] ✅ In ascolto! Parla...
[23:13:36.494] Pipe: connesso!
[23:13:43.510] Pipe ricevuto: PING
[23:13:44.207] 💓 up=10s | cb=124 audio=9.9s partials=0 | rec=0 | pipe=✅
[23:13:53.512] Pipe ricevuto: PING
[23:13:54.208] 💓 up=20s | cb=249 audio=19.9s partials=0 | rec=0 | pipe=✅
[23:14:03.511] Pipe ricevuto: PING
[23:14:04.209] 💓 up=30s | cb=374 audio=29.9s partials=0 | rec=0 | pipe=✅
[23:14:13.508] Pipe ricevuto: PING
[23:14:14.210] 💓 up=40s | cb=499 audio=39.9s partials=0 | rec=0 | pipe=✅
[23:14:23.501] Pipe ricevuto: PING
[23:14:24.210] 💓 up=50s | cb=624 audio=49.9s partials=0 | rec=0 | pipe=✅
[23:14:33.504] Pipe ricevuto: PING
[23:14:34.211] 💓 up=60s | cb=749 audio=59.9s partials=0 | rec=0 | pipe=✅
[23:14:43.507] Pipe ricevuto: PING
[23:14:44.211] 💓 up=70s | cb=874 audio=69.9s partials=0 | rec=0 | pipe=✅
[23:14:53.509] Pipe ricevuto: PING
[23:14:54.212] 💓 up=80s | cb=999 audio=79.9s partials=0 | rec=0 | pipe=✅
[23:15:03.502] Pipe ricevuto: PING
[23:15:04.213] 💓 up=90s | cb=1124 audio=89.9s partials=0 | rec=0 | pipe=✅
[23:15:13.506] Pipe ricevuto: PING
[23:15:14.213] 💓 up=100s | cb=1249 audio=99.9s partials=0 | rec=0 | pipe=✅
[23:15:23.503] Pipe ricevuto: PING
[23:15:24.214] 💓 up=110s | cb=1374 audio=109.9s partials=0 | rec=0 | pipe=✅
[23:15:33.505] Pipe ricevuto: PING
[23:15:34.214] 💓 up=120s | cb=1499 audio=119.9s partials=0 | rec=0 | pipe=✅
[23:15:43.506] Pipe ricevuto: PING
[23:15:44.215] 💓 up=130s | cb=1624 audio=129.9s partials=0 | rec=0 | pipe=✅
[23:15:53.510] Pipe ricevuto: PING
[23:15:54.215] 💓 up=140s | cb=1749 audio=139.9s partials=0 | rec=0 | pipe=✅
[23:16:03.512] Pipe ricevuto: PING
[23:16:04.216] 💓 up=150s | cb=1874 audio=149.9s partials=0 | rec=0 | pipe=✅
[23:16:13.505] Pipe ricevuto: PING
[23:16:14.216] 💓 up=160s | cb=1999 audio=159.9s partials=0 | rec=0 | pipe=✅
[23:16:20.702]   🎯 [partial] RECOGNIZED:0.85:classifica
[23:16:23.022]   🎯 [partial] RECOGNIZED:0.85:fuel
[23:16:23.506] Pipe ricevuto: PING
[23:16:24.217] 💓 up=170s | cb=2124 audio=169.9s partials=8 | rec=2 | pipe=✅
[23:16:33.505] Pipe ricevuto: PING
[23:16:34.217] 💓 up=180s | cb=2249 audio=179.9s partials=8 | rec=2 | pipe=✅
[23:16:43.508] Pipe ricevuto: PING
[23:16:44.218] 💓 up=190s | cb=2374 audio=189.9s partials=8 | rec=2 | pipe=✅
[23:16:53.506] Pipe ricevuto: PING
[23:16:54.219] 💓 up=200s | cb=2500 audio=200.0s partials=8 | rec=2 | pipe=✅
[23:17:03.504] Pipe ricevuto: PING
[23:17:04.219] 💓 up=210s | cb=2625 audio=210.0s partials=8 | rec=2 | pipe=✅
[23:17:05.902]   🎯 [partial] RECOGNIZED:0.85:ingegnere
[23:17:07.502]   ... "situazione"
[23:17:07.502]   🎯 [partial] RECOGNIZED:0.85:situazione
[23:17:13.504] Pipe ricevuto: PING
[23:17:14.221] 💓 up=220s | cb=2750 audio=220.0s partials=10 | rec=4 | pipe=✅
[23:17:23.503] Pipe ricevuto: PING
[23:17:24.221] 💓 up=230s | cb=2875 audio=230.0s partials=10 | rec=4 | pipe=✅
[23:17:33.504] Pipe ricevuto: PING
[23:17:33.581]   🎯 [partial] RECOGNIZED:0.85:ingegnere
[23:17:34.222] 💓 up=240s | cb=3000 audio=240.0s partials=11 | rec=5 | pipe=✅
[23:17:34.942]   ⏳ Pending: "pressioni" (attendo variante lunga, 800ms)
[23:17:35.578]   ... "pressioni"
[23:17:35.798]   ⏰ Pending timeout: "pressioni" (859ms)
[23:17:35.799]   🎯 [partial+timeout] RECOGNIZED:0.85:pressioni
[23:17:43.507] Pipe ricevuto: PING
[23:17:44.223] 💓 up=250s | cb=3125 audio=250.0s partials=22 | rec=6 | pipe=✅
[23:17:53.511] Pipe ricevuto: PING
[23:17:53.661]   🎯 [partial] RECOGNIZED:0.85:ingegnere
[23:17:54.224] 💓 up=260s | cb=3250 audio=260.0s partials=23 | rec=7 | pipe=✅
[23:17:54.302]   🎯 [partial] RECOGNIZED:0.85:benzina
[23:18:03.512] Pipe ricevuto: PING
[23:18:04.224] 💓 up=270s | cb=3375 audio=270.0s partials=24 | rec=8 | pipe=✅
[23:18:10.542]   🎯 [partial] RECOGNIZED:0.85:ingegnere
[23:18:11.422]   🎯 [partial] RECOGNIZED:0.85:davanti
[23:18:13.504] Pipe ricevuto: PING
[23:18:14.222]   🎯 [partial] RECOGNIZED:0.85:situazione
[23:18:14.224] 💓 up=280s | cb=3500 audio=280.0s partials=27 | rec=11 | pipe=✅
[23:18:15.978]   ... "situazione"
[23:18:18.463]   🎯 [partial] RECOGNIZED:0.85:ingegnere
[23:18:19.341]   🎯 [partial] RECOGNIZED:0.85:dietro
[23:18:23.506] Pipe ricevuto: PING
[23:18:24.225] 💓 up=290s | cb=3625 audio=290.0s partials=35 | rec=13 | pipe=✅
[23:18:28.622]   🎯 [partial] RECOGNIZED:0.85:ingegnere
[23:18:29.742]   ⏳ Pending: "media" (attendo variante lunga, 800ms)
[23:18:29.981]   ... "media"
[23:18:30.462]   📝 Finale: "media"
[23:18:30.462]   🎯 [final] RECOGNIZED:0.85:media
[23:18:33.508] Pipe ricevuto: PING
[23:18:34.225] 💓 up=300s | cb=3750 audio=300.0s partials=45 | rec=15 | pipe=✅
[23:18:39.981]   🎯 [partial] RECOGNIZED:0.85:ingegnere
[23:18:40.862]   🎯 [partial] RECOGNIZED:0.85:situazione
[23:18:43.510] Pipe ricevuto: PING
[23:18:44.225] 💓 up=310s | cb=3875 audio=310.0s partials=47 | rec=17 | pipe=✅
[23:18:53.510] Pipe ricevuto: PING
[23:18:54.226] 💓 up=320s | cb=4000 audio=320.0s partials=47 | rec=17 | pipe=✅
[23:19:03.502] Pipe ricevuto: PING
[23:19:04.226] 💓 up=330s | cb=4125 audio=330.0s partials=47 | rec=17 | pipe=✅
[23:19:13.501] Pipe ricevuto: PING
[23:19:14.227] 💓 up=340s | cb=4250 audio=340.0s partials=47 | rec=17 | pipe=✅
[23:19:23.504] Pipe ricevuto: PING
[23:19:24.228] 💓 up=350s | cb=4375 audio=350.0s partials=47 | rec=17 | pipe=✅
[23:19:31.183]   🎯 [partial] RECOGNIZED:0.85:passo
[23:19:33.504] Pipe ricevuto: PING
[23:19:34.228] 💓 up=360s | cb=4500 audio=360.0s partials=48 | rec=18 | pipe=✅
[23:19:43.510] Pipe ricevuto: PING
[23:19:43.898]   ... "sono"
[23:19:44.229] 💓 up=370s | cb=4625 audio=370.0s partials=54 | rec=18 | pipe=✅
[23:19:44.302]   📝 Finale: "sono"
[23:19:45.982]   🎯 [partial] RECOGNIZED:0.85:classifica
[23:19:53.504] Pipe ricevuto: PING
[23:19:54.229] 💓 up=380s | cb=4750 audio=380.0s partials=58 | rec=19 | pipe=✅
[23:20:03.507] Pipe ricevuto: PING
[23:20:03.549] Pipe ricevuto: STOP
[11:44:40.339] ============================================================
[11:44:40.339] MMCM Speech Helper — Python + Vosk v3 (high priority)
[11:44:40.340] ============================================================
[11:44:40.340] Python: 3.12.7 (tags/v3.12.7:0b05ead, Oct  1 2024, 03:06:41) [MSC v.1941 64 bit (AMD64)]
[11:44:40.340] Processo: 64-bit
[11:44:40.340] PID: 9900
[11:44:40.340] ⚠️ SetPriorityClass ha restituito False
[11:44:40.340] Lingua: it
[11:44:40.340] Modello Vosk trovato: C:\Program Files (x86)\SimHub\MMCMSpeechHelper\model
[11:44:40.341] CommandMatcher: 52 comandi (it), 4 con varianti più lunghe
[11:44:40.341] Caricamento modello Vosk: C:\Program Files (x86)\SimHub\MMCMSpeechHelper\model
[11:44:40.687] Modello caricato in 0.3s
[11:44:40.688] Grammar: 52 comandi
[11:44:40.692] ✅ Vosk recognizer pronto!
[11:44:40.692] Pipe: in attesa connessione...
[11:44:40.692] Recognition loop avviato (thread priorità alta)
[11:44:40.692] Dispositivi audio input:
[11:44:40.692] Premi Ctrl+C per uscire
[11:44:40.693]   [17] Linea in ingresso (Realtek HD Audio Line input) (ch: 2, sr: 44100Hz)
[11:44:40.693]   [18] Microfono (Realtek HD Audio Mic input) (ch: 2, sr: 44100Hz)
[11:44:40.693]   [20] Missaggio stereo (Realtek HD Audio Stereo input) (ch: 2, sr: 44100Hz)
[11:44:40.693]   [24] Input (SYSVAD Wave Speaker) (ch: 2, sr: 44100Hz)
[11:44:40.693] ❌ Errore audio: Error querying device -1
[11:44:42.226] Pipe: connesso!
[11:44:49.133] Pipe ricevuto: PING
[11:44:50.693] 💓 up=10s | cb=0 audio=0.0s partials=0 | rec=0 | pipe=✅
[11:44:59.133] Pipe ricevuto: PING
[11:45:00.694] 💓 up=20s | cb=0 audio=0.0s partials=0 | rec=0 | pipe=✅
[11:45:09.135] Pipe ricevuto: PING
[11:45:10.694] 💓 up=30s | cb=0 audio=0.0s partials=0 | rec=0 | pipe=✅
[11:45:15.456] Pipe ricevuto: STOP
[12:00:13.805] ============================================================
[12:00:13.805] MMCM Speech Helper — Python + Vosk v3 (high priority)
[12:00:13.805] ============================================================
[12:00:13.805] Python: 3.12.7 (tags/v3.12.7:0b05ead, Oct  1 2024, 03:06:41) [MSC v.1941 64 bit (AMD64)]
[12:00:13.805] Processo: 64-bit
[12:00:13.805] PID: 13816
[12:00:13.805] ⚠️ SetPriorityClass ha restituito False
[12:00:13.805] Lingua: it
[12:00:13.806] Modello Vosk trovato: C:\Program Files (x86)\SimHub\MMCMSpeechHelper\model
[12:00:13.806] CommandMatcher: 52 comandi (it), 4 con varianti più lunghe
[12:00:13.806] Caricamento modello Vosk: C:\Program Files (x86)\SimHub\MMCMSpeechHelper\model
[12:00:14.080] Modello caricato in 0.3s
[12:00:14.080] Grammar: 52 comandi
[12:00:14.081] ✅ Vosk recognizer pronto!
[12:00:14.082] Pipe: in attesa connessione...
[12:00:14.082] Recognition loop avviato (thread priorità alta)
[12:00:14.082] Dispositivi audio input:
[12:00:14.082] Premi Ctrl+C per uscire
[12:00:14.082]   [17] Linea in ingresso (Realtek HD Audio Line input) (ch: 2, sr: 44100Hz)
[12:00:14.082]   [18] Microfono (Realtek HD Audio Mic input) (ch: 2, sr: 44100Hz)
[12:00:14.083]   [20] Missaggio stereo (Realtek HD Audio Stereo input) (ch: 2, sr: 44100Hz)
[12:00:14.083]   [24] Input (SYSVAD Wave Speaker) (ch: 2, sr: 44100Hz)
[12:00:14.083] ❌ Errore audio: Error querying device -1
[12:00:16.384] Pipe: connesso!
[12:00:23.386] Pipe ricevuto: PING
[12:00:24.083] 💓 up=10s | cb=0 audio=0.0s partials=0 | rec=0 | pipe=✅
[12:00:33.386] Pipe ricevuto: PING
[12:00:34.083] 💓 up=20s | cb=0 audio=0.0s partials=0 | rec=0 | pipe=✅
[12:00:43.387] Pipe ricevuto: PING
[12:00:44.083] 💓 up=30s | cb=0 audio=0.0s partials=0 | rec=0 | pipe=✅
[12:00:53.378] Pipe ricevuto: PING
[12:00:54.084] 💓 up=40s | cb=0 audio=0.0s partials=0 | rec=0 | pipe=✅
[12:01:03.383] Pipe ricevuto: PING
[12:01:04.084] 💓 up=50s | cb=0 audio=0.0s partials=0 | rec=0 | pipe=✅
[12:01:13.401] Pipe ricevuto: PING
[12:01:14.085] 💓 up=60s | cb=0 audio=0.0s partials=0 | rec=0 | pipe=✅
[12:01:23.395] Pipe ricevuto: PING
[12:01:24.086] 💓 up=70s | cb=0 audio=0.0s partials=0 | rec=0 | pipe=✅
[12:01:33.384] Pipe ricevuto: PING
[12:01:34.086] 💓 up=80s | cb=0 audio=0.0s partials=0 | rec=0 | pipe=✅
[12:01:43.402] Pipe ricevuto: PING
[12:01:44.086] 💓 up=90s | cb=0 audio=0.0s partials=0 | rec=0 | pipe=✅
[12:01:53.403] Pipe ricevuto: PING
[12:01:54.086] 💓 up=100s | cb=0 audio=0.0s partials=0 | rec=0 | pipe=✅
[12:02:03.381] Pipe ricevuto: PING
[12:02:04.087] 💓 up=110s | cb=0 audio=0.0s partials=0 | rec=0 | pipe=✅
[12:02:13.386] Pipe ricevuto: PING
[12:02:14.088] 💓 up=120s | cb=0 audio=0.0s partials=0 | rec=0 | pipe=✅
[12:02:23.401] Pipe ricevuto: PING
[12:02:24.088] 💓 up=130s | cb=0 audio=0.0s partials=0 | rec=0 | pipe=✅
[12:02:33.380] Pipe ricevuto: PING
[12:02:34.089] 💓 up=140s | cb=0 audio=0.0s partials=0 | rec=0 | pipe=✅
[12:02:43.395] Pipe ricevuto: PING
[12:02:44.089] 💓 up=150s | cb=0 audio=0.0s partials=0 | rec=0 | pipe=✅
[12:02:53.383] Pipe ricevuto: PING
[12:02:54.090] 💓 up=160s | cb=0 audio=0.0s partials=0 | rec=0 | pipe=✅
[12:03:03.393] Pipe ricevuto: PING
[12:03:04.090] 💓 up=170s | cb=0 audio=0.0s partials=0 | rec=0 | pipe=✅
[12:03:13.381] Pipe ricevuto: PING
[12:03:14.090] 💓 up=180s | cb=0 audio=0.0s partials=0 | rec=0 | pipe=✅
[12:03:23.382] Pipe ricevuto: PING
[12:03:24.091] 💓 up=190s | cb=0 audio=0.0s partials=0 | rec=0 | pipe=✅
[12:03:33.387] Pipe ricevuto: PING
[12:03:34.091] 💓 up=200s | cb=0 audio=0.0s partials=0 | rec=0 | pipe=✅
[12:03:43.385] Pipe ricevuto: PING
[12:03:44.092] 💓 up=210s | cb=0 audio=0.0s partials=0 | rec=0 | pipe=✅
[12:03:53.384] Pipe ricevuto: PING
[12:03:54.092] 💓 up=220s | cb=0 audio=0.0s partials=0 | rec=0 | pipe=✅
[12:04:03.378] Pipe ricevuto: PING
[12:04:04.093] 💓 up=230s | cb=0 audio=0.0s partials=0 | rec=0 | pipe=✅
[12:04:13.386] Pipe ricevuto: PING
[12:04:14.094] 💓 up=240s | cb=0 audio=0.0s partials=0 | rec=0 | pipe=✅
[12:04:23.383] Pipe ricevuto: PING
[12:04:24.094] 💓 up=250s | cb=0 audio=0.0s partials=0 | rec=0 | pipe=✅
[12:04:33.388] Pipe ricevuto: PING
[12:04:34.095] 💓 up=260s | cb=0 audio=0.0s partials=0 | rec=0 | pipe=✅
[12:04:43.384] Pipe ricevuto: PING
[12:04:44.095] 💓 up=270s | cb=0 audio=0.0s partials=0 | rec=0 | pipe=✅
[12:04:53.380] Pipe ricevuto: PING
[12:04:54.096] 💓 up=280s | cb=0 audio=0.0s partials=0 | rec=0 | pipe=✅
[12:05:03.393] Pipe ricevuto: PING
[12:05:04.096] 💓 up=290s | cb=0 audio=0.0s partials=0 | rec=0 | pipe=✅
[12:05:13.378] Pipe ricevuto: PING
[12:05:14.097] 💓 up=300s | cb=0 audio=0.0s partials=0 | rec=0 | pipe=✅
[12:05:23.380] Pipe ricevuto: PING
[12:05:24.097] 💓 up=310s | cb=0 audio=0.0s partials=0 | rec=0 | pipe=✅
[12:05:33.398] Pipe ricevuto: PING
[12:05:34.098] 💓 up=320s | cb=0 audio=0.0s partials=0 | rec=0 | pipe=✅
[12:05:43.378] Pipe ricevuto: PING
[12:05:44.098] 💓 up=330s | cb=0 audio=0.0s partials=0 | rec=0 | pipe=✅
[12:05:53.399] Pipe ricevuto: PING
[12:05:54.099] 💓 up=340s | cb=0 audio=0.0s partials=0 | rec=0 | pipe=✅
[12:06:03.402] Pipe ricevuto: PING
[12:06:04.099] 💓 up=350s | cb=0 audio=0.0s partials=0 | rec=0 | pipe=✅
[12:06:13.401] Pipe ricevuto: PING
[12:06:14.100] 💓 up=360s | cb=0 audio=0.0s partials=0 | rec=0 | pipe=✅
[12:06:23.379] Pipe ricevuto: PING
[12:06:24.100] 💓 up=370s | cb=0 audio=0.0s partials=0 | rec=0 | pipe=✅
[12:06:33.379] Pipe ricevuto: PING
[12:06:34.100] 💓 up=380s | cb=0 audio=0.0s partials=0 | rec=0 | pipe=✅
[12:06:43.387] Pipe ricevuto: PING
[12:06:44.101] 💓 up=390s | cb=0 audio=0.0s partials=0 | rec=0 | pipe=✅
[12:06:53.401] Pipe ricevuto: PING
[12:06:54.102] 💓 up=400s | cb=0 audio=0.0s partials=0 | rec=0 | pipe=✅
[12:07:03.401] Pipe ricevuto: PING
[12:07:04.102] 💓 up=410s | cb=0 audio=0.0s partials=0 | rec=0 | pipe=✅
[12:07:13.381] Pipe ricevuto: PING
[12:07:14.103] 💓 up=420s | cb=0 audio=0.0s partials=0 | rec=0 | pipe=✅
[12:07:23.378] Pipe ricevuto: PING
[12:07:24.103] 💓 up=430s | cb=0 audio=0.0s partials=0 | rec=0 | pipe=✅
[12:07:33.378] Pipe ricevuto: PING
[12:07:34.104] 💓 up=440s | cb=0 audio=0.0s partials=0 | rec=0 | pipe=✅
[12:07:43.387] Pipe ricevuto: PING
[12:07:44.104] 💓 up=450s | cb=0 audio=0.0s partials=0 | rec=0 | pipe=✅
[12:07:53.379] Pipe ricevuto: PING
[12:07:54.104] 💓 up=460s | cb=0 audio=0.0s partials=0 | rec=0 | pipe=✅
[12:08:03.383] Pipe ricevuto: PING
[12:08:04.104] 💓 up=470s | cb=0 audio=0.0s partials=0 | rec=0 | pipe=✅
[12:08:13.383] Pipe ricevuto: PING
[12:08:14.105] 💓 up=480s | cb=0 audio=0.0s partials=0 | rec=0 | pipe=✅
[12:08:23.380] Pipe ricevuto: PING
[12:08:24.106] 💓 up=490s | cb=0 audio=0.0s partials=0 | rec=0 | pipe=✅
[12:08:33.381] Pipe ricevuto: PING
[12:08:34.106] 💓 up=500s | cb=0 audio=0.0s partials=0 | rec=0 | pipe=✅
[12:08:43.399] Pipe ricevuto: PING
[12:08:44.106] 💓 up=510s | cb=0 audio=0.0s partials=0 | rec=0 | pipe=✅
[12:08:53.398] Pipe ricevuto: PING
[12:08:54.107] 💓 up=520s | cb=0 audio=0.0s partials=0 | rec=0 | pipe=✅
[12:09:03.378] Pipe ricevuto: PING
[12:09:04.107] 💓 up=530s | cb=0 audio=0.0s partials=0 | rec=0 | pipe=✅
[12:09:13.381] Pipe ricevuto: PING
[12:09:14.108] 💓 up=540s | cb=0 audio=0.0s partials=0 | rec=0 | pipe=✅
[12:09:23.399] Pipe ricevuto: PING
[12:09:24.109] 💓 up=550s | cb=0 audio=0.0s partials=0 | rec=0 | pipe=✅
[12:09:33.396] Pipe ricevuto: PING
[12:09:34.109] 💓 up=560s | cb=0 audio=0.0s partials=0 | rec=0 | pipe=✅
[12:09:43.379] Pipe ricevuto: PING
[12:09:44.110] 💓 up=570s | cb=0 audio=0.0s partials=0 | rec=0 | pipe=✅
[12:09:53.386] Pipe ricevuto: PING
[12:09:54.110] 💓 up=580s | cb=0 audio=0.0s partials=0 | rec=0 | pipe=✅
[12:10:03.382] Pipe ricevuto: PING
[12:10:04.110] 💓 up=590s | cb=0 audio=0.0s partials=0 | rec=0 | pipe=✅
[12:10:13.385] Pipe ricevuto: PING
[12:10:14.111] 💓 up=600s | cb=0 audio=0.0s partials=0 | rec=0 | pipe=✅
[12:10:23.397] Pipe ricevuto: PING
[12:10:24.112] 💓 up=610s | cb=0 audio=0.0s partials=0 | rec=0 | pipe=✅
[12:10:33.403] Pipe ricevuto: PING
[12:10:34.112] 💓 up=620s | cb=0 audio=0.0s partials=0 | rec=0 | pipe=✅
[12:10:43.384] Pipe ricevuto: PING
[12:10:44.113] 💓 up=630s | cb=0 audio=0.0s partials=0 | rec=0 | pipe=✅
[12:10:53.384] Pipe ricevuto: PING
[12:10:54.113] 💓 up=640s | cb=0 audio=0.0s partials=0 | rec=0 | pipe=✅
[12:11:03.379] Pipe ricevuto: PING
[12:11:04.114] 💓 up=650s | cb=0 audio=0.0s partials=0 | rec=0 | pipe=✅
[12:11:13.385] Pipe ricevuto: PING
[12:11:14.114] 💓 up=660s | cb=0 audio=0.0s partials=0 | rec=0 | pipe=✅
[12:11:23.398] Pipe ricevuto: PING
[12:11:24.115] 💓 up=670s | cb=0 audio=0.0s partials=0 | rec=0 | pipe=✅
[12:11:33.380] Pipe ricevuto: PING
[12:11:34.116] 💓 up=680s | cb=0 audio=0.0s partials=0 | rec=0 | pipe=✅
[12:11:43.384] Pipe ricevuto: PING
[12:11:44.116] 💓 up=690s | cb=0 audio=0.0s partials=0 | rec=0 | pipe=✅
[12:11:53.386] Pipe ricevuto: PING
[12:11:54.117] 💓 up=700s | cb=0 audio=0.0s partials=0 | rec=0 | pipe=✅
[12:12:03.400] Pipe ricevuto: PING
[12:12:04.117] 💓 up=710s | cb=0 audio=0.0s partials=0 | rec=0 | pipe=✅
[12:12:13.379] Pipe ricevuto: PING
[12:12:14.117] 💓 up=720s | cb=0 audio=0.0s partials=0 | rec=0 | pipe=✅
[12:12:23.399] Pipe ricevuto: PING
[12:12:24.118] 💓 up=730s | cb=0 audio=0.0s partials=0 | rec=0 | pipe=✅
[12:12:33.392] Pipe ricevuto: PING
[12:12:34.119] 💓 up=740s | cb=0 audio=0.0s partials=0 | rec=0 | pipe=✅
[12:12:43.400] Pipe ricevuto: PING
[12:12:44.119] 💓 up=750s | cb=0 audio=0.0s partials=0 | rec=0 | pipe=✅
[12:12:53.394] Pipe ricevuto: PING
[12:12:54.120] 💓 up=760s | cb=0 audio=0.0s partials=0 | rec=0 | pipe=✅
[12:13:03.403] Pipe ricevuto: PING
[12:13:04.120] 💓 up=770s | cb=0 audio=0.0s partials=0 | rec=0 | pipe=✅
[12:13:13.388] Pipe ricevuto: PING
[12:13:14.121] 💓 up=780s | cb=0 audio=0.0s partials=0 | rec=0 | pipe=✅
[12:13:23.400] Pipe ricevuto: PING
[12:13:24.122] 💓 up=790s | cb=0 audio=0.0s partials=0 | rec=0 | pipe=✅
[12:13:33.378] Pipe ricevuto: PING
[12:13:34.122] 💓 up=800s | cb=0 audio=0.0s partials=0 | rec=0 | pipe=✅
[12:13:43.387] Pipe ricevuto: PING
[12:13:44.123] 💓 up=810s | cb=0 audio=0.0s partials=0 | rec=0 | pipe=✅
[12:13:53.400] Pipe ricevuto: PING
[12:13:54.123] 💓 up=820s | cb=0 audio=0.0s partials=0 | rec=0 | pipe=✅
[12:14:03.388] Pipe ricevuto: PING
[12:14:04.124] 💓 up=830s | cb=0 audio=0.0s partials=0 | rec=0 | pipe=✅
[12:14:13.401] Pipe ricevuto: PING
[12:14:14.124] 💓 up=840s | cb=0 audio=0.0s partials=0 | rec=0 | pipe=✅
[12:14:23.384] Pipe ricevuto: PING
[12:14:24.124] 💓 up=850s | cb=0 audio=0.0s partials=0 | rec=0 | pipe=✅
[12:14:33.403] Pipe ricevuto: PING
[12:14:34.125] 💓 up=860s | cb=0 audio=0.0s partials=0 | rec=0 | pipe=✅
[12:14:43.393] Pipe ricevuto: PING
[12:14:44.126] 💓 up=870s | cb=0 audio=0.0s partials=0 | rec=0 | pipe=✅
[12:14:53.378] Pipe ricevuto: PING
[12:14:54.126] 💓 up=880s | cb=0 audio=0.0s partials=0 | rec=0 | pipe=✅
[12:15:03.378] Pipe ricevuto: PING
[12:15:04.127] 💓 up=890s | cb=0 audio=0.0s partials=0 | rec=0 | pipe=✅
[12:15:13.380] Pipe ricevuto: PING
[12:15:14.128] 💓 up=900s | cb=0 audio=0.0s partials=0 | rec=0 | pipe=✅
[12:15:23.383] Pipe ricevuto: PING
[12:15:24.128] 💓 up=910s | cb=0 audio=0.0s partials=0 | rec=0 | pipe=✅
[12:15:33.380] Pipe ricevuto: PING
[12:15:34.129] 💓 up=920s | cb=0 audio=0.0s partials=0 | rec=0 | pipe=✅
[12:15:43.395] Pipe ricevuto: PING
[12:15:44.129] 💓 up=930s | cb=0 audio=0.0s partials=0 | rec=0 | pipe=✅
[12:15:53.381] Pipe ricevuto: PING
[12:15:54.130] 💓 up=940s | cb=0 audio=0.0s partials=0 | rec=0 | pipe=✅
[12:16:03.380] Pipe ricevuto: PING
[12:16:04.130] 💓 up=950s | cb=0 audio=0.0s partials=0 | rec=0 | pipe=✅
[12:16:13.379] Pipe ricevuto: PING
[12:16:14.130] 💓 up=960s | cb=0 audio=0.0s partials=0 | rec=0 | pipe=✅
[12:16:23.394] Pipe ricevuto: PING
[12:16:24.131] 💓 up=970s | cb=0 audio=0.0s partials=0 | rec=0 | pipe=✅
[12:16:33.398] Pipe ricevuto: PING
[12:16:34.132] 💓 up=980s | cb=0 audio=0.0s partials=0 | rec=0 | pipe=✅
[12:16:43.384] Pipe ricevuto: PING
[12:16:44.132] 💓 up=990s | cb=0 audio=0.0s partials=0 | rec=0 | pipe=✅
[12:16:53.387] Pipe ricevuto: PING
[12:16:54.133] 💓 up=1000s | cb=0 audio=0.0s partials=0 | rec=0 | pipe=✅
[12:17:03.402] Pipe ricevuto: PING
[12:17:04.134] 💓 up=1010s | cb=0 audio=0.0s partials=0 | rec=0 | pipe=✅
[12:17:13.386] Pipe ricevuto: PING
[12:17:14.134] 💓 up=1020s | cb=0 audio=0.0s partials=0 | rec=0 | pipe=✅
[12:17:23.396] Pipe ricevuto: PING
[12:17:24.135] 💓 up=1030s | cb=0 audio=0.0s partials=0 | rec=0 | pipe=✅
[12:17:33.380] Pipe ricevuto: PING
[12:17:34.135] 💓 up=1040s | cb=0 audio=0.0s partials=0 | rec=0 | pipe=✅
[12:17:43.398] Pipe ricevuto: PING
[12:17:44.136] 💓 up=1050s | cb=0 audio=0.0s partials=0 | rec=0 | pipe=✅
[12:17:53.399] Pipe ricevuto: PING
[12:17:54.136] 💓 up=1060s | cb=0 audio=0.0s partials=0 | rec=0 | pipe=✅
[12:18:03.402] Pipe ricevuto: PING
[12:18:04.137] 💓 up=1070s | cb=0 audio=0.0s partials=0 | rec=0 | pipe=✅
[12:18:13.380] Pipe ricevuto: PING
[12:18:14.137] 💓 up=1080s | cb=0 audio=0.0s partials=0 | rec=0 | pipe=✅
[12:18:23.400] Pipe ricevuto: PING
[12:18:24.138] 💓 up=1090s | cb=0 audio=0.0s partials=0 | rec=0 | pipe=✅
[12:18:33.378] Pipe ricevuto: PING
[12:18:34.138] 💓 up=1100s | cb=0 audio=0.0s partials=0 | rec=0 | pipe=✅
[12:18:43.399] Pipe ricevuto: PING
[12:18:44.139] 💓 up=1110s | cb=0 audio=0.0s partials=0 | rec=0 | pipe=✅
[12:18:53.381] Pipe ricevuto: PING
[12:18:54.139] 💓 up=1120s | cb=0 audio=0.0s partials=0 | rec=0 | pipe=✅
[12:19:03.382] Pipe ricevuto: PING
[12:19:04.140] 💓 up=1130s | cb=0 audio=0.0s partials=0 | rec=0 | pipe=✅
[12:19:13.396] Pipe ricevuto: PING
[12:19:14.140] 💓 up=1140s | cb=0 audio=0.0s partials=0 | rec=0 | pipe=✅
[12:19:23.381] Pipe ricevuto: PING
[12:19:24.141] 💓 up=1150s | cb=0 audio=0.0s partials=0 | rec=0 | pipe=✅
[12:19:33.396] Pipe ricevuto: PING
[12:19:34.141] 💓 up=1160s | cb=0 audio=0.0s partials=0 | rec=0 | pipe=✅
[12:19:43.398] Pipe ricevuto: PING
[12:19:44.142] 💓 up=1170s | cb=0 audio=0.0s partials=0 | rec=0 | pipe=✅
[12:19:53.387] Pipe ricevuto: PING
[12:19:54.143] 💓 up=1180s | cb=0 audio=0.0s partials=0 | rec=0 | pipe=✅
[12:20:03.388] Pipe ricevuto: PING
[12:20:04.143] 💓 up=1190s | cb=0 audio=0.0s partials=0 | rec=0 | pipe=✅
[12:20:13.396] Pipe ricevuto: PING
[12:20:14.143] 💓 up=1200s | cb=0 audio=0.0s partials=0 | rec=0 | pipe=✅
[12:20:23.396] Pipe ricevuto: PING
[12:20:24.144] 💓 up=1210s | cb=0 audio=0.0s partials=0 | rec=0 | pipe=✅
[12:20:33.387] Pipe ricevuto: PING
[12:20:34.145] 💓 up=1220s | cb=0 audio=0.0s partials=0 | rec=0 | pipe=✅
[12:20:43.382] Pipe ricevuto: PING
[12:20:44.145] 💓 up=1230s | cb=0 audio=0.0s partials=0 | rec=0 | pipe=✅
[12:20:53.399] Pipe ricevuto: PING
[12:20:54.146] 💓 up=1240s | cb=0 audio=0.0s partials=0 | rec=0 | pipe=✅
[12:21:03.386] Pipe ricevuto: PING
[12:21:04.146] 💓 up=1250s | cb=0 audio=0.0s partials=0 | rec=0 | pipe=✅
[12:21:13.400] Pipe ricevuto: PING
[12:21:14.147] 💓 up=1260s | cb=0 audio=0.0s partials=0 | rec=0 | pipe=✅
[12:21:23.380] Pipe ricevuto: PING
[12:21:24.147] 💓 up=1270s | cb=0 audio=0.0s partials=0 | rec=0 | pipe=✅
[12:21:33.387] Pipe ricevuto: PING
[12:21:34.148] 💓 up=1280s | cb=0 audio=0.0s partials=0 | rec=0 | pipe=✅
[12:21:43.387] Pipe ricevuto: PING
[12:21:44.148] 💓 up=1290s | cb=0 audio=0.0s partials=0 | rec=0 | pipe=✅
[12:21:53.379] Pipe ricevuto: PING
[12:21:54.149] 💓 up=1300s | cb=0 audio=0.0s partials=0 | rec=0 | pipe=✅
[12:22:03.399] Pipe ricevuto: PING
[12:22:04.149] 💓 up=1310s | cb=0 audio=0.0s partials=0 | rec=0 | pipe=✅
[12:22:13.378] Pipe ricevuto: PING
[12:22:14.150] 💓 up=1320s | cb=0 audio=0.0s partials=0 | rec=0 | pipe=✅
[12:22:23.385] Pipe ricevuto: PING
[12:22:24.150] 💓 up=1330s | cb=0 audio=0.0s partials=0 | rec=0 | pipe=✅
[12:22:33.388] Pipe ricevuto: PING
[12:22:34.150] 💓 up=1340s | cb=0 audio=0.0s partials=0 | rec=0 | pipe=✅
[12:22:43.380] Pipe ricevuto: PING
[12:22:44.151] 💓 up=1350s | cb=0 audio=0.0s partials=0 | rec=0 | pipe=✅
[12:22:51.235] Pipe ricevuto: STOP
[12:22:59.390] ============================================================
[12:22:59.391] MMCM Speech Helper — Python + Vosk v3 (high priority)
[12:22:59.391] ============================================================
[12:22:59.391] Python: 3.12.7 (tags/v3.12.7:0b05ead, Oct  1 2024, 03:06:41) [MSC v.1941 64 bit (AMD64)]
[12:22:59.391] Processo: 64-bit
[12:22:59.391] PID: 24084
[12:22:59.391] ⚠️ SetPriorityClass ha restituito False
[12:22:59.391] Lingua: it
[12:22:59.391] Modello Vosk trovato: C:\Program Files (x86)\SimHub\MMCMSpeechHelper\model
[12:22:59.391] CommandMatcher: 52 comandi (it), 4 con varianti più lunghe
[12:22:59.391] Caricamento modello Vosk: C:\Program Files (x86)\SimHub\MMCMSpeechHelper\model
[12:22:59.663] Modello caricato in 0.3s
[12:22:59.663] Grammar: 52 comandi
[12:22:59.664] ✅ Vosk recognizer pronto!
[12:22:59.664] Pipe: in attesa connessione...
[12:22:59.664] Recognition loop avviato (thread priorità alta)
[12:22:59.664] Dispositivi audio input:
[12:22:59.664] Premi Ctrl+C per uscire
[12:22:59.664]   [17] Linea in ingresso (Realtek HD Audio Line input) (ch: 2, sr: 44100Hz)
[12:22:59.665]   [18] Microfono (Realtek HD Audio Mic input) (ch: 2, sr: 44100Hz)
[12:22:59.665]   [20] Missaggio stereo (Realtek HD Audio Stereo input) (ch: 2, sr: 44100Hz)
[12:22:59.665]   [24] Input (SYSVAD Wave Speaker) (ch: 2, sr: 44100Hz)
[12:22:59.665] ❌ Errore audio: Error querying device -1
[12:23:01.970] Pipe: connesso!
[12:23:08.975] Pipe ricevuto: PING
[12:23:09.665] 💓 up=10s | cb=0 audio=0.0s partials=0 | rec=0 | pipe=✅
[12:23:18.959] Pipe ricevuto: PING
[12:23:19.665] 💓 up=20s | cb=0 audio=0.0s partials=0 | rec=0 | pipe=✅
[12:23:28.976] Pipe ricevuto: PING
[12:23:29.666] 💓 up=30s | cb=0 audio=0.0s partials=0 | rec=0 | pipe=✅
[12:23:38.980] Pipe ricevuto: PING
[12:23:39.666] 💓 up=40s | cb=0 audio=0.0s partials=0 | rec=0 | pipe=✅
[12:23:48.971] Pipe ricevuto: PING
[12:23:49.667] 💓 up=50s | cb=0 audio=0.0s partials=0 | rec=0 | pipe=✅
[12:23:58.972] Pipe ricevuto: PING
[12:23:59.667] 💓 up=60s | cb=0 audio=0.0s partials=0 | rec=0 | pipe=✅
[12:24:08.972] Pipe ricevuto: PING
[12:24:09.668] 💓 up=70s | cb=0 audio=0.0s partials=0 | rec=0 | pipe=✅
[12:24:18.965] Pipe ricevuto: PING
[12:24:19.668] 💓 up=80s | cb=0 audio=0.0s partials=0 | rec=0 | pipe=✅
[12:24:28.977] Pipe ricevuto: PING
[12:24:29.669] 💓 up=90s | cb=0 audio=0.0s partials=0 | rec=0 | pipe=✅
[12:24:38.973] Pipe ricevuto: PING
[12:24:39.670] 💓 up=100s | cb=0 audio=0.0s partials=0 | rec=0 | pipe=✅
[12:24:48.979] Pipe ricevuto: PING
[12:24:49.671] 💓 up=110s | cb=0 audio=0.0s partials=0 | rec=0 | pipe=✅
[12:24:58.974] Pipe ricevuto: PING
[12:24:59.671] 💓 up=120s | cb=0 audio=0.0s partials=0 | rec=0 | pipe=✅
[12:25:08.975] Pipe ricevuto: PING
[12:25:09.672] 💓 up=130s | cb=0 audio=0.0s partials=0 | rec=0 | pipe=✅
[12:25:18.974] Pipe ricevuto: PING
[12:25:19.672] 💓 up=140s | cb=0 audio=0.0s partials=0 | rec=0 | pipe=✅
[12:25:28.973] Pipe ricevuto: PING
[12:25:29.673] 💓 up=150s | cb=0 audio=0.0s partials=0 | rec=0 | pipe=✅
[12:25:38.977] Pipe ricevuto: PING
[12:25:39.673] 💓 up=160s | cb=0 audio=0.0s partials=0 | rec=0 | pipe=✅
[12:25:48.972] Pipe ricevuto: PING
[12:25:49.673] 💓 up=170s | cb=0 audio=0.0s partials=0 | rec=0 | pipe=✅
[12:25:58.973] Pipe ricevuto: PING
[12:25:59.674] 💓 up=180s | cb=0 audio=0.0s partials=0 | rec=0 | pipe=✅
[12:26:08.972] Pipe ricevuto: PING
[12:26:09.675] 💓 up=190s | cb=0 audio=0.0s partials=0 | rec=0 | pipe=✅
[12:26:18.973] Pipe ricevuto: PING
[12:26:19.675] 💓 up=200s | cb=0 audio=0.0s partials=0 | rec=0 | pipe=✅
[12:26:28.975] Pipe ricevuto: PING
[12:26:29.675] 💓 up=210s | cb=0 audio=0.0s partials=0 | rec=0 | pipe=✅
[12:26:38.961] Pipe ricevuto: PING
[12:26:39.676] 💓 up=220s | cb=0 audio=0.0s partials=0 | rec=0 | pipe=✅
[12:26:48.973] Pipe ricevuto: PING
[12:26:49.677] 💓 up=230s | cb=0 audio=0.0s partials=0 | rec=0 | pipe=✅
[12:26:58.979] Pipe ricevuto: PING
[12:26:59.677] 💓 up=240s | cb=0 audio=0.0s partials=0 | rec=0 | pipe=✅
[12:27:08.978] Pipe ricevuto: PING
[12:27:09.678] 💓 up=250s | cb=0 audio=0.0s partials=0 | rec=0 | pipe=✅
[12:27:18.959] Pipe ricevuto: PING
[12:27:19.678] 💓 up=260s | cb=0 audio=0.0s partials=0 | rec=0 | pipe=✅
[12:27:28.977] Pipe ricevuto: PING
[12:27:29.679] 💓 up=270s | cb=0 audio=0.0s partials=0 | rec=0 | pipe=✅
[12:27:38.975] Pipe ricevuto: PING
[12:27:39.679] 💓 up=280s | cb=0 audio=0.0s partials=0 | rec=0 | pipe=✅
[12:27:48.978] Pipe ricevuto: PING
[12:27:49.679] 💓 up=290s | cb=0 audio=0.0s partials=0 | rec=0 | pipe=✅
[12:27:58.972] Pipe ricevuto: PING
[12:27:59.680] 💓 up=300s | cb=0 audio=0.0s partials=0 | rec=0 | pipe=✅
[12:28:04.490] Pipe ricevuto: STOP
[12:30:14.987] ============================================================
[12:30:14.987] MMCM Speech Helper — Python + Vosk v3 (high priority)
[12:30:14.987] ============================================================
[12:30:14.988] Python: 3.12.7 (tags/v3.12.7:0b05ead, Oct  1 2024, 03:06:41) [MSC v.1941 64 bit (AMD64)]
[12:30:14.988] Processo: 64-bit
[12:30:14.988] PID: 30832
[12:30:14.988] ⚠️ SetPriorityClass ha restituito False
[12:30:14.988] Lingua: it
[12:30:14.988] Modello Vosk trovato: C:\Program Files (x86)\SimHub\MMCMSpeechHelper\model
[12:30:14.988] CommandMatcher: 52 comandi (it), 4 con varianti più lunghe
[12:30:14.988] Caricamento modello Vosk: C:\Program Files (x86)\SimHub\MMCMSpeechHelper\model
[12:30:15.256] Modello caricato in 0.3s
[12:30:15.256] Grammar: 52 comandi
[12:30:15.257] ✅ Vosk recognizer pronto!
[12:30:15.257] Pipe: in attesa connessione...
[12:30:15.257] Recognition loop avviato (thread priorità alta)
[12:30:15.258] Dispositivi audio input:
[12:30:15.258] Premi Ctrl+C per uscire
[12:30:15.258]   [17] Linea in ingresso (Realtek HD Audio Line input) (ch: 2, sr: 44100Hz)
[12:30:15.258]   [18] Microfono (Realtek HD Audio Mic input) (ch: 2, sr: 44100Hz)
[12:30:15.258]   [20] Missaggio stereo (Realtek HD Audio Stereo input) (ch: 2, sr: 44100Hz)
[12:30:15.258]   [24] Input (SYSVAD Wave Speaker) (ch: 2, sr: 44100Hz)
[12:30:15.258] ❌ Errore audio: Error querying device -1
[12:30:17.571] Pipe: connesso!
[12:30:24.566] Pipe ricevuto: PING
[12:30:25.258] 💓 up=10s | cb=0 audio=0.0s partials=0 | rec=0 | pipe=✅
[12:30:34.573] Pipe ricevuto: PING
[12:30:35.259] 💓 up=20s | cb=0 audio=0.0s partials=0 | rec=0 | pipe=✅
[12:30:44.575] Pipe ricevuto: PING
[12:30:45.259] 💓 up=30s | cb=0 audio=0.0s partials=0 | rec=0 | pipe=✅
[12:30:54.566] Pipe ricevuto: PING
[12:30:55.260] 💓 up=40s | cb=0 audio=0.0s partials=0 | rec=0 | pipe=✅
[12:30:58.023] Pipe ricevuto: STOP
[12:31:02.559] ============================================================
[12:31:02.559] MMCM Speech Helper — Python + Vosk v3 (high priority)
[12:31:02.559] ============================================================
[12:31:02.559] Python: 3.12.7 (tags/v3.12.7:0b05ead, Oct  1 2024, 03:06:41) [MSC v.1941 64 bit (AMD64)]
[12:31:02.559] Processo: 64-bit
[12:31:02.559] PID: 17372
[12:31:02.559] ⚠️ SetPriorityClass ha restituito False
[12:31:02.559] Lingua: it
[12:31:02.560] Modello Vosk trovato: C:\Program Files (x86)\SimHub\MMCMSpeechHelper\model
[12:31:02.560] CommandMatcher: 52 comandi (it), 4 con varianti più lunghe
[12:31:02.560] Caricamento modello Vosk: C:\Program Files (x86)\SimHub\MMCMSpeechHelper\model
[12:31:02.824] Modello caricato in 0.3s
[12:31:02.824] Grammar: 52 comandi
[12:31:02.825] ✅ Vosk recognizer pronto!
[12:31:02.826] Pipe: in attesa connessione...
[12:31:02.826] Recognition loop avviato (thread priorità alta)
[12:31:02.826] Dispositivi audio input:
[12:31:02.826] Premi Ctrl+C per uscire
[12:31:02.826]   [17] Linea in ingresso (Realtek HD Audio Line input) (ch: 2, sr: 44100Hz)
[12:31:02.826]   [18] Microfono (Realtek HD Audio Mic input) (ch: 2, sr: 44100Hz)
[12:31:02.826]   [20] Missaggio stereo (Realtek HD Audio Stereo input) (ch: 2, sr: 44100Hz)
[12:31:02.826]   [24] Input (SYSVAD Wave Speaker) (ch: 2, sr: 44100Hz)
[12:31:02.826] ❌ Errore audio: Error querying device -1
[12:31:05.186] Pipe: connesso!
[12:31:12.193] Pipe ricevuto: PING
[12:31:12.827] 💓 up=10s | cb=0 audio=0.0s partials=0 | rec=0 | pipe=✅
[12:31:22.190] Pipe ricevuto: PING
[12:31:22.827] 💓 up=20s | cb=0 audio=0.0s partials=0 | rec=0 | pipe=✅
[12:31:32.191] Pipe ricevuto: PING
[12:31:32.828] 💓 up=30s | cb=0 audio=0.0s partials=0 | rec=0 | pipe=✅
[12:31:40.726] Pipe ricevuto: STOP
[12:32:17.711] ============================================================
[12:32:17.712] MMCM Speech Helper — Python + Vosk v3 (high priority)
[12:32:17.712] ============================================================
[12:32:17.712] Python: 3.12.7 (tags/v3.12.7:0b05ead, Oct  1 2024, 03:06:41) [MSC v.1941 64 bit (AMD64)]
[12:32:17.712] Processo: 64-bit
[12:32:17.712] PID: 27456
[12:32:17.712] ⚠️ SetPriorityClass ha restituito False
[12:32:17.712] Lingua: it
[12:32:17.712] Modello Vosk trovato: C:\Program Files (x86)\SimHub\MMCMSpeechHelper\model
[12:32:17.712] CommandMatcher: 52 comandi (it), 4 con varianti più lunghe
[12:32:17.712] Caricamento modello Vosk: C:\Program Files (x86)\SimHub\MMCMSpeechHelper\model
[12:32:17.980] Modello caricato in 0.3s
[12:32:17.980] Grammar: 52 comandi
[12:32:17.981] ✅ Vosk recognizer pronto!
[12:32:17.982] Pipe: in attesa connessione...
[12:32:17.982] Recognition loop avviato (thread priorità alta)
[12:32:17.982] Dispositivi audio input:
[12:32:17.982] Premi Ctrl+C per uscire
[12:32:17.982]   [17] Linea in ingresso (Realtek HD Audio Line input) (ch: 2, sr: 44100Hz)
[12:32:17.982]   [18] Microfono (Realtek HD Audio Mic input) (ch: 2, sr: 44100Hz)
[12:32:17.982]   [20] Missaggio stereo (Realtek HD Audio Stereo input) (ch: 2, sr: 44100Hz)
[12:32:17.983]   [24] Input (SYSVAD Wave Speaker) (ch: 2, sr: 44100Hz)
[12:32:17.983] ❌ Errore audio: Error querying device -1
[12:32:20.300] Pipe: connesso!
[12:32:27.304] Pipe ricevuto: PING
[12:32:27.982] 💓 up=10s | cb=0 audio=0.0s partials=0 | rec=0 | pipe=✅
[12:32:37.304] Pipe ricevuto: PING
[12:32:37.983] 💓 up=20s | cb=0 audio=0.0s partials=0 | rec=0 | pipe=✅
[12:32:47.300] Pipe ricevuto: PING
[12:32:47.983] 💓 up=30s | cb=0 audio=0.0s partials=0 | rec=0 | pipe=✅
[12:32:57.304] Pipe ricevuto: PING
[12:32:57.984] 💓 up=40s | cb=0 audio=0.0s partials=0 | rec=0 | pipe=✅
[12:33:07.307] Pipe ricevuto: PING
[12:33:07.984] 💓 up=50s | cb=0 audio=0.0s partials=0 | rec=0 | pipe=✅
[12:33:17.304] Pipe ricevuto: PING
[12:33:17.985] 💓 up=60s | cb=0 audio=0.0s partials=0 | rec=0 | pipe=✅
[12:33:27.304] Pipe ricevuto: PING
[12:33:27.985] 💓 up=70s | cb=0 audio=0.0s partials=0 | rec=0 | pipe=✅
[12:33:37.306] Pipe ricevuto: PING
[12:33:37.985] 💓 up=80s | cb=0 audio=0.0s partials=0 | rec=0 | pipe=✅
[12:33:47.306] Pipe ricevuto: PING
[12:33:47.986] 💓 up=90s | cb=0 audio=0.0s partials=0 | rec=0 | pipe=✅
[12:33:57.302] Pipe ricevuto: PING
[12:33:57.986] 💓 up=100s | cb=0 audio=0.0s partials=0 | rec=0 | pipe=✅
[12:34:07.309] Pipe ricevuto: PING
[12:34:07.987] 💓 up=110s | cb=0 audio=0.0s partials=0 | rec=0 | pipe=✅
[12:34:17.304] Pipe ricevuto: PING
[12:34:17.987] 💓 up=120s | cb=0 audio=0.0s partials=0 | rec=0 | pipe=✅
[12:34:27.303] Pipe ricevuto: PING
[12:34:27.988] 💓 up=130s | cb=0 audio=0.0s partials=0 | rec=0 | pipe=✅
[12:34:37.305] Pipe ricevuto: PING
[12:34:37.988] 💓 up=140s | cb=0 audio=0.0s partials=0 | rec=0 | pipe=✅
[12:34:47.309] Pipe ricevuto: PING
[12:34:47.989] 💓 up=150s | cb=0 audio=0.0s partials=0 | rec=0 | pipe=✅
[12:34:57.302] Pipe ricevuto: PING
[12:34:57.989] 💓 up=160s | cb=0 audio=0.0s partials=0 | rec=0 | pipe=✅
[12:35:07.302] Pipe ricevuto: PING
[12:35:07.990] 💓 up=170s | cb=0 audio=0.0s partials=0 | rec=0 | pipe=✅
[12:35:17.304] Pipe ricevuto: PING
[12:35:17.990] 💓 up=180s | cb=0 audio=0.0s partials=0 | rec=0 | pipe=✅
[12:35:27.300] Pipe ricevuto: PING
[12:35:27.990] 💓 up=190s | cb=0 audio=0.0s partials=0 | rec=0 | pipe=✅
[12:35:37.300] Pipe ricevuto: PING
[12:35:37.991] 💓 up=200s | cb=0 audio=0.0s partials=0 | rec=0 | pipe=✅
[12:35:47.301] Pipe ricevuto: PING
[12:35:47.992] 💓 up=210s | cb=0 audio=0.0s partials=0 | rec=0 | pipe=✅
[12:35:57.304] Pipe ricevuto: PING
[12:35:57.992] 💓 up=220s | cb=0 audio=0.0s partials=0 | rec=0 | pipe=✅
[12:36:07.302] Pipe ricevuto: PING
[12:36:07.993] 💓 up=230s | cb=0 audio=0.0s partials=0 | rec=0 | pipe=✅
[12:36:17.306] Pipe ricevuto: PING
[12:36:17.993] 💓 up=240s | cb=0 audio=0.0s partials=0 | rec=0 | pipe=✅
[12:36:27.302] Pipe ricevuto: PING
[12:36:27.994] 💓 up=250s | cb=0 audio=0.0s partials=0 | rec=0 | pipe=✅
[12:36:37.303] Pipe ricevuto: PING
[12:36:37.994] 💓 up=260s | cb=0 audio=0.0s partials=0 | rec=0 | pipe=✅
[12:36:47.306] Pipe ricevuto: PING
[12:36:47.995] 💓 up=270s | cb=0 audio=0.0s partials=0 | rec=0 | pipe=✅
[12:36:57.305] Pipe ricevuto: PING
[12:36:57.995] 💓 up=280s | cb=0 audio=0.0s partials=0 | rec=0 | pipe=✅
[12:37:07.306] Pipe ricevuto: PING
[12:37:07.996] 💓 up=290s | cb=0 audio=0.0s partials=0 | rec=0 | pipe=✅
[12:37:17.300] Pipe ricevuto: PING
[12:37:17.996] 💓 up=300s | cb=0 audio=0.0s partials=0 | rec=0 | pipe=✅
[12:37:27.302] Pipe ricevuto: PING
[12:37:27.997] 💓 up=310s | cb=0 audio=0.0s partials=0 | rec=0 | pipe=✅
[12:37:37.300] Pipe ricevuto: PING
[12:37:37.998] 💓 up=320s | cb=0 audio=0.0s partials=0 | rec=0 | pipe=✅
[12:37:47.301] Pipe ricevuto: PING
[12:37:47.998] 💓 up=330s | cb=0 audio=0.0s partials=0 | rec=0 | pipe=✅
[12:37:57.302] Pipe ricevuto: PING
[12:37:57.998] 💓 up=340s | cb=0 audio=0.0s partials=0 | rec=0 | pipe=✅
[12:38:07.299] Pipe ricevuto: PING
[12:38:07.999] 💓 up=350s | cb=0 audio=0.0s partials=0 | rec=0 | pipe=✅
[12:38:17.303] Pipe ricevuto: PING
[12:38:18.000] 💓 up=360s | cb=0 audio=0.0s partials=0 | rec=0 | pipe=✅
[12:38:27.306] Pipe ricevuto: PING
[12:38:27.616] Pipe ricevuto: STOP
[12:38:28.000] 💓 up=370s | cb=0 audio=0.0s partials=0 | rec=0 | pipe=❌
[12:38:43.227] ============================================================
[12:38:43.228] MMCM Speech Helper — Python + Vosk v3 (high priority)
[12:38:43.228] ============================================================
[12:38:43.228] Python: 3.12.7 (tags/v3.12.7:0b05ead, Oct  1 2024, 03:06:41) [MSC v.1941 64 bit (AMD64)]
[12:38:43.228] Processo: 64-bit
[12:38:43.228] PID: 17336
[12:38:43.228] ⚠️ SetPriorityClass ha restituito False
[12:38:43.228] Lingua: it
[12:38:43.228] Modello Vosk trovato: C:\Program Files (x86)\SimHub\MMCMSpeechHelper\model
[12:38:43.228] CommandMatcher: 52 comandi (it), 4 con varianti più lunghe
[12:38:43.228] Caricamento modello Vosk: C:\Program Files (x86)\SimHub\MMCMSpeechHelper\model
[12:38:43.496] Modello caricato in 0.3s
[12:38:43.496] Grammar: 52 comandi
[12:38:43.497] ✅ Vosk recognizer pronto!
[12:38:43.497] Pipe: in attesa connessione...
[12:38:43.498] Recognition loop avviato (thread priorità alta)
[12:38:43.498] Dispositivi audio input:
[12:38:43.498] Premi Ctrl+C per uscire
[12:38:43.498]   [17] Linea in ingresso (Realtek HD Audio Line input) (ch: 2, sr: 44100Hz)
[12:38:43.498]   [18] Microfono (Realtek HD Audio Mic input) (ch: 2, sr: 44100Hz)
[12:38:43.498]   [20] Missaggio stereo (Realtek HD Audio Stereo input) (ch: 2, sr: 44100Hz)
[12:38:43.498]   [24] Input (SYSVAD Wave Speaker) (ch: 2, sr: 44100Hz)
[12:38:43.498] ❌ Errore audio: Error querying device -1
[12:38:45.813] Pipe: connesso!
[12:38:52.819] Pipe ricevuto: PING
[12:38:53.498] 💓 up=10s | cb=0 audio=0.0s partials=0 | rec=0 | pipe=✅
[12:39:02.818] Pipe ricevuto: PING
[12:39:03.498] 💓 up=20s | cb=0 audio=0.0s partials=0 | rec=0 | pipe=✅
[12:39:12.822] Pipe ricevuto: PING
[12:39:13.499] 💓 up=30s | cb=0 audio=0.0s partials=0 | rec=0 | pipe=✅
[12:39:22.819] Pipe ricevuto: PING
[12:39:23.499] 💓 up=40s | cb=0 audio=0.0s partials=0 | rec=0 | pipe=✅
[12:39:32.818] Pipe ricevuto: PING
[12:39:33.500] 💓 up=50s | cb=0 audio=0.0s partials=0 | rec=0 | pipe=✅
[12:39:42.823] Pipe ricevuto: PING
[12:39:43.500] 💓 up=60s | cb=0 audio=0.0s partials=0 | rec=0 | pipe=✅
[12:39:52.823] Pipe ricevuto: PING
[12:39:53.501] 💓 up=70s | cb=0 audio=0.0s partials=0 | rec=0 | pipe=✅
[12:40:02.822] Pipe ricevuto: PING
[12:40:03.501] 💓 up=80s | cb=0 audio=0.0s partials=0 | rec=0 | pipe=✅
[12:40:12.817] Pipe ricevuto: PING
[12:40:13.502] 💓 up=90s | cb=0 audio=0.0s partials=0 | rec=0 | pipe=✅
[12:40:22.821] Pipe ricevuto: PING
[12:40:23.502] 💓 up=100s | cb=0 audio=0.0s partials=0 | rec=0 | pipe=✅
[12:40:32.817] Pipe ricevuto: PING
[12:40:33.503] 💓 up=110s | cb=0 audio=0.0s partials=0 | rec=0 | pipe=✅
[12:40:42.823] Pipe ricevuto: PING
[12:40:43.503] 💓 up=120s | cb=0 audio=0.0s partials=0 | rec=0 | pipe=✅
[12:40:52.821] Pipe ricevuto: PING
[12:40:53.503] 💓 up=130s | cb=0 audio=0.0s partials=0 | rec=0 | pipe=✅
[12:41:02.822] Pipe ricevuto: PING
[12:41:03.504] 💓 up=140s | cb=0 audio=0.0s partials=0 | rec=0 | pipe=✅
[12:41:12.816] Pipe ricevuto: PING
[12:41:13.504] 💓 up=150s | cb=0 audio=0.0s partials=0 | rec=0 | pipe=✅
[12:41:22.822] Pipe ricevuto: PING
[12:41:23.505] 💓 up=160s | cb=0 audio=0.0s partials=0 | rec=0 | pipe=✅
[12:41:32.825] Pipe ricevuto: PING
[12:41:33.505] 💓 up=170s | cb=0 audio=0.0s partials=0 | rec=0 | pipe=✅
[12:41:42.824] Pipe ricevuto: PING
[12:41:43.506] 💓 up=180s | cb=0 audio=0.0s partials=0 | rec=0 | pipe=✅
[12:41:52.819] Pipe ricevuto: PING
[12:41:53.506] 💓 up=190s | cb=0 audio=0.0s partials=0 | rec=0 | pipe=✅
[12:42:02.820] Pipe ricevuto: PING
[12:42:03.507] 💓 up=200s | cb=0 audio=0.0s partials=0 | rec=0 | pipe=✅
[12:42:12.816] Pipe ricevuto: PING
[12:42:13.507] 💓 up=210s | cb=0 audio=0.0s partials=0 | rec=0 | pipe=✅
[12:42:22.819] Pipe ricevuto: PING
[12:42:23.507] 💓 up=220s | cb=0 audio=0.0s partials=0 | rec=0 | pipe=✅
[12:42:32.819] Pipe ricevuto: PING
[12:42:33.508] 💓 up=230s | cb=0 audio=0.0s partials=0 | rec=0 | pipe=✅
[12:42:42.819] Pipe ricevuto: PING
[12:42:43.509] 💓 up=240s | cb=0 audio=0.0s partials=0 | rec=0 | pipe=✅
[12:42:52.816] Pipe ricevuto: PING
[12:42:53.509] 💓 up=250s | cb=0 audio=0.0s partials=0 | rec=0 | pipe=✅
[12:43:02.823] Pipe ricevuto: PING
[12:43:03.510] 💓 up=260s | cb=0 audio=0.0s partials=0 | rec=0 | pipe=✅
[12:43:12.818] Pipe ricevuto: PING
[12:43:13.510] 💓 up=270s | cb=0 audio=0.0s partials=0 | rec=0 | pipe=✅
[12:43:22.822] Pipe ricevuto: PING
[12:43:23.511] 💓 up=280s | cb=0 audio=0.0s partials=0 | rec=0 | pipe=✅
[12:43:32.820] Pipe ricevuto: PING
[12:43:33.511] 💓 up=290s | cb=0 audio=0.0s partials=0 | rec=0 | pipe=✅
[12:43:42.820] Pipe ricevuto: PING
[12:43:43.512] 💓 up=300s | cb=0 audio=0.0s partials=0 | rec=0 | pipe=✅
[12:43:52.816] Pipe ricevuto: PING
[12:43:53.513] 💓 up=310s | cb=0 audio=0.0s partials=0 | rec=0 | pipe=✅
[12:44:02.822] Pipe ricevuto: PING
[12:44:03.513] 💓 up=320s | cb=0 audio=0.0s partials=0 | rec=0 | pipe=✅
[12:44:12.815] Pipe ricevuto: PING
[12:44:13.513] 💓 up=330s | cb=0 audio=0.0s partials=0 | rec=0 | pipe=✅
[12:44:22.819] Pipe ricevuto: PING
[12:44:23.514] 💓 up=340s | cb=0 audio=0.0s partials=0 | rec=0 | pipe=✅
[12:44:32.819] Pipe ricevuto: PING
[12:44:33.514] 💓 up=350s | cb=0 audio=0.0s partials=0 | rec=0 | pipe=✅
[12:44:42.817] Pipe ricevuto: PING
[12:44:43.514] 💓 up=360s | cb=0 audio=0.0s partials=0 | rec=0 | pipe=✅
[12:44:52.822] Pipe ricevuto: PING
[12:44:53.515] 💓 up=370s | cb=0 audio=0.0s partials=0 | rec=0 | pipe=✅
[12:45:02.821] Pipe ricevuto: PING
[12:45:03.515] 💓 up=380s | cb=0 audio=0.0s partials=0 | rec=0 | pipe=✅
[12:45:12.823] Pipe ricevuto: PING
[12:45:13.515] 💓 up=390s | cb=0 audio=0.0s partials=0 | rec=0 | pipe=✅
[12:45:22.821] Pipe ricevuto: PING
[12:45:23.516] 💓 up=400s | cb=0 audio=0.0s partials=0 | rec=0 | pipe=✅
[12:45:32.820] Pipe ricevuto: PING
[12:45:33.516] 💓 up=410s | cb=0 audio=0.0s partials=0 | rec=0 | pipe=✅
[12:45:42.818] Pipe ricevuto: PING
[12:45:43.517] 💓 up=420s | cb=0 audio=0.0s partials=0 | rec=0 | pipe=✅
[12:45:52.516] Pipe ricevuto: STOP
[12:45:59.873] ============================================================
[12:45:59.873] MMCM Speech Helper — Python + Vosk v3 (high priority)
[12:45:59.874] ============================================================
[12:45:59.874] Python: 3.12.7 (tags/v3.12.7:0b05ead, Oct  1 2024, 03:06:41) [MSC v.1941 64 bit (AMD64)]
[12:45:59.874] Processo: 64-bit
[12:45:59.874] PID: 13152
[12:45:59.874] ⚠️ SetPriorityClass ha restituito False
[12:45:59.874] Lingua: it
[12:45:59.874] Modello Vosk trovato: C:\Program Files (x86)\SimHub\MMCMSpeechHelper\model
[12:45:59.874] CommandMatcher: 52 comandi (it), 4 con varianti più lunghe
[12:45:59.874] Caricamento modello Vosk: C:\Program Files (x86)\SimHub\MMCMSpeechHelper\model
[12:46:00.142] Modello caricato in 0.3s
[12:46:00.143] Grammar: 52 comandi
[12:46:00.143] ✅ Vosk recognizer pronto!
[12:46:00.143] Pipe: in attesa connessione...
[12:46:00.143] Recognition loop avviato (thread priorità alta)
[12:46:00.144] Dispositivi audio input:
[12:46:00.144] Premi Ctrl+C per uscire
[12:46:00.144]   [17] Linea in ingresso (Realtek HD Audio Line input) (ch: 2, sr: 44100Hz)
[12:46:00.144]   [18] Microfono (Realtek HD Audio Mic input) (ch: 2, sr: 44100Hz)
[12:46:00.144]   [20] Missaggio stereo (Realtek HD Audio Stereo input) (ch: 2, sr: 44100Hz)
[12:46:00.144]   [24] Input (SYSVAD Wave Speaker) (ch: 2, sr: 44100Hz)
[12:46:00.144] ❌ Errore audio: Error querying device -1
[12:46:02.459] Pipe: connesso!
[12:46:09.464] Pipe ricevuto: PING
[12:46:10.145] 💓 up=10s | cb=0 audio=0.0s partials=0 | rec=0 | pipe=✅
[12:46:19.462] Pipe ricevuto: PING
[12:46:20.145] 💓 up=20s | cb=0 audio=0.0s partials=0 | rec=0 | pipe=✅
[12:46:29.465] Pipe ricevuto: PING
[12:46:30.146] 💓 up=30s | cb=0 audio=0.0s partials=0 | rec=0 | pipe=✅
[12:46:39.461] Pipe ricevuto: PING
[12:46:40.146] 💓 up=40s | cb=0 audio=0.0s partials=0 | rec=0 | pipe=✅
[12:46:49.456] Pipe ricevuto: PING
[12:46:50.146] 💓 up=50s | cb=0 audio=0.0s partials=0 | rec=0 | pipe=✅
[12:46:59.463] Pipe ricevuto: PING
[12:47:00.147] 💓 up=60s | cb=0 audio=0.0s partials=0 | rec=0 | pipe=✅
[12:47:09.465] Pipe ricevuto: PING
[12:47:10.147] 💓 up=70s | cb=0 audio=0.0s partials=0 | rec=0 | pipe=✅
[12:47:19.464] Pipe ricevuto: PING
[12:47:20.148] 💓 up=80s | cb=0 audio=0.0s partials=0 | rec=0 | pipe=✅
[12:47:29.463] Pipe ricevuto: PING
[12:47:30.148] 💓 up=90s | cb=0 audio=0.0s partials=0 | rec=0 | pipe=✅
[12:47:39.456] Pipe ricevuto: PING
[12:47:40.149] 💓 up=100s | cb=0 audio=0.0s partials=0 | rec=0 | pipe=✅
[12:47:49.459] Pipe ricevuto: PING
[12:47:50.149] 💓 up=110s | cb=0 audio=0.0s partials=0 | rec=0 | pipe=✅
[12:47:59.463] Pipe ricevuto: PING
[12:48:00.150] 💓 up=120s | cb=0 audio=0.0s partials=0 | rec=0 | pipe=✅
[12:48:09.460] Pipe ricevuto: PING
[12:48:10.150] 💓 up=130s | cb=0 audio=0.0s partials=0 | rec=0 | pipe=✅
[12:48:19.462] Pipe ricevuto: PING
[12:48:20.151] 💓 up=140s | cb=0 audio=0.0s partials=0 | rec=0 | pipe=✅
[12:48:29.459] Pipe ricevuto: PING
[12:48:30.152] 💓 up=150s | cb=0 audio=0.0s partials=0 | rec=0 | pipe=✅
[12:48:39.457] Pipe ricevuto: PING
[12:48:40.152] 💓 up=160s | cb=0 audio=0.0s partials=0 | rec=0 | pipe=✅
[12:48:49.455] Pipe ricevuto: PING
[12:48:50.153] 💓 up=170s | cb=0 audio=0.0s partials=0 | rec=0 | pipe=✅
[12:48:59.456] Pipe ricevuto: PING
[12:49:00.153] 💓 up=180s | cb=0 audio=0.0s partials=0 | rec=0 | pipe=✅
[12:49:09.456] Pipe ricevuto: PING
[12:49:10.153] 💓 up=190s | cb=0 audio=0.0s partials=0 | rec=0 | pipe=✅
[12:49:12.996] Pipe ricevuto: STOP
[15:24:20.816] ============================================================
[15:24:20.817] MMCM Speech Helper — Python + Vosk v3 (high priority)
[15:24:20.817] ============================================================
[15:24:20.817] Python: 3.12.7 (tags/v3.12.7:0b05ead, Oct  1 2024, 03:06:41) [MSC v.1941 64 bit (AMD64)]
[15:24:20.817] Processo: 64-bit
[15:24:20.817] PID: 14232
[15:24:20.817] ⚠️ SetPriorityClass ha restituito False
[15:24:20.817] Lingua: it
[15:24:20.817] Modello Vosk trovato: C:\Program Files (x86)\SimHub\MMCMSpeechHelper\model
[15:24:20.817] CommandMatcher: 52 comandi (it), 4 con varianti più lunghe
[15:24:20.817] Caricamento modello Vosk: C:\Program Files (x86)\SimHub\MMCMSpeechHelper\model
[15:24:21.088] Modello caricato in 0.3s
[15:24:21.089] Grammar: 52 comandi
[15:24:21.096] ✅ Vosk recognizer pronto!
[15:24:21.096] Pipe: in attesa connessione...
[15:24:21.096] Recognition loop avviato (thread priorità alta)
[15:24:21.096] Premi Ctrl+C per uscire
[15:24:21.097] Dispositivi audio input:
[15:24:21.097]   [0] Microsoft Sound Mapper - Input (ch: 2, sr: 44100Hz)
[15:24:21.097]   [1] Microfono (G06-BT) (ch: 1, sr: 44100Hz) ← DEFAULT
[15:24:21.097]   [9] Driver primario di acquisizione suoni (ch: 2, sr: 44100Hz)
[15:24:21.097]   [10] Microfono (G06-BT) (ch: 1, sr: 44100Hz)
[15:24:21.097]   [24] Microfono (G06-BT) (ch: 1, sr: 48000Hz)
[15:24:21.097]   [25] Linea in ingresso (Realtek HD Audio Line input) (ch: 2, sr: 44100Hz)
[15:24:21.097]   [26] Microfono (Realtek HD Audio Mic input) (ch: 2, sr: 44100Hz)
[15:24:21.097]   [28] Missaggio stereo (Realtek HD Audio Stereo input) (ch: 2, sr: 44100Hz)
[15:24:21.097]   [32] Input (SYSVAD Wave Speaker) (ch: 2, sr: 44100Hz)
[15:24:21.097]   [36] Microfono (G06-BT) (ch: 1, sr: 48000Hz)
[15:24:21.104] 🎤 Audio: 16000Hz mono, block=1280 (80ms), latency=low
[15:24:21.104] ✅ In ascolto! Parla...
[15:24:23.371] Pipe: connesso!
[15:24:30.331] Pipe ricevuto: PING
[15:24:31.097] 💓 up=10s | cb=124 audio=9.9s partials=0 | rec=0 | pipe=✅
[15:24:40.333] Pipe ricevuto: PING
[15:24:41.098] 💓 up=20s | cb=249 audio=19.9s partials=0 | rec=0 | pipe=✅
[15:24:50.338] Pipe ricevuto: PING
[15:24:51.098] 💓 up=30s | cb=374 audio=29.9s partials=0 | rec=0 | pipe=✅
[15:25:00.340] Pipe ricevuto: PING
[15:25:01.099] 💓 up=40s | cb=499 audio=39.9s partials=0 | rec=0 | pipe=✅
[15:25:10.334] Pipe ricevuto: PING
[15:25:11.099] 💓 up=50s | cb=624 audio=49.9s partials=0 | rec=0 | pipe=✅
[15:25:20.333] Pipe ricevuto: PING
[15:25:21.100] 💓 up=60s | cb=749 audio=59.9s partials=0 | rec=0 | pipe=✅
[15:25:30.338] Pipe ricevuto: PING
[15:25:31.100] 💓 up=70s | cb=874 audio=69.9s partials=0 | rec=0 | pipe=✅
[15:25:40.330] Pipe ricevuto: PING
[15:25:41.101] 💓 up=80s | cb=999 audio=79.9s partials=0 | rec=0 | pipe=✅
[15:25:50.340] Pipe ricevuto: PING
[15:25:51.101] 💓 up=90s | cb=1124 audio=89.9s partials=0 | rec=0 | pipe=✅
[15:26:00.334] Pipe ricevuto: PING
[15:26:01.102] 💓 up=100s | cb=1249 audio=99.9s partials=0 | rec=0 | pipe=✅
[15:26:10.334] Pipe ricevuto: PING
[15:26:11.103] 💓 up=110s | cb=1374 audio=109.9s partials=0 | rec=0 | pipe=✅
[15:26:20.337] Pipe ricevuto: PING
[15:26:21.103] 💓 up=120s | cb=1499 audio=119.9s partials=0 | rec=0 | pipe=✅
[15:26:30.332] Pipe ricevuto: PING
[15:26:31.103] 💓 up=130s | cb=1624 audio=129.9s partials=0 | rec=0 | pipe=✅
[15:26:40.335] Pipe ricevuto: PING
[15:26:41.104] 💓 up=140s | cb=1749 audio=139.9s partials=0 | rec=0 | pipe=✅
[15:26:50.339] Pipe ricevuto: PING
[15:26:51.104] 💓 up=150s | cb=1874 audio=149.9s partials=0 | rec=0 | pipe=✅
[15:27:00.335] Pipe ricevuto: PING
[15:27:01.105] 💓 up=160s | cb=1999 audio=159.9s partials=0 | rec=0 | pipe=✅
[15:27:10.337] Pipe ricevuto: PING
[15:27:11.105] 💓 up=170s | cb=2124 audio=169.9s partials=0 | rec=0 | pipe=✅
[15:27:20.336] Pipe ricevuto: PING
[15:27:21.106] 💓 up=180s | cb=2249 audio=179.9s partials=0 | rec=0 | pipe=✅
[15:27:30.334] Pipe ricevuto: PING
[15:27:31.106] 💓 up=190s | cb=2374 audio=189.9s partials=0 | rec=0 | pipe=✅
[15:27:40.337] Pipe ricevuto: PING
[15:27:41.107] 💓 up=200s | cb=2499 audio=199.9s partials=0 | rec=0 | pipe=✅
[15:27:50.331] Pipe ricevuto: PING
[15:27:51.107] 💓 up=210s | cb=2624 audio=209.9s partials=0 | rec=0 | pipe=✅
[15:28:00.338] Pipe ricevuto: PING
[15:28:01.108] 💓 up=220s | cb=2749 audio=219.9s partials=0 | rec=0 | pipe=✅
[15:28:10.340] Pipe ricevuto: PING
[15:28:11.108] 💓 up=230s | cb=2874 audio=229.9s partials=0 | rec=0 | pipe=✅
[15:28:18.881]   🎯 [partial] RECOGNIZED:0.85:ingegnere
[15:28:20.334] Pipe ricevuto: PING
[15:28:20.481]   🎯 [partial] RECOGNIZED:0.85:posizione
[15:28:21.109] 💓 up=240s | cb=2999 audio=239.9s partials=5 | rec=2 | pipe=✅
[15:28:30.335] Pipe ricevuto: PING
[15:28:31.110] 💓 up=250s | cb=3124 audio=249.9s partials=5 | rec=2 | pipe=✅
[15:28:32.402]   🎯 [partial] RECOGNIZED:0.85:ingegnere
[15:28:33.281]   ⏳ Pending: "gap" (attendo variante lunga, 800ms)
[15:28:33.521]   ... "davanti"
[15:28:33.521]   ↑ Upgrade: "gap" → "davanti"
[15:28:33.521]   🎯 [partial+upgrade] RECOGNIZED:0.85:davanti
[15:28:40.338] Pipe ricevuto: PING
[15:28:41.110] 💓 up=260s | cb=3249 audio=259.9s partials=10 | rec=4 | pipe=✅
[15:28:50.333] Pipe ricevuto: PING
[15:28:51.111] 💓 up=270s | cb=3374 audio=269.9s partials=10 | rec=4 | pipe=✅
[15:29:00.337] Pipe ricevuto: PING
[15:29:01.111] 💓 up=280s | cb=3499 audio=279.9s partials=10 | rec=4 | pipe=✅
[15:29:10.337] Pipe ricevuto: PING
[15:29:11.112] 💓 up=290s | cb=3624 audio=289.9s partials=10 | rec=4 | pipe=✅
[15:29:11.841]   🎯 [partial] RECOGNIZED:0.85:ingegnere
[15:29:12.962]   🎯 [partial] RECOGNIZED:0.85:dammi tutto
[15:29:16.001]   🎯 [partial] RECOGNIZED:0.85:dammi tutto
[15:29:20.338] Pipe ricevuto: PING
[15:29:21.113] 💓 up=300s | cb=3749 audio=299.9s partials=19 | rec=7 | pipe=✅
[15:29:30.335] Pipe ricevuto: PING
[15:29:31.113] 💓 up=310s | cb=3874 audio=309.9s partials=19 | rec=7 | pipe=✅
[15:29:34.881]   ... "ingegnere"
[15:29:34.881]   🎯 [partial] RECOGNIZED:0.85:ingegnere
[15:29:36.002]   🎯 [partial] RECOGNIZED:0.85:dammi tutto
[15:29:40.336] Pipe ricevuto: PING
[15:29:41.114] 💓 up=320s | cb=3999 audio=319.9s partials=24 | rec=9 | pipe=✅
[15:29:50.339] Pipe ricevuto: PING
[15:29:51.114] 💓 up=330s | cb=4124 audio=329.9s partials=24 | rec=9 | pipe=✅
[15:30:00.333] Pipe ricevuto: PING
[15:30:01.115] 💓 up=340s | cb=4249 audio=339.9s partials=24 | rec=9 | pipe=✅
[15:30:10.338] Pipe ricevuto: PING
[15:30:11.115] 💓 up=350s | cb=4374 audio=349.9s partials=24 | rec=9 | pipe=✅
[15:30:20.331] Pipe ricevuto: PING
[15:30:21.116] 💓 up=360s | cb=4499 audio=359.9s partials=24 | rec=9 | pipe=✅
[15:30:30.334] Pipe ricevuto: PING
[15:30:31.116] 💓 up=370s | cb=4624 audio=369.9s partials=24 | rec=9 | pipe=✅
[15:30:40.339] Pipe ricevuto: PING
[15:30:41.117] 💓 up=380s | cb=4749 audio=379.9s partials=24 | rec=9 | pipe=✅
[15:30:41.921]   🎯 [partial] RECOGNIZED:0.85:ingegnere
[15:30:42.801]   ⏳ Pending: "gap" (attendo variante lunga, 800ms)
[15:30:43.118]   ... "gap"
[15:30:43.521]   📝 Finale: "gap"
[15:30:43.522]   🎯 [final] RECOGNIZED:0.85:gap
[15:30:50.334] Pipe ricevuto: PING
[15:30:51.117] 💓 up=390s | cb=4874 audio=389.9s partials=34 | rec=11 | pipe=✅
[15:31:00.338] Pipe ricevuto: PING
[15:31:01.118] 💓 up=400s | cb=5000 audio=400.0s partials=34 | rec=11 | pipe=✅
[15:31:10.334] Pipe ricevuto: PING
[15:31:11.118] 💓 up=410s | cb=5125 audio=410.0s partials=34 | rec=11 | pipe=✅
[15:31:20.333] Pipe ricevuto: PING
[15:31:21.119] 💓 up=420s | cb=5250 audio=420.0s partials=34 | rec=11 | pipe=✅
[15:31:30.331] Pipe ricevuto: PING
[15:31:31.119] 💓 up=430s | cb=5375 audio=430.0s partials=34 | rec=11 | pipe=✅
[15:31:40.340] Pipe ricevuto: PING
[15:31:41.120] 💓 up=440s | cb=5500 audio=440.0s partials=34 | rec=11 | pipe=✅
[15:31:50.334] Pipe ricevuto: PING
[15:31:51.120] 💓 up=450s | cb=5625 audio=450.0s partials=34 | rec=11 | pipe=✅
[15:32:00.332] Pipe ricevuto: PING
[15:32:01.121] 💓 up=460s | cb=5750 audio=460.0s partials=34 | rec=11 | pipe=✅
[15:32:10.333] Pipe ricevuto: PING
[15:32:11.121] 💓 up=470s | cb=5875 audio=470.0s partials=34 | rec=11 | pipe=✅
[15:32:20.335] Pipe ricevuto: PING
[15:32:21.122] 💓 up=480s | cb=6000 audio=480.0s partials=34 | rec=11 | pipe=✅
[15:32:30.336] Pipe ricevuto: PING
[15:32:31.122] 💓 up=490s | cb=6125 audio=490.0s partials=34 | rec=11 | pipe=✅
[15:32:40.338] Pipe ricevuto: PING
[15:32:41.123] 💓 up=500s | cb=6250 audio=500.0s partials=34 | rec=11 | pipe=✅
[15:32:50.331] Pipe ricevuto: PING
[15:32:51.124] 💓 up=510s | cb=6375 audio=510.0s partials=34 | rec=11 | pipe=✅
[15:33:00.335] Pipe ricevuto: PING
[15:33:01.124] 💓 up=520s | cb=6500 audio=520.0s partials=34 | rec=11 | pipe=✅
[15:33:10.337] Pipe ricevuto: PING
[15:33:11.124] 💓 up=530s | cb=6625 audio=530.0s partials=34 | rec=11 | pipe=✅
[15:33:20.335] Pipe ricevuto: PING
[15:33:21.125] 💓 up=540s | cb=6750 audio=540.0s partials=34 | rec=11 | pipe=✅
[15:33:30.339] Pipe ricevuto: PING
[15:33:31.125] 💓 up=550s | cb=6875 audio=550.0s partials=34 | rec=11 | pipe=✅
[15:33:40.331] Pipe ricevuto: PING
[15:33:41.126] 💓 up=560s | cb=7000 audio=560.0s partials=34 | rec=11 | pipe=✅
[15:33:50.340] Pipe ricevuto: PING
[15:33:51.126] 💓 up=570s | cb=7125 audio=570.0s partials=34 | rec=11 | pipe=✅
[15:34:00.334] Pipe ricevuto: PING
[15:34:01.127] 💓 up=580s | cb=7250 audio=580.0s partials=34 | rec=11 | pipe=✅
[15:34:10.340] Pipe ricevuto: PING
[15:34:11.128] 💓 up=590s | cb=7375 audio=590.0s partials=34 | rec=11 | pipe=✅
[15:34:20.334] Pipe ricevuto: PING
[15:34:21.128] 💓 up=600s | cb=7500 audio=600.0s partials=34 | rec=11 | pipe=✅
[15:34:30.339] Pipe ricevuto: PING
[15:34:31.129] 💓 up=610s | cb=7625 audio=610.0s partials=34 | rec=11 | pipe=✅
[15:34:40.339] Pipe ricevuto: PING
[15:34:41.129] 💓 up=620s | cb=7750 audio=620.0s partials=34 | rec=11 | pipe=✅
[15:34:50.333] Pipe ricevuto: PING
[15:34:51.130] 💓 up=630s | cb=7875 audio=630.0s partials=34 | rec=11 | pipe=✅
[15:35:00.337] Pipe ricevuto: PING
[15:35:01.130] 💓 up=640s | cb=8000 audio=640.0s partials=34 | rec=11 | pipe=✅
[15:35:10.340] Pipe ricevuto: PING
[15:35:11.130] 💓 up=650s | cb=8125 audio=650.0s partials=34 | rec=11 | pipe=✅
[15:35:20.331] Pipe ricevuto: PING
[15:35:21.131] 💓 up=660s | cb=8250 audio=660.0s partials=34 | rec=11 | pipe=✅
[15:35:30.336] Pipe ricevuto: PING
[15:35:31.131] 💓 up=670s | cb=8375 audio=670.0s partials=34 | rec=11 | pipe=✅
[15:35:40.332] Pipe ricevuto: PING
[15:35:41.132] 💓 up=680s | cb=8500 audio=680.0s partials=34 | rec=11 | pipe=✅
[15:35:50.332] Pipe ricevuto: PING
[15:35:51.133] 💓 up=690s | cb=8625 audio=690.0s partials=34 | rec=11 | pipe=✅
[15:36:00.340] Pipe ricevuto: PING
[15:36:01.133] 💓 up=700s | cb=8750 audio=700.0s partials=34 | rec=11 | pipe=✅
[15:36:10.338] Pipe ricevuto: PING
[15:36:11.134] 💓 up=710s | cb=8875 audio=710.0s partials=34 | rec=11 | pipe=✅
[15:36:20.333] Pipe ricevuto: PING
[15:36:21.134] 💓 up=720s | cb=9000 audio=720.0s partials=34 | rec=11 | pipe=✅
[15:36:30.337] Pipe ricevuto: PING
[15:36:31.135] 💓 up=730s | cb=9125 audio=730.0s partials=34 | rec=11 | pipe=✅
[15:36:40.334] Pipe ricevuto: PING
[15:36:41.135] 💓 up=740s | cb=9250 audio=740.0s partials=34 | rec=11 | pipe=✅
[15:36:50.332] Pipe ricevuto: PING
[15:36:51.136] 💓 up=750s | cb=9375 audio=750.0s partials=34 | rec=11 | pipe=✅
[15:37:00.337] Pipe ricevuto: PING
[15:37:01.137] 💓 up=760s | cb=9500 audio=760.0s partials=34 | rec=11 | pipe=✅
[15:37:10.337] Pipe ricevuto: PING
[15:37:11.137] 💓 up=770s | cb=9625 audio=770.0s partials=34 | rec=11 | pipe=✅
[15:37:20.334] Pipe ricevuto: PING
[15:37:21.137] 💓 up=780s | cb=9750 audio=780.0s partials=34 | rec=11 | pipe=✅
[15:37:30.337] Pipe ricevuto: PING
[15:37:31.138] 💓 up=790s | cb=9875 audio=790.0s partials=34 | rec=11 | pipe=✅
[15:37:40.340] Pipe ricevuto: PING
[15:37:41.138] 💓 up=800s | cb=10000 audio=800.0s partials=34 | rec=11 | pipe=✅
[15:37:50.337] Pipe ricevuto: PING
[15:37:51.139] 💓 up=810s | cb=10125 audio=810.0s partials=34 | rec=11 | pipe=✅
[15:38:00.337] Pipe ricevuto: PING
[15:38:01.139] 💓 up=820s | cb=10250 audio=820.0s partials=34 | rec=11 | pipe=✅
[15:38:10.336] Pipe ricevuto: PING
[15:38:11.140] 💓 up=830s | cb=10375 audio=830.0s partials=34 | rec=11 | pipe=✅
[15:38:20.340] Pipe ricevuto: PING
[15:38:21.141] 💓 up=840s | cb=10500 audio=840.0s partials=34 | rec=11 | pipe=✅
[15:38:30.337] Pipe ricevuto: PING
[15:38:31.141] 💓 up=850s | cb=10625 audio=850.0s partials=34 | rec=11 | pipe=✅
[15:38:40.333] Pipe ricevuto: PING
[15:38:41.142] 💓 up=860s | cb=10750 audio=860.0s partials=34 | rec=11 | pipe=✅
[15:38:50.333] Pipe ricevuto: PING
[15:38:51.142] 💓 up=870s | cb=10875 audio=870.0s partials=34 | rec=11 | pipe=✅
[15:39:00.340] Pipe ricevuto: PING
[15:39:01.143] 💓 up=880s | cb=11000 audio=880.0s partials=34 | rec=11 | pipe=✅
[15:39:10.339] Pipe ricevuto: PING
[15:39:11.143] 💓 up=890s | cb=11125 audio=890.0s partials=34 | rec=11 | pipe=✅
[15:39:20.334] Pipe ricevuto: PING
[15:39:21.144] 💓 up=900s | cb=11250 audio=900.0s partials=34 | rec=11 | pipe=✅
[15:39:30.338] Pipe ricevuto: PING
[15:39:31.144] 💓 up=910s | cb=11375 audio=910.0s partials=34 | rec=11 | pipe=✅
[15:39:40.339] Pipe ricevuto: PING
[15:39:41.145] 💓 up=920s | cb=11500 audio=920.0s partials=34 | rec=11 | pipe=✅
[15:39:50.340] Pipe ricevuto: PING
[15:39:51.145] 💓 up=930s | cb=11625 audio=930.0s partials=34 | rec=11 | pipe=✅
[15:40:00.337] Pipe ricevuto: PING
[15:40:01.146] 💓 up=940s | cb=11750 audio=940.0s partials=34 | rec=11 | pipe=✅
[15:40:10.332] Pipe ricevuto: PING
[15:40:11.147] 💓 up=950s | cb=11875 audio=950.0s partials=34 | rec=11 | pipe=✅
[15:40:20.336] Pipe ricevuto: PING
[15:40:21.147] 💓 up=960s | cb=12000 audio=960.0s partials=34 | rec=11 | pipe=✅
[15:40:30.332] Pipe ricevuto: PING
[15:40:31.148] 💓 up=970s | cb=12125 audio=970.0s partials=34 | rec=11 | pipe=✅
[15:40:40.340] Pipe ricevuto: PING
[15:40:41.148] 💓 up=980s | cb=12250 audio=980.0s partials=34 | rec=11 | pipe=✅
[15:40:50.333] Pipe ricevuto: PING
[15:40:51.149] 💓 up=990s | cb=12375 audio=990.0s partials=34 | rec=11 | pipe=✅
[15:41:00.332] Pipe ricevuto: PING
[15:41:01.149] 💓 up=1000s | cb=12500 audio=1000.0s partials=34 | rec=11 | pipe=✅
[15:41:10.338] Pipe ricevuto: PING
[15:41:11.150] 💓 up=1010s | cb=12625 audio=1010.0s partials=34 | rec=11 | pipe=✅
[15:41:20.332] Pipe ricevuto: PING
[15:41:21.150] 💓 up=1020s | cb=12750 audio=1020.0s partials=34 | rec=11 | pipe=✅
[15:41:30.334] Pipe ricevuto: PING
[15:41:31.151] 💓 up=1030s | cb=12875 audio=1030.0s partials=34 | rec=11 | pipe=✅
[15:41:40.331] Pipe ricevuto: PING
[15:41:41.151] 💓 up=1040s | cb=13000 audio=1040.0s partials=34 | rec=11 | pipe=✅
[15:41:50.337] Pipe ricevuto: PING
[15:41:51.152] 💓 up=1050s | cb=13125 audio=1050.0s partials=34 | rec=11 | pipe=✅
[15:42:00.333] Pipe ricevuto: PING
[15:42:01.152] 💓 up=1060s | cb=13250 audio=1060.0s partials=34 | rec=11 | pipe=✅
[15:42:10.333] Pipe ricevuto: PING
[15:42:11.153] 💓 up=1070s | cb=13375 audio=1070.0s partials=34 | rec=11 | pipe=✅
[15:42:20.340] Pipe ricevuto: PING
[15:42:21.153] 💓 up=1080s | cb=13500 audio=1080.0s partials=34 | rec=11 | pipe=✅
[15:42:30.331] Pipe ricevuto: PING
[15:42:31.154] 💓 up=1090s | cb=13625 audio=1090.0s partials=34 | rec=11 | pipe=✅
[15:42:40.340] Pipe ricevuto: PING
[15:42:41.154] 💓 up=1100s | cb=13750 audio=1100.0s partials=34 | rec=11 | pipe=✅
[15:42:50.334] Pipe ricevuto: PING
[15:42:51.155] 💓 up=1110s | cb=13875 audio=1110.0s partials=34 | rec=11 | pipe=✅
[15:43:00.334] Pipe ricevuto: PING
[15:43:01.155] 💓 up=1120s | cb=14000 audio=1120.0s partials=34 | rec=11 | pipe=✅
[15:43:10.333] Pipe ricevuto: PING
[15:43:11.156] 💓 up=1130s | cb=14125 audio=1130.0s partials=34 | rec=11 | pipe=✅
[15:43:20.334] Pipe ricevuto: PING
[15:43:21.156] 💓 up=1140s | cb=14250 audio=1140.0s partials=34 | rec=11 | pipe=✅
[15:43:30.331] Pipe ricevuto: PING
[15:43:31.157] 💓 up=1150s | cb=14375 audio=1150.0s partials=34 | rec=11 | pipe=✅
[15:43:40.333] Pipe ricevuto: PING
[15:43:41.157] 💓 up=1160s | cb=14500 audio=1160.0s partials=34 | rec=11 | pipe=✅
[15:43:50.338] Pipe ricevuto: PING
[15:43:51.158] 💓 up=1170s | cb=14625 audio=1170.0s partials=34 | rec=11 | pipe=✅
[15:44:00.337] Pipe ricevuto: PING
[15:44:01.158] 💓 up=1180s | cb=14750 audio=1180.0s partials=34 | rec=11 | pipe=✅
[15:44:10.334] Pipe ricevuto: PING
[15:44:11.158] 💓 up=1190s | cb=14875 audio=1190.0s partials=34 | rec=11 | pipe=✅
[15:44:20.335] Pipe ricevuto: PING
[15:44:21.159] 💓 up=1200s | cb=15000 audio=1200.0s partials=34 | rec=11 | pipe=✅
[15:44:30.335] Pipe ricevuto: PING
[15:44:31.160] 💓 up=1210s | cb=15125 audio=1210.0s partials=34 | rec=11 | pipe=✅
[15:44:40.333] Pipe ricevuto: PING
[15:44:41.160] 💓 up=1220s | cb=15250 audio=1220.0s partials=34 | rec=11 | pipe=✅
[15:44:50.332] Pipe ricevuto: PING
[15:44:51.161] 💓 up=1230s | cb=15375 audio=1230.0s partials=34 | rec=11 | pipe=✅
[15:45:00.332] Pipe ricevuto: PING
[15:45:01.161] 💓 up=1240s | cb=15500 audio=1240.0s partials=34 | rec=11 | pipe=✅
[15:45:10.339] Pipe ricevuto: PING
[15:45:11.162] 💓 up=1250s | cb=15625 audio=1250.0s partials=34 | rec=11 | pipe=✅
[15:45:20.332] Pipe ricevuto: PING
[15:45:21.162] 💓 up=1260s | cb=15750 audio=1260.0s partials=34 | rec=11 | pipe=✅
[15:45:30.334] Pipe ricevuto: PING
[15:45:31.163] 💓 up=1270s | cb=15875 audio=1270.0s partials=34 | rec=11 | pipe=✅
[15:45:40.340] Pipe ricevuto: PING
[15:45:41.163] 💓 up=1280s | cb=16000 audio=1280.0s partials=34 | rec=11 | pipe=✅
[15:45:50.333] Pipe ricevuto: PING
[15:45:51.164] 💓 up=1290s | cb=16125 audio=1290.0s partials=34 | rec=11 | pipe=✅
[15:46:00.338] Pipe ricevuto: PING
[15:46:01.165] 💓 up=1300s | cb=16250 audio=1300.0s partials=34 | rec=11 | pipe=✅
[15:46:10.339] Pipe ricevuto: PING
[15:46:11.165] 💓 up=1310s | cb=16375 audio=1310.0s partials=34 | rec=11 | pipe=✅
[15:46:20.339] Pipe ricevuto: PING
[15:46:21.166] 💓 up=1320s | cb=16500 audio=1320.0s partials=34 | rec=11 | pipe=✅
[15:46:30.335] Pipe ricevuto: PING
[15:46:31.167] 💓 up=1330s | cb=16625 audio=1330.0s partials=34 | rec=11 | pipe=✅
[15:46:40.337] Pipe ricevuto: PING
[15:46:41.167] 💓 up=1340s | cb=16750 audio=1340.0s partials=34 | rec=11 | pipe=✅
[15:46:50.333] Pipe ricevuto: PING
[15:46:51.168] 💓 up=1350s | cb=16875 audio=1350.0s partials=34 | rec=11 | pipe=✅
[15:47:00.334] Pipe ricevuto: PING
[15:47:01.169] 💓 up=1360s | cb=17000 audio=1360.0s partials=34 | rec=11 | pipe=✅
[15:47:10.332] Pipe ricevuto: PING
[15:47:11.169] 💓 up=1370s | cb=17125 audio=1370.0s partials=34 | rec=11 | pipe=✅
[15:47:20.339] Pipe ricevuto: PING
[15:47:21.169] 💓 up=1380s | cb=17250 audio=1380.0s partials=34 | rec=11 | pipe=✅
[15:47:30.347] Pipe ricevuto: PING
[15:47:31.169] 💓 up=1390s | cb=17375 audio=1390.0s partials=34 | rec=11 | pipe=✅
[15:47:40.338] Pipe ricevuto: PING
[15:47:41.170] 💓 up=1400s | cb=17500 audio=1400.0s partials=34 | rec=11 | pipe=✅
[15:47:50.335] Pipe ricevuto: PING
[15:47:51.170] 💓 up=1410s | cb=17625 audio=1410.0s partials=34 | rec=11 | pipe=✅
[15:48:00.331] Pipe ricevuto: PING
[15:48:01.171] 💓 up=1420s | cb=17750 audio=1420.0s partials=34 | rec=11 | pipe=✅
[15:48:10.341] Pipe ricevuto: PING
[15:48:11.171] 💓 up=1430s | cb=17875 audio=1430.0s partials=34 | rec=11 | pipe=✅
[15:48:20.334] Pipe ricevuto: PING
[15:48:21.172] 💓 up=1440s | cb=18000 audio=1440.0s partials=34 | rec=11 | pipe=✅
[15:48:30.338] Pipe ricevuto: PING
[15:48:31.172] 💓 up=1450s | cb=18125 audio=1450.0s partials=34 | rec=11 | pipe=✅
[15:48:40.333] Pipe ricevuto: PING
[15:48:41.172] 💓 up=1460s | cb=18250 audio=1460.0s partials=34 | rec=11 | pipe=✅
[15:48:50.332] Pipe ricevuto: PING
[15:48:51.173] 💓 up=1470s | cb=18375 audio=1470.0s partials=34 | rec=11 | pipe=✅
[15:49:00.339] Pipe ricevuto: PING
[15:49:01.173] 💓 up=1480s | cb=18500 audio=1480.0s partials=34 | rec=11 | pipe=✅
[15:49:03.041]   🎯 [partial] RECOGNIZED:0.85:ingegnere
[15:49:04.161]   🎯 [partial] RECOGNIZED:0.85:dammi tutto
[15:49:10.331] Pipe ricevuto: PING
[15:49:11.066] Pipe ricevuto: STOP
[15:49:11.174] 💓 up=1490s | cb=18625 audio=1490.0s partials=36 | rec=13 | pipe=❌
[15:50:22.566] ============================================================
[15:50:22.566] MMCM Speech Helper — Python + Vosk v3.3 (EVO grammar)
[15:50:22.566] ============================================================
[15:50:22.566] Python: 3.12.7 (tags/v3.12.7:0b05ead, Oct  1 2024, 03:06:41) [MSC v.1941 64 bit (AMD64)]
[15:50:22.566] Processo: 64-bit
[15:50:22.566] PID: 5148
[15:50:22.566] ⚠️ SetPriorityClass ha restituito False
[15:50:22.566] Lingua richiesta: it
[15:50:22.567] ✅ Modello Vosk per lingua 'it': C:\Program Files (x86)\SimHub\MMCMSpeechHelper\model-it
[15:50:22.567] CommandMatcher: 84 comandi (it), 7 con varianti più lunghe
[15:50:22.567] Caricamento modello Vosk: C:\Program Files (x86)\SimHub\MMCMSpeechHelper\model-it
[15:50:22.889] Modello caricato in 0.3s
[15:50:22.889] Grammar: 84 comandi
[15:50:22.890] ✅ Vosk recognizer pronto!
[15:50:22.891] Pipe: in attesa connessione...
[15:50:22.891] Recognition loop avviato (thread priorità alta)
[15:50:22.891] Premi Ctrl+C per uscire
[15:50:22.891] Dispositivi audio input:
[15:50:22.891]   [0] Microsoft Sound Mapper - Input (ch: 2, sr: 44100Hz)
[15:50:22.891]   [1] Microfono (G06-BT) (ch: 1, sr: 44100Hz) ← DEFAULT
[15:50:22.891]   [9] Driver primario di acquisizione suoni (ch: 2, sr: 44100Hz)
[15:50:22.891]   [10] Microfono (G06-BT) (ch: 1, sr: 44100Hz)
[15:50:22.891]   [24] Microfono (G06-BT) (ch: 1, sr: 48000Hz)
[15:50:22.891]   [25] Linea in ingresso (Realtek HD Audio Line input) (ch: 2, sr: 44100Hz)
[15:50:22.891]   [26] Microfono (Realtek HD Audio Mic input) (ch: 2, sr: 44100Hz)
[15:50:22.891]   [28] Missaggio stereo (Realtek HD Audio Stereo input) (ch: 2, sr: 44100Hz)
[15:50:22.891]   [32] Input (SYSVAD Wave Speaker) (ch: 2, sr: 44100Hz)
[15:50:22.892]   [36] Microfono (G06-BT) (ch: 1, sr: 48000Hz)
[15:50:22.899] 🎤 Audio: 16000Hz mono, block=1280 (80ms), latency=low
[15:50:22.899] ✅ In ascolto! Parla...
[15:50:25.100] Pipe: connesso!
[15:50:28.592]   🎯 [partial] RECOGNIZED:0.85:ingegnere
[15:50:29.952]   🎯 [partial] RECOGNIZED:0.85:taglio
[15:50:32.069] Pipe ricevuto: PING
[15:50:32.892] 💓 up=10s | cb=124 audio=9.9s partials=2 | rec=2 | pipe=✅
[15:50:39.713]   🎯 [partial] RECOGNIZED:0.85:ingegnere
[15:50:42.066] Pipe ricevuto: PING
[15:50:42.892] 💓 up=20s | cb=249 audio=19.9s partials=3 | rec=3 | pipe=✅
[15:50:43.232]   🎯 [partial] RECOGNIZED:0.85:danni
[15:50:52.073] Pipe ricevuto: PING
[15:50:52.893] 💓 up=30s | cb=374 audio=29.9s partials=4 | rec=4 | pipe=✅
[15:50:54.912]   🎯 [partial] RECOGNIZED:0.85:ingegnere
[15:50:56.032]   🎯 [partial] RECOGNIZED:0.85:danni
[15:51:02.073] Pipe ricevuto: PING
[15:51:02.893] 💓 up=40s | cb=499 audio=39.9s partials=6 | rec=6 | pipe=✅
[15:51:12.070] Pipe ricevuto: PING
[15:51:12.894] 💓 up=50s | cb=624 audio=49.9s partials=6 | rec=6 | pipe=✅
[15:51:13.233]   🎯 [partial] RECOGNIZED:0.85:ingegnere
[15:51:14.111]   🎯 [partial] RECOGNIZED:0.85:batteria
[15:51:22.073] Pipe ricevuto: PING
[15:51:22.894] 💓 up=60s | cb=749 audio=59.9s partials=8 | rec=8 | pipe=✅
[15:51:32.071] Pipe ricevuto: PING
[15:51:32.894] 💓 up=70s | cb=874 audio=69.9s partials=8 | rec=8 | pipe=✅
[15:51:42.069] Pipe ricevuto: PING
[15:51:42.895] 💓 up=80s | cb=999 audio=79.9s partials=8 | rec=8 | pipe=✅
[15:51:52.069] Pipe ricevuto: PING
[15:51:52.895] 💓 up=90s | cb=1124 audio=89.9s partials=8 | rec=8 | pipe=✅
[15:52:02.071] Pipe ricevuto: PING
[15:52:02.896] 💓 up=100s | cb=1249 audio=99.9s partials=8 | rec=8 | pipe=✅
[15:52:12.074] Pipe ricevuto: PING
[15:52:12.897] 💓 up=110s | cb=1374 audio=109.9s partials=8 | rec=8 | pipe=✅
[15:52:22.070] Pipe ricevuto: PING
[15:52:22.897] 💓 up=120s | cb=1499 audio=119.9s partials=8 | rec=8 | pipe=✅
[15:52:32.066] Pipe ricevuto: PING
[15:52:32.898] 💓 up=130s | cb=1624 audio=129.9s partials=8 | rec=8 | pipe=✅
[15:52:42.054] Pipe ricevuto: PING
[15:52:42.898] 💓 up=140s | cb=1749 audio=139.9s partials=8 | rec=8 | pipe=✅
[15:52:52.071] Pipe ricevuto: PING
[15:52:52.432]   🎯 [partial] RECOGNIZED:0.85:ingegnere
[15:52:52.899] 💓 up=150s | cb=1874 audio=149.9s partials=9 | rec=9 | pipe=✅
[15:52:53.553]   ... "posizione"
[15:52:53.553]   🎯 [partial] RECOGNIZED:0.85:posizione
[15:53:02.075] Pipe ricevuto: PING
[15:53:02.831]   🎯 [partial] RECOGNIZED:0.85:ingegnere
[15:53:02.899] 💓 up=160s | cb=1999 audio=159.9s partials=11 | rec=11 | pipe=✅
[15:53:04.672]   🎯 [partial] RECOGNIZED:0.85:danni
[15:53:12.069] Pipe ricevuto: PING
[15:53:12.900] 💓 up=170s | cb=2124 audio=169.9s partials=12 | rec=12 | pipe=✅
[15:53:14.432]   🎯 [partial] RECOGNIZED:0.85:ingegnere
[15:53:15.072]   🎯 [partial] RECOGNIZED:0.85:davanti
[15:53:20.512]   🎯 [partial] RECOGNIZED:0.85:ingegnere
[15:53:21.151]   🎯 [partial] RECOGNIZED:0.85:dietro
[15:53:22.068] Pipe ricevuto: PING
[15:53:22.901] 💓 up=180s | cb=2249 audio=179.9s partials=19 | rec=16 | pipe=✅
[15:53:32.074] Pipe ricevuto: PING
[15:53:32.901] 💓 up=190s | cb=2374 audio=189.9s partials=19 | rec=16 | pipe=✅
[15:53:42.070] Pipe ricevuto: PING
[15:53:42.901] 💓 up=200s | cb=2499 audio=199.9s partials=19 | rec=16 | pipe=✅
[15:53:52.071] Pipe ricevuto: PING
[15:53:52.902] 💓 up=210s | cb=2624 audio=209.9s partials=19 | rec=16 | pipe=✅
[15:54:02.069] Pipe ricevuto: PING
[15:54:02.903] 💓 up=220s | cb=2749 audio=219.9s partials=19 | rec=16 | pipe=✅
[15:54:12.070] Pipe ricevuto: PING
[15:54:12.903] 💓 up=230s | cb=2874 audio=229.9s partials=19 | rec=16 | pipe=✅
[15:54:22.071] Pipe ricevuto: PING
[15:54:22.904] 💓 up=240s | cb=2999 audio=239.9s partials=19 | rec=16 | pipe=✅
[15:54:32.069] Pipe ricevuto: PING
[15:54:32.904] 💓 up=250s | cb=3124 audio=249.9s partials=19 | rec=16 | pipe=✅
[15:54:42.075] Pipe ricevuto: PING
[15:54:42.905] 💓 up=260s | cb=3249 audio=259.9s partials=19 | rec=16 | pipe=✅
[15:54:46.512]   ... "ingegnere"
[15:54:46.512]   🎯 [partial] RECOGNIZED:0.85:ingegnere
[15:54:47.392]   🎯 [partial] RECOGNIZED:0.85:davanti
[15:54:52.069] Pipe ricevuto: PING
[15:54:52.906] 💓 up=270s | cb=3374 audio=269.9s partials=21 | rec=18 | pipe=✅
[15:55:02.069] Pipe ricevuto: PING
[15:55:02.906] 💓 up=280s | cb=3499 audio=279.9s partials=21 | rec=18 | pipe=✅
[15:55:04.353]   🎯 [partial] RECOGNIZED:0.85:ingegnere
[15:55:05.232]   🎯 [partial] RECOGNIZED:0.85:motore
[15:55:12.074] Pipe ricevuto: PING
[15:55:12.907] 💓 up=290s | cb=3624 audio=289.9s partials=23 | rec=20 | pipe=✅
[15:55:22.071] Pipe ricevuto: PING
[15:55:22.908] 💓 up=300s | cb=3749 audio=299.9s partials=23 | rec=20 | pipe=✅
[15:55:24.111]   🎯 [partial] RECOGNIZED:0.85:ingegnere
[15:55:24.992]   ⏳ Pending: "gap" (attendo variante lunga, 800ms)
[15:55:25.388]   ... "gap"
[15:55:25.845]   ⏰ Pending timeout: "gap" (859ms)
[15:55:25.845]   🎯 [partial+timeout] RECOGNIZED:0.85:gap
[15:55:32.064] Pipe ricevuto: PING
[15:55:32.908] 💓 up=310s | cb=3874 audio=309.9s partials=35 | rec=22 | pipe=✅
[15:55:42.068] Pipe ricevuto: PING
[15:55:42.909] 💓 up=320s | cb=4000 audio=320.0s partials=35 | rec=22 | pipe=✅
[15:55:52.070] Pipe ricevuto: PING
[15:55:52.909] 💓 up=330s | cb=4125 audio=330.0s partials=35 | rec=22 | pipe=✅
[15:55:53.312]   🎯 [partial] RECOGNIZED:0.85:ingegnere
[15:55:54.431]   ⏳ Pending: "gap" (attendo variante lunga, 800ms)
[15:55:54.672]   ... "gap"
[15:55:55.282]   ⏰ Pending timeout: "gap" (859ms)
[15:55:55.282]   🎯 [partial+timeout] RECOGNIZED:0.85:gap
[15:56:02.072] Pipe ricevuto: PING
[15:56:02.909] 💓 up=340s | cb=4250 audio=340.0s partials=47 | rec=24 | pipe=✅
[15:56:12.070] Pipe ricevuto: PING
[15:56:12.910] 💓 up=350s | cb=4375 audio=350.0s partials=47 | rec=24 | pipe=✅
[15:56:22.073] Pipe ricevuto: PING
[15:56:22.910] 💓 up=360s | cb=4500 audio=360.0s partials=47 | rec=24 | pipe=✅
[15:56:22.992]   🎯 [partial] RECOGNIZED:0.85:ingegnere
[15:56:23.871]   🎯 [partial] RECOGNIZED:0.85:danni
[15:56:32.067] Pipe ricevuto: PING
[15:56:32.911] 💓 up=370s | cb=4625 audio=370.0s partials=49 | rec=26 | pipe=✅
[15:56:42.066] Pipe ricevuto: PING
[15:56:42.912] 💓 up=380s | cb=4750 audio=380.0s partials=49 | rec=26 | pipe=✅
[15:56:52.071] Pipe ricevuto: PING
[15:56:52.912] 💓 up=390s | cb=4875 audio=390.0s partials=49 | rec=26 | pipe=✅
[15:56:57.632]   ... "ingegnere"
[15:56:57.632]   🎯 [partial] RECOGNIZED:0.85:ingegnere
[15:56:58.271]   🎯 [partial] RECOGNIZED:0.85:posizione
[15:57:02.073] Pipe ricevuto: PING
[15:57:02.912] 💓 up=400s | cb=5000 audio=400.0s partials=51 | rec=28 | pipe=✅
[15:57:10.912]   🎯 [partial] RECOGNIZED:0.85:ingegnere
[15:57:11.792]   ⏳ Pending: "gap" (attendo variante lunga, 800ms)
[15:57:12.065] Pipe ricevuto: PING
[15:57:12.349]   ... "gap"
[15:57:12.512]   📝 Finale: "gap"
[15:57:12.512]   🎯 [final] RECOGNIZED:0.85:gap
[15:57:12.913] 💓 up=410s | cb=5125 audio=410.0s partials=61 | rec=30 | pipe=✅
[15:57:22.072] Pipe ricevuto: PING
[15:57:22.914] 💓 up=420s | cb=5250 audio=420.0s partials=61 | rec=30 | pipe=✅
[15:57:32.070] Pipe ricevuto: PING
[15:57:32.914] 💓 up=430s | cb=5375 audio=430.0s partials=61 | rec=30 | pipe=✅
[15:57:42.073] Pipe ricevuto: PING
[15:57:42.915] 💓 up=440s | cb=5500 audio=440.0s partials=61 | rec=30 | pipe=✅
[15:57:52.067] Pipe ricevuto: PING
[15:57:52.915] 💓 up=450s | cb=5625 audio=450.0s partials=61 | rec=30 | pipe=✅
[15:58:02.066] Pipe ricevuto: PING
[15:58:02.915] 💓 up=460s | cb=5750 audio=460.0s partials=61 | rec=30 | pipe=✅
[15:58:12.068] Pipe ricevuto: PING
[15:58:12.916] 💓 up=470s | cb=5875 audio=470.0s partials=61 | rec=30 | pipe=✅
[15:58:22.073] Pipe ricevuto: PING
[15:58:22.916] 💓 up=480s | cb=6000 audio=480.0s partials=61 | rec=30 | pipe=✅
[15:58:32.075] Pipe ricevuto: PING
[15:58:32.917] 💓 up=490s | cb=6125 audio=490.0s partials=61 | rec=30 | pipe=✅
[15:58:42.066] Pipe ricevuto: PING
[15:58:42.917] 💓 up=500s | cb=6250 audio=500.0s partials=61 | rec=30 | pipe=✅
[15:58:52.066] Pipe ricevuto: PING
[15:58:52.918] 💓 up=510s | cb=6375 audio=510.0s partials=61 | rec=30 | pipe=✅
[15:59:02.067] Pipe ricevuto: PING
[15:59:02.918] 💓 up=520s | cb=6500 audio=520.0s partials=61 | rec=30 | pipe=✅
[15:59:12.067] Pipe ricevuto: PING
[15:59:12.919] 💓 up=530s | cb=6625 audio=530.0s partials=61 | rec=30 | pipe=✅
[15:59:22.071] Pipe ricevuto: PING
[15:59:22.920] 💓 up=540s | cb=6750 audio=540.0s partials=64 | rec=30 | pipe=✅
[15:59:30.672]   🎯 [partial] RECOGNIZED:0.85:ingegnere
[15:59:31.793]   🎯 [partial] RECOGNIZED:0.85:danni
[15:59:32.072] Pipe ricevuto: PING
[15:59:32.920] 💓 up=550s | cb=6875 audio=550.0s partials=66 | rec=32 | pipe=✅
[15:59:38.192]   🎯 [partial] RECOGNIZED:0.85:dietro
[15:59:42.067] Pipe ricevuto: PING
[15:59:42.921] 💓 up=560s | cb=7000 audio=560.0s partials=67 | rec=33 | pipe=✅
[15:59:52.068] Pipe ricevuto: PING
[15:59:52.921] 💓 up=570s | cb=7125 audio=570.0s partials=67 | rec=33 | pipe=✅
[15:59:53.233]   🎯 [partial] RECOGNIZED:0.85:ingegnere
[15:59:54.112]   ⏳ Pending: "gap" (attendo variante lunga, 800ms)
[15:59:54.188]   ... "gap"
[15:59:54.832]   📝 Finale: "gap"
[15:59:54.833]   🎯 [final] RECOGNIZED:0.85:gap
[16:00:02.069] Pipe ricevuto: PING
[16:00:02.922] 💓 up=580s | cb=7250 audio=580.0s partials=77 | rec=35 | pipe=✅
[16:00:12.065] Pipe ricevuto: PING
[16:00:12.922] 💓 up=590s | cb=7375 audio=590.0s partials=77 | rec=35 | pipe=✅
[16:00:22.068] Pipe ricevuto: PING
[16:00:22.923] 💓 up=600s | cb=7500 audio=600.0s partials=77 | rec=35 | pipe=✅
[16:00:32.070] Pipe ricevuto: PING
[16:00:32.923] 💓 up=610s | cb=7625 audio=610.0s partials=77 | rec=35 | pipe=✅
[16:00:42.069] Pipe ricevuto: PING
[16:00:42.924] 💓 up=620s | cb=7750 audio=620.0s partials=77 | rec=35 | pipe=✅
[16:00:52.072] Pipe ricevuto: PING
[16:00:52.924] 💓 up=630s | cb=7875 audio=630.0s partials=77 | rec=35 | pipe=✅
[16:01:01.952]   🎯 [partial] RECOGNIZED:0.85:ingegnere
[16:01:02.074] Pipe ricevuto: PING
[16:01:02.924] 💓 up=640s | cb=8000 audio=640.0s partials=78 | rec=36 | pipe=✅
[16:01:03.552]   🎯 [partial] RECOGNIZED:0.85:danni
[16:01:12.068] Pipe ricevuto: PING
[16:01:12.925] 💓 up=650s | cb=8125 audio=650.0s partials=79 | rec=37 | pipe=✅
[16:01:22.070] Pipe ricevuto: PING
[16:01:22.925] 💓 up=660s | cb=8250 audio=660.0s partials=79 | rec=37 | pipe=✅
[16:01:32.065] Pipe ricevuto: PING
[16:01:32.926] 💓 up=670s | cb=8375 audio=670.0s partials=79 | rec=37 | pipe=✅
[16:01:42.065] Pipe ricevuto: PING
[16:01:42.927] 💓 up=680s | cb=8500 audio=680.0s partials=79 | rec=37 | pipe=✅
[16:01:52.073] Pipe ricevuto: PING
[16:01:52.192]   ... "ingegnere"
[16:01:52.192]   🎯 [partial] RECOGNIZED:0.85:ingegnere
[16:01:52.927] 💓 up=690s | cb=8625 audio=690.0s partials=80 | rec=38 | pipe=✅
[16:01:53.552]   🎯 [partial] RECOGNIZED:0.85:danni
[16:02:02.066] Pipe ricevuto: PING
[16:02:02.928] 💓 up=700s | cb=8750 audio=700.0s partials=81 | rec=39 | pipe=✅
[16:02:12.065] Pipe ricevuto: PING
[16:02:12.928] 💓 up=710s | cb=8875 audio=710.0s partials=81 | rec=39 | pipe=✅
[16:02:22.070] Pipe ricevuto: PING
[16:02:22.928] 💓 up=720s | cb=9000 audio=720.0s partials=81 | rec=39 | pipe=✅
[16:02:32.072] Pipe ricevuto: PING
[16:02:32.929] 💓 up=730s | cb=9125 audio=730.0s partials=81 | rec=39 | pipe=✅
[16:02:42.070] Pipe ricevuto: PING
[16:02:42.930] 💓 up=740s | cb=9250 audio=740.0s partials=81 | rec=39 | pipe=✅
[16:02:52.071] Pipe ricevuto: PING
[16:02:52.930] 💓 up=750s | cb=9375 audio=750.0s partials=81 | rec=39 | pipe=✅
[16:03:02.072] Pipe ricevuto: PING
[16:03:02.931] 💓 up=760s | cb=9500 audio=760.0s partials=81 | rec=39 | pipe=✅
[16:03:12.068] Pipe ricevuto: PING
[16:03:12.931] 💓 up=770s | cb=9625 audio=770.0s partials=81 | rec=39 | pipe=✅
[16:03:22.066] Pipe ricevuto: PING
[16:03:22.932] 💓 up=780s | cb=9750 audio=780.0s partials=81 | rec=39 | pipe=✅
[16:03:32.066] Pipe ricevuto: PING
[16:03:32.933] 💓 up=790s | cb=9875 audio=790.0s partials=81 | rec=39 | pipe=✅
[16:03:42.068] Pipe ricevuto: PING
[16:03:42.933] 💓 up=800s | cb=10000 audio=800.0s partials=81 | rec=39 | pipe=✅
[16:03:52.069] Pipe ricevuto: PING
[16:03:52.934] 💓 up=810s | cb=10125 audio=810.0s partials=81 | rec=39 | pipe=✅
[16:04:02.072] Pipe ricevuto: PING
[16:04:02.934] 💓 up=820s | cb=10250 audio=820.0s partials=81 | rec=39 | pipe=✅
[16:04:12.066] Pipe ricevuto: PING
[16:04:12.935] 💓 up=830s | cb=10375 audio=830.0s partials=81 | rec=39 | pipe=✅
[16:04:22.068] Pipe ricevuto: PING
[16:04:22.936] 💓 up=840s | cb=10500 audio=840.0s partials=81 | rec=39 | pipe=✅
[16:04:32.073] Pipe ricevuto: PING
[16:04:32.936] 💓 up=850s | cb=10625 audio=850.0s partials=81 | rec=39 | pipe=✅
[16:04:42.068] Pipe ricevuto: PING
[16:04:42.936] 💓 up=860s | cb=10750 audio=860.0s partials=81 | rec=39 | pipe=✅
[16:04:52.072] Pipe ricevuto: PING
[16:04:52.937] 💓 up=870s | cb=10875 audio=870.0s partials=81 | rec=39 | pipe=✅
[16:05:02.073] Pipe ricevuto: PING
[16:05:02.937] 💓 up=880s | cb=11000 audio=880.0s partials=81 | rec=39 | pipe=✅
[16:05:12.068] Pipe ricevuto: PING
[16:05:12.938] 💓 up=890s | cb=11125 audio=890.0s partials=81 | rec=39 | pipe=✅
[16:05:22.075] Pipe ricevuto: PING
[16:05:22.938] 💓 up=900s | cb=11250 audio=900.0s partials=81 | rec=39 | pipe=✅
[16:05:32.066] Pipe ricevuto: PING
[16:05:32.939] 💓 up=910s | cb=11375 audio=910.0s partials=81 | rec=39 | pipe=✅
[16:05:42.073] Pipe ricevuto: PING
[16:05:42.940] 💓 up=920s | cb=11500 audio=920.0s partials=81 | rec=39 | pipe=✅
[16:05:52.066] Pipe ricevuto: PING
[16:05:52.940] 💓 up=930s | cb=11625 audio=930.0s partials=81 | rec=39 | pipe=✅
[16:06:02.068] Pipe ricevuto: PING
[16:06:02.941] 💓 up=940s | cb=11750 audio=940.0s partials=81 | rec=39 | pipe=✅
[16:06:12.074] Pipe ricevuto: PING
[16:06:12.941] 💓 up=950s | cb=11875 audio=950.0s partials=81 | rec=39 | pipe=✅
[16:06:22.072] Pipe ricevuto: PING
[16:06:22.942] 💓 up=960s | cb=12000 audio=960.0s partials=81 | rec=39 | pipe=✅
[16:06:32.075] Pipe ricevuto: PING
[16:06:32.942] 💓 up=970s | cb=12125 audio=970.0s partials=81 | rec=39 | pipe=✅
[16:06:42.066] Pipe ricevuto: PING
[16:06:42.943] 💓 up=980s | cb=12250 audio=980.0s partials=81 | rec=39 | pipe=✅
[16:06:43.632]   🎯 [partial] RECOGNIZED:0.85:dietro
[16:06:44.828]   ... "sto andando"
[16:06:52.072] Pipe ricevuto: PING
[16:06:52.943] 💓 up=990s | cb=12375 audio=990.0s partials=94 | rec=40 | pipe=✅
[16:07:02.074] Pipe ricevuto: PING
[16:07:02.944] 💓 up=1000s | cb=12500 audio=1000.0s partials=94 | rec=40 | pipe=✅
[16:07:12.073] Pipe ricevuto: PING
[16:07:12.944] 💓 up=1010s | cb=12625 audio=1010.0s partials=94 | rec=40 | pipe=✅
[16:07:22.067] Pipe ricevuto: PING
[16:07:22.945] 💓 up=1020s | cb=12750 audio=1020.0s partials=94 | rec=40 | pipe=✅
[16:07:32.072] Pipe ricevuto: PING
[16:07:32.945] 💓 up=1030s | cb=12875 audio=1030.0s partials=94 | rec=40 | pipe=✅
[16:07:42.074] Pipe ricevuto: PING
[16:07:42.946] 💓 up=1040s | cb=13000 audio=1040.0s partials=94 | rec=40 | pipe=✅
[16:07:52.072] Pipe ricevuto: PING
[16:07:52.947] 💓 up=1050s | cb=13125 audio=1050.0s partials=94 | rec=40 | pipe=✅
[16:08:02.067] Pipe ricevuto: PING
[16:08:02.947] 💓 up=1060s | cb=13250 audio=1060.0s partials=94 | rec=40 | pipe=✅
[16:08:12.071] Pipe ricevuto: PING
[16:08:12.948] 💓 up=1070s | cb=13375 audio=1070.0s partials=94 | rec=40 | pipe=✅
[16:08:22.069] Pipe ricevuto: PING
[16:08:22.948] 💓 up=1080s | cb=13500 audio=1080.0s partials=94 | rec=40 | pipe=✅
[16:08:32.075] Pipe ricevuto: PING
[16:08:32.949] 💓 up=1090s | cb=13625 audio=1090.0s partials=94 | rec=40 | pipe=✅
[16:08:38.992]   🎯 [partial] RECOGNIZED:0.85:ingegnere
[16:08:40.112]   🎯 [partial] RECOGNIZED:0.85:benzina
[16:08:42.066] Pipe ricevuto: PING
[16:08:42.950] 💓 up=1100s | cb=13750 audio=1100.0s partials=99 | rec=42 | pipe=✅
[16:08:52.070] Pipe ricevuto: PING
[16:08:52.950] 💓 up=1110s | cb=13875 audio=1110.0s partials=99 | rec=42 | pipe=✅
[16:09:02.071] Pipe ricevuto: PING
[16:09:02.950] 💓 up=1120s | cb=14000 audio=1120.0s partials=99 | rec=42 | pipe=✅
[16:09:12.067] Pipe ricevuto: PING
[16:09:12.951] 💓 up=1130s | cb=14125 audio=1130.0s partials=99 | rec=42 | pipe=✅
[16:09:22.068] Pipe ricevuto: PING
[16:09:22.951] 💓 up=1140s | cb=14250 audio=1140.0s partials=99 | rec=42 | pipe=✅
[16:09:32.066] Pipe ricevuto: PING
[16:09:32.952] 💓 up=1150s | cb=14375 audio=1150.0s partials=99 | rec=42 | pipe=✅
[16:09:42.057] Pipe ricevuto: PING
[16:09:42.952] 💓 up=1160s | cb=14500 audio=1160.0s partials=99 | rec=42 | pipe=✅
[16:09:52.065] Pipe ricevuto: PING
[16:09:52.953] 💓 up=1170s | cb=14625 audio=1170.0s partials=99 | rec=42 | pipe=✅
[16:10:02.069] Pipe ricevuto: PING
[16:10:02.953] 💓 up=1180s | cb=14750 audio=1180.0s partials=99 | rec=42 | pipe=✅
[16:10:12.072] Pipe ricevuto: PING
[16:10:12.954] 💓 up=1190s | cb=14875 audio=1190.0s partials=99 | rec=42 | pipe=✅
[16:10:22.067] Pipe ricevuto: PING
[16:10:22.955] 💓 up=1200s | cb=15000 audio=1200.0s partials=99 | rec=42 | pipe=✅
[16:10:32.069] Pipe ricevuto: PING
[16:10:32.955] 💓 up=1210s | cb=15125 audio=1210.0s partials=99 | rec=42 | pipe=✅
[16:10:42.072] Pipe ricevuto: PING
[16:10:42.956] 💓 up=1220s | cb=15250 audio=1220.0s partials=99 | rec=42 | pipe=✅
[16:10:52.066] Pipe ricevuto: PING
[16:10:52.956] 💓 up=1230s | cb=15375 audio=1230.0s partials=99 | rec=42 | pipe=✅
[16:11:02.067] Pipe ricevuto: PING
[16:11:02.957] 💓 up=1240s | cb=15500 audio=1240.0s partials=99 | rec=42 | pipe=✅
[16:11:12.068] Pipe ricevuto: PING
[16:11:12.958] 💓 up=1250s | cb=15625 audio=1250.0s partials=99 | rec=42 | pipe=✅
[16:11:22.072] Pipe ricevuto: PING
[16:11:22.959] 💓 up=1260s | cb=15750 audio=1260.0s partials=99 | rec=42 | pipe=✅
[16:11:32.067] Pipe ricevuto: PING
[16:11:32.959] 💓 up=1270s | cb=15875 audio=1270.0s partials=99 | rec=42 | pipe=✅
[16:11:40.746] Pipe ricevuto: STOP
[16:16:47.691] ============================================================
[16:16:47.691] MMCM Speech Helper — Python + Vosk v3.3 (EVO grammar)
[16:16:47.691] ============================================================
[16:16:47.691] Python: 3.12.7 (tags/v3.12.7:0b05ead, Oct  1 2024, 03:06:41) [MSC v.1941 64 bit (AMD64)]
[16:16:47.691] Processo: 64-bit
[16:16:47.691] PID: 20896
[16:16:47.692] ⚠️ SetPriorityClass ha restituito False
[16:16:47.692] Lingua richiesta: it
[16:16:47.692] ✅ Modello Vosk per lingua 'it': C:\Program Files (x86)\SimHub\MMCMSpeechHelper\model-it
[16:16:47.692] CommandMatcher: 84 comandi (it), 7 con varianti più lunghe
[16:16:47.692] Caricamento modello Vosk: C:\Program Files (x86)\SimHub\MMCMSpeechHelper\model-it
[16:16:47.971] Modello caricato in 0.3s
[16:16:47.971] Grammar: 84 comandi
[16:16:47.972] ✅ Vosk recognizer pronto!
[16:16:47.972] Pipe: in attesa connessione...
[16:16:47.973] Recognition loop avviato (thread priorità alta)
[16:16:47.973] Dispositivi audio input:
[16:16:47.973] Premi Ctrl+C per uscire
[16:16:47.973]   [0] Microsoft Sound Mapper - Input (ch: 2, sr: 44100Hz)
[16:16:47.973]   [1] Microfono (G06-BT) (ch: 1, sr: 44100Hz) ← DEFAULT
[16:16:47.973]   [9] Driver primario di acquisizione suoni (ch: 2, sr: 44100Hz)
[16:16:47.973]   [10] Microfono (G06-BT) (ch: 1, sr: 44100Hz)
[16:16:47.973]   [24] Microfono (G06-BT) (ch: 1, sr: 48000Hz)
[16:16:47.973]   [25] Linea in ingresso (Realtek HD Audio Line input) (ch: 2, sr: 44100Hz)
[16:16:47.973]   [26] Microfono (Realtek HD Audio Mic input) (ch: 2, sr: 44100Hz)
[16:16:47.973]   [28] Missaggio stereo (Realtek HD Audio Stereo input) (ch: 2, sr: 44100Hz)
[16:16:47.973]   [32] Input (SYSVAD Wave Speaker) (ch: 2, sr: 44100Hz)
[16:16:47.973]   [36] Microfono (G06-BT) (ch: 1, sr: 48000Hz)
[16:16:47.980] 🎤 Audio: 16000Hz mono, block=1280 (80ms), latency=low
[16:16:47.980] ✅ In ascolto! Parla...
[16:16:50.249] Pipe: connesso!
[16:16:57.270] Pipe ricevuto: PING
[16:16:57.974] 💓 up=10s | cb=124 audio=9.9s partials=0 | rec=0 | pipe=✅
[16:17:07.278] Pipe ricevuto: PING
[16:17:07.974] 💓 up=20s | cb=249 audio=19.9s partials=0 | rec=0 | pipe=✅
[16:17:17.276] Pipe ricevuto: PING
[16:17:17.975] 💓 up=30s | cb=374 audio=29.9s partials=0 | rec=0 | pipe=✅
[16:17:19.587]   🎯 [partial] RECOGNIZED:0.85:ingegnere
[16:17:20.467]   🎯 [partial] RECOGNIZED:0.85:danni
[16:17:27.277] Pipe ricevuto: PING
[16:17:27.975] 💓 up=40s | cb=499 audio=39.9s partials=5 | rec=2 | pipe=✅
[16:17:29.267]   🎯 [partial] RECOGNIZED:0.85:ers
[16:17:31.587]   🎯 [partial] RECOGNIZED:0.85:ingegnere
[16:17:32.467]   ⏳ Pending: "gap" (attendo variante lunga, 800ms)
[16:17:32.624]   ... "gap"
[16:17:33.314]   ⏰ Pending timeout: "gap" (860ms)
[16:17:33.314]   🎯 [partial+timeout] RECOGNIZED:0.85:gap
[16:17:37.272] Pipe ricevuto: PING
[16:17:37.976] 💓 up=50s | cb=624 audio=49.9s partials=18 | rec=5 | pipe=✅
[16:17:47.274] Pipe ricevuto: PING
[16:17:47.347]   🎯 [partial] RECOGNIZED:0.85:ingegnere
[16:17:47.976] 💓 up=60s | cb=749 audio=59.9s partials=19 | rec=6 | pipe=✅
[16:17:48.468]   ... "danni"
[16:17:48.468]   🎯 [partial] RECOGNIZED:0.85:danni
[16:17:57.268] Pipe ricevuto: PING
[16:17:57.977] 💓 up=70s | cb=874 audio=69.9s partials=20 | rec=7 | pipe=✅
[16:18:07.269] Pipe ricevuto: PING
[16:18:07.977] 💓 up=80s | cb=999 audio=79.9s partials=20 | rec=7 | pipe=✅
[16:18:12.867]   🎯 [partial] RECOGNIZED:0.85:ingegnere
[16:18:13.747]   ⏳ Pending: "gap" (attendo variante lunga, 800ms)
[16:18:14.384]   ... "gap"
[16:18:14.467]   📝 Finale: "gap"
[16:18:14.467]   🎯 [final] RECOGNIZED:0.85:gap
[16:18:17.269] Pipe ricevuto: PING
[16:18:17.978] 💓 up=90s | cb=1124 audio=89.9s partials=30 | rec=9 | pipe=✅
[16:18:19.667]   🎯 [partial] RECOGNIZED:0.85:ingegnere
[16:18:20.547]   🎯 [partial] RECOGNIZED:0.85:danni
[16:18:27.276] Pipe ricevuto: PING
[16:18:27.979] 💓 up=100s | cb=1249 audio=99.9s partials=35 | rec=11 | pipe=✅
[16:18:37.276] Pipe ricevuto: PING
[16:18:37.979] 💓 up=110s | cb=1374 audio=109.9s partials=35 | rec=11 | pipe=✅
[16:18:47.270] Pipe ricevuto: PING
[16:18:47.980] 💓 up=120s | cb=1499 audio=119.9s partials=35 | rec=11 | pipe=✅
[16:18:57.270] Pipe ricevuto: PING
[16:18:57.980] 💓 up=130s | cb=1624 audio=129.9s partials=35 | rec=11 | pipe=✅
[16:19:05.183]   ... "sono"
[16:19:05.347]   📝 Finale: "sono"
[16:19:06.787]   🎯 [partial] RECOGNIZED:0.85:ingegnere
[16:19:07.269] Pipe ricevuto: PING
[16:19:07.666]   🎯 [partial] RECOGNIZED:0.85:danni
[16:19:07.981] 💓 up=140s | cb=1749 audio=139.9s partials=43 | rec=13 | pipe=✅
[16:19:17.276] Pipe ricevuto: PING
[16:19:17.981] 💓 up=150s | cb=1874 audio=149.9s partials=43 | rec=13 | pipe=✅
[16:19:23.427]   🎯 [partial] RECOGNIZED:0.85:ingegnere
[16:19:24.307]   🎯 [partial] RECOGNIZED:0.85:motore
[16:19:27.272] Pipe ricevuto: PING
[16:19:27.982] 💓 up=160s | cb=1999 audio=159.9s partials=45 | rec=15 | pipe=✅
[16:19:37.270] Pipe ricevuto: PING
[16:19:37.982] 💓 up=170s | cb=2124 audio=169.9s partials=45 | rec=15 | pipe=✅
[16:19:46.787]   🎯 [partial] RECOGNIZED:0.85:ingegnere
[16:19:47.272] Pipe ricevuto: PING
[16:19:47.982] 💓 up=180s | cb=2249 audio=179.9s partials=46 | rec=16 | pipe=✅
[16:19:48.387]   🎯 [partial] RECOGNIZED:0.85:danni
[16:19:57.275] Pipe ricevuto: PING
[16:19:57.983] 💓 up=190s | cb=2374 audio=189.9s partials=47 | rec=17 | pipe=✅
[16:20:07.273] Pipe ricevuto: PING
[16:20:07.983] 💓 up=200s | cb=2499 audio=199.9s partials=47 | rec=17 | pipe=✅
[16:20:17.276] Pipe ricevuto: PING
[16:20:17.983] 💓 up=210s | cb=2624 audio=209.9s partials=47 | rec=17 | pipe=✅
[16:20:23.107]   🎯 [partial] RECOGNIZED:0.85:ingegnere
[16:20:24.227]   🎯 [partial] RECOGNIZED:0.85:danni
[16:20:27.273] Pipe ricevuto: PING
[16:20:27.984] 💓 up=220s | cb=2750 audio=220.0s partials=49 | rec=19 | pipe=✅
[16:20:37.268] Pipe ricevuto: PING
[16:20:37.984] 💓 up=230s | cb=2875 audio=230.0s partials=49 | rec=19 | pipe=✅
[16:20:47.272] Pipe ricevuto: PING
[16:20:47.985] 💓 up=240s | cb=3000 audio=240.0s partials=49 | rec=19 | pipe=✅
[16:20:57.271] Pipe ricevuto: PING
[16:20:57.985] 💓 up=250s | cb=3125 audio=250.0s partials=49 | rec=19 | pipe=✅
[16:21:00.868]   ... "ingegnere"
[16:21:00.868]   🎯 [partial] RECOGNIZED:0.85:ingegnere
[16:21:01.747]   🎯 [partial] RECOGNIZED:0.85:gomme
[16:21:07.271] Pipe ricevuto: PING
[16:21:07.986] 💓 up=260s | cb=3250 audio=260.0s partials=51 | rec=21 | pipe=✅
[16:21:17.269] Pipe ricevuto: PING
[16:21:17.986] 💓 up=270s | cb=3375 audio=270.0s partials=51 | rec=21 | pipe=✅
[16:21:27.269] Pipe ricevuto: PING
[16:21:27.987] 💓 up=280s | cb=3500 audio=280.0s partials=51 | rec=21 | pipe=✅
[16:21:37.275] Pipe ricevuto: PING
[16:21:37.987] 💓 up=290s | cb=3625 audio=290.0s partials=51 | rec=21 | pipe=✅
[16:21:39.347]   🎯 [partial] RECOGNIZED:0.85:ingegnere
[16:21:40.227]   🎯 [partial] RECOGNIZED:0.85:danni
[16:21:47.274] Pipe ricevuto: PING
[16:21:47.987] 💓 up=300s | cb=3750 audio=300.0s partials=53 | rec=23 | pipe=✅
[16:21:57.271] Pipe ricevuto: PING
[16:21:57.988] 💓 up=310s | cb=3875 audio=310.0s partials=53 | rec=23 | pipe=✅
[16:22:05.587]   🎯 [partial] RECOGNIZED:0.85:ingegnere
[16:22:06.467]   ⏳ Pending: "gap" (attendo variante lunga, 800ms)
[16:22:06.864]   ... "gap"
[16:22:07.274] Pipe ricevuto: PING
[16:22:07.314]   ⏰ Pending timeout: "gap" (860ms)
[16:22:07.314]   🎯 [partial+timeout] RECOGNIZED:0.85:gap
[16:22:07.988] 💓 up=320s | cb=4000 audio=320.0s partials=65 | rec=25 | pipe=✅
[16:22:17.273] Pipe ricevuto: PING
[16:22:17.989] 💓 up=330s | cb=4125 audio=330.0s partials=65 | rec=25 | pipe=✅
[16:22:27.271] Pipe ricevuto: PING
[16:22:27.990] 💓 up=340s | cb=4250 audio=340.0s partials=65 | rec=25 | pipe=✅
[16:22:37.270] Pipe ricevuto: PING
[16:22:37.990] 💓 up=350s | cb=4375 audio=350.0s partials=65 | rec=25 | pipe=✅
[16:22:47.275] Pipe ricevuto: PING
[16:22:47.991] 💓 up=360s | cb=4500 audio=360.0s partials=65 | rec=25 | pipe=✅
[16:22:57.268] Pipe ricevuto: PING
[16:22:57.991] 💓 up=370s | cb=4625 audio=370.0s partials=65 | rec=25 | pipe=✅
[16:23:07.278] Pipe ricevuto: PING
[16:23:07.991] 💓 up=380s | cb=4750 audio=380.0s partials=65 | rec=25 | pipe=✅
[16:23:17.272] Pipe ricevuto: PING
[16:23:17.992] 💓 up=390s | cb=4875 audio=390.0s partials=65 | rec=25 | pipe=✅
[16:23:27.273] Pipe ricevuto: PING
[16:23:27.992] 💓 up=400s | cb=5000 audio=400.0s partials=65 | rec=25 | pipe=✅
[16:23:37.276] Pipe ricevuto: PING
[16:23:37.993] 💓 up=410s | cb=5125 audio=410.0s partials=65 | rec=25 | pipe=✅
[16:23:47.275] Pipe ricevuto: PING
[16:23:47.993] 💓 up=420s | cb=5250 audio=420.0s partials=65 | rec=25 | pipe=✅
[16:23:57.270] Pipe ricevuto: PING
[16:23:57.347]   🎯 [partial] RECOGNIZED:0.85:ingegnere
[16:23:57.987]   🎯 [partial] RECOGNIZED:0.85:report
[16:23:57.994] 💓 up=430s | cb=5375 audio=430.0s partials=67 | rec=27 | pipe=✅
[16:24:07.270] Pipe ricevuto: PING
[16:24:07.995] 💓 up=440s | cb=5500 audio=440.0s partials=67 | rec=27 | pipe=✅
[16:24:15.907]   🎯 [partial] RECOGNIZED:0.85:report
[16:24:16.547]   ⏳ Pending: "pressioni" (attendo variante lunga, 800ms)
[16:24:16.624]   ... "pressioni"
[16:24:17.267]   📝 Finale: "pressioni"
[16:24:17.267]   🎯 [final] RECOGNIZED:0.85:pressioni
[16:24:17.268] Pipe ricevuto: PING
[16:24:17.995] 💓 up=450s | cb=5625 audio=450.0s partials=77 | rec=29 | pipe=✅
[16:24:18.544]   ... "il giro"
[16:24:18.627]   🎯 [partial] RECOGNIZED:0.85:ingegnere
[16:24:19.747]   ⏳ Pending: "pressioni" (attendo variante lunga, 800ms)
[16:24:20.384]   ... "pressioni"
[16:24:20.597]   ⏰ Pending timeout: "pressioni" (859ms)
[16:24:20.597]   🎯 [partial+timeout] RECOGNIZED:0.85:pressioni
[16:24:27.277] Pipe ricevuto: PING
[16:24:27.996] 💓 up=460s | cb=5750 audio=460.0s partials=92 | rec=31 | pipe=✅
[16:24:37.270] Pipe ricevuto: PING
[16:24:37.996] 💓 up=470s | cb=5875 audio=470.0s partials=92 | rec=31 | pipe=✅
[16:24:47.272] Pipe ricevuto: PING
[16:24:47.997] 💓 up=480s | cb=6000 audio=480.0s partials=92 | rec=31 | pipe=✅
[16:24:57.276] Pipe ricevuto: PING
[16:24:57.997] 💓 up=490s | cb=6125 audio=490.0s partials=92 | rec=31 | pipe=✅
[16:25:07.276] Pipe ricevuto: PING
[16:25:07.998] 💓 up=500s | cb=6250 audio=500.0s partials=92 | rec=31 | pipe=✅
[16:25:17.278] Pipe ricevuto: PING
[16:25:17.998] 💓 up=510s | cb=6375 audio=510.0s partials=92 | rec=31 | pipe=✅
[16:25:27.270] Pipe ricevuto: PING
[16:25:27.999] 💓 up=520s | cb=6500 audio=520.0s partials=92 | rec=31 | pipe=✅
[16:25:37.275] Pipe ricevuto: PING
[16:25:38.000] 💓 up=530s | cb=6625 audio=530.0s partials=92 | rec=31 | pipe=✅
[16:25:47.273] Pipe ricevuto: PING
[16:25:48.000] 💓 up=540s | cb=6750 audio=540.0s partials=92 | rec=31 | pipe=✅
[16:25:57.274] Pipe ricevuto: PING
[16:25:58.001] 💓 up=550s | cb=6875 audio=550.0s partials=92 | rec=31 | pipe=✅
[16:26:07.277] Pipe ricevuto: PING
[16:26:08.001] 💓 up=560s | cb=7000 audio=560.0s partials=92 | rec=31 | pipe=✅
[16:26:17.276] Pipe ricevuto: PING
[16:26:18.002] 💓 up=570s | cb=7125 audio=570.0s partials=92 | rec=31 | pipe=✅
[16:26:27.278] Pipe ricevuto: PING
[16:26:28.003] 💓 up=580s | cb=7250 audio=580.0s partials=92 | rec=31 | pipe=✅
[16:26:37.270] Pipe ricevuto: PING
[16:26:38.003] 💓 up=590s | cb=7375 audio=590.0s partials=92 | rec=31 | pipe=✅
[16:26:47.269] Pipe ricevuto: PING
[16:26:48.004] 💓 up=600s | cb=7500 audio=600.0s partials=92 | rec=31 | pipe=✅
[16:26:57.270] Pipe ricevuto: PING
[16:26:58.004] 💓 up=610s | cb=7625 audio=610.0s partials=92 | rec=31 | pipe=✅
[16:27:06.383]   ... "track sono"
[16:27:06.548]   📝 Finale: "track sono deploy"
[16:27:06.549]   🎯 [final] RECOGNIZED:0.85:deploy
[16:27:07.270] Pipe ricevuto: PING
[16:27:08.005] 💓 up=620s | cb=7750 audio=620.0s partials=101 | rec=32 | pipe=✅
[16:27:17.273] Pipe ricevuto: PING
[16:27:18.005] 💓 up=630s | cb=7875 audio=630.0s partials=101 | rec=32 | pipe=✅
[16:27:27.271] Pipe ricevuto: PING
[16:27:28.006] 💓 up=640s | cb=8000 audio=640.0s partials=101 | rec=32 | pipe=✅
[16:27:37.270] Pipe ricevuto: PING
[16:27:38.007] 💓 up=650s | cb=8125 audio=650.0s partials=101 | rec=32 | pipe=✅
[16:27:47.270] Pipe ricevuto: PING
[16:27:48.007] 💓 up=660s | cb=8250 audio=660.0s partials=101 | rec=32 | pipe=✅
[16:27:57.278] Pipe ricevuto: PING
[16:27:58.008] 💓 up=670s | cb=8375 audio=670.0s partials=101 | rec=32 | pipe=✅
[16:28:07.270] Pipe ricevuto: PING
[16:28:08.008] 💓 up=680s | cb=8500 audio=680.0s partials=101 | rec=32 | pipe=✅
[16:28:17.272] Pipe ricevuto: PING
[16:28:18.009] 💓 up=690s | cb=8625 audio=690.0s partials=101 | rec=32 | pipe=✅
[16:28:27.272] Pipe ricevuto: PING
[16:28:28.009] 💓 up=700s | cb=8750 audio=700.0s partials=101 | rec=32 | pipe=✅
[16:28:37.278] Pipe ricevuto: PING
[16:28:38.010] 💓 up=710s | cb=8875 audio=710.0s partials=101 | rec=32 | pipe=✅
[16:28:39.151] Pipe ricevuto: STOP
[16:28:52.830] ============================================================
[16:28:52.830] MMCM Speech Helper — Python + Vosk v3.3 (EVO grammar)
[16:28:52.830] ============================================================
[16:28:52.830] Python: 3.12.7 (tags/v3.12.7:0b05ead, Oct  1 2024, 03:06:41) [MSC v.1941 64 bit (AMD64)]
[16:28:52.830] Processo: 64-bit
[16:28:52.830] PID: 2788
[16:28:52.830] ⚠️ SetPriorityClass ha restituito False
[16:28:52.830] Lingua richiesta: it
[16:28:52.831] ✅ Modello Vosk per lingua 'it': C:\Program Files (x86)\SimHub\MMCMSpeechHelper\model-it
[16:28:52.831] CommandMatcher: 84 comandi (it), 7 con varianti più lunghe
[16:28:52.831] Caricamento modello Vosk: C:\Program Files (x86)\SimHub\MMCMSpeechHelper\model-it
[16:28:53.119] Modello caricato in 0.3s
[16:28:53.119] Grammar: 84 comandi
[16:28:53.119] ✅ Vosk recognizer pronto!
[16:28:53.120] Pipe: in attesa connessione...
[16:28:53.121] Recognition loop avviato (thread priorità alta)
[16:28:53.121] Dispositivi audio input:
[16:28:53.121] Premi Ctrl+C per uscire
[16:28:53.121]   [0] Microsoft Sound Mapper - Input (ch: 2, sr: 44100Hz)
[16:28:53.121]   [1] Microfono (G06-BT) (ch: 1, sr: 44100Hz) ← DEFAULT
[16:28:53.121]   [9] Driver primario di acquisizione suoni (ch: 2, sr: 44100Hz)
[16:28:53.121]   [10] Microfono (G06-BT) (ch: 1, sr: 44100Hz)
[16:28:53.121]   [24] Microfono (G06-BT) (ch: 1, sr: 48000Hz)
[16:28:53.121]   [25] Linea in ingresso (Realtek HD Audio Line input) (ch: 2, sr: 44100Hz)
[16:28:53.121]   [26] Microfono (Realtek HD Audio Mic input) (ch: 2, sr: 44100Hz)
[16:28:53.122]   [28] Missaggio stereo (Realtek HD Audio Stereo input) (ch: 2, sr: 44100Hz)
[16:28:53.122]   [32] Input (SYSVAD Wave Speaker) (ch: 2, sr: 44100Hz)
[16:28:53.122]   [36] Microfono (G06-BT) (ch: 1, sr: 48000Hz)
[16:28:53.129] 🎤 Audio: 16000Hz mono, block=1280 (80ms), latency=low
[16:28:53.129] ✅ In ascolto! Parla...
[16:28:55.385] Pipe: connesso!
[16:29:00.013]   🎯 [partial] RECOGNIZED:0.85:ingegnere
[16:29:00.893]   ⏳ Pending: "pressioni" (attendo variante lunga, 800ms)
[16:29:01.529]   ... "pressioni"
[16:29:01.752]   ⏰ Pending timeout: "pressioni" (859ms)
[16:29:01.752]   🎯 [partial+timeout] RECOGNIZED:0.85:pressioni
[16:29:02.400] Pipe ricevuto: PING
[16:29:03.122] 💓 up=10s | cb=124 audio=9.9s partials=12 | rec=2 | pipe=✅
[16:29:12.395] Pipe ricevuto: PING
[16:29:13.122] 💓 up=20s | cb=249 audio=19.9s partials=12 | rec=2 | pipe=✅
[16:29:22.394] Pipe ricevuto: PING
[16:29:23.123] 💓 up=30s | cb=374 audio=29.9s partials=12 | rec=2 | pipe=✅
[16:29:32.403] Pipe ricevuto: PING
[16:29:33.123] 💓 up=40s | cb=499 audio=39.9s partials=12 | rec=2 | pipe=✅
[16:29:42.398] Pipe ricevuto: PING
[16:29:43.124] 💓 up=50s | cb=624 audio=49.9s partials=12 | rec=2 | pipe=✅
[16:29:52.397] Pipe ricevuto: PING
[16:29:53.124] 💓 up=60s | cb=749 audio=59.9s partials=12 | rec=2 | pipe=✅
[16:29:59.693]   🎯 [partial] RECOGNIZED:0.85:motore
[16:30:02.403] Pipe ricevuto: PING
[16:30:03.125] 💓 up=70s | cb=874 audio=69.9s partials=13 | rec=3 | pipe=✅
[16:30:12.397] Pipe ricevuto: PING
[16:30:13.125] 💓 up=80s | cb=999 audio=79.9s partials=13 | rec=3 | pipe=✅
[16:30:19.774]   🎯 [partial] RECOGNIZED:0.85:ingegnere
[16:30:21.133]   ⏳ Pending: "pressioni" (attendo variante lunga, 800ms)
[16:30:21.289]   ... "pressioni"
[16:30:21.853]   📝 Finale: "pressioni"
[16:30:21.853]   🎯 [final] RECOGNIZED:0.85:pressioni
[16:30:22.396] Pipe ricevuto: PING
[16:30:23.126] 💓 up=90s | cb=1124 audio=89.9s partials=26 | rec=5 | pipe=✅
[16:30:32.400] Pipe ricevuto: PING
[16:30:33.127] 💓 up=100s | cb=1249 audio=99.9s partials=26 | rec=5 | pipe=✅
[16:30:42.402] Pipe ricevuto: PING
[16:30:43.127] 💓 up=110s | cb=1374 audio=109.9s partials=26 | rec=5 | pipe=✅
[16:30:52.401] Pipe ricevuto: PING
[16:30:53.128] 💓 up=120s | cb=1499 audio=119.9s partials=26 | rec=5 | pipe=✅
[16:31:02.401] Pipe ricevuto: PING
[16:31:03.128] 💓 up=130s | cb=1624 audio=129.9s partials=26 | rec=5 | pipe=✅
[16:31:12.402] Pipe ricevuto: PING
[16:31:13.129] 💓 up=140s | cb=1749 audio=139.9s partials=26 | rec=5 | pipe=✅
[16:31:22.394] Pipe ricevuto: PING
[16:31:23.129] 💓 up=150s | cb=1874 audio=149.9s partials=26 | rec=5 | pipe=✅
[16:31:32.397] Pipe ricevuto: PING
[16:31:33.130] 💓 up=160s | cb=2000 audio=160.0s partials=26 | rec=5 | pipe=✅
[16:31:42.403] Pipe ricevuto: PING
[16:31:43.130] 💓 up=170s | cb=2125 audio=170.0s partials=26 | rec=5 | pipe=✅
[16:31:52.403] Pipe ricevuto: PING
[16:31:53.131] 💓 up=180s | cb=2250 audio=180.0s partials=26 | rec=5 | pipe=✅
[16:32:02.394] Pipe ricevuto: PING
[16:32:03.131] 💓 up=190s | cb=2375 audio=190.0s partials=26 | rec=5 | pipe=✅
[16:32:12.401] Pipe ricevuto: PING
[16:32:13.132] 💓 up=200s | cb=2500 audio=200.0s partials=26 | rec=5 | pipe=✅
[16:32:22.398] Pipe ricevuto: PING
[16:32:23.132] 💓 up=210s | cb=2625 audio=210.0s partials=26 | rec=5 | pipe=✅
[16:32:32.397] Pipe ricevuto: PING
[16:32:33.133] 💓 up=220s | cb=2750 audio=220.0s partials=26 | rec=5 | pipe=✅
[16:32:42.394] Pipe ricevuto: PING
[16:32:43.133] 💓 up=230s | cb=2875 audio=230.0s partials=26 | rec=5 | pipe=✅
[16:32:52.400] Pipe ricevuto: PING
[16:32:53.134] 💓 up=240s | cb=3000 audio=240.0s partials=26 | rec=5 | pipe=✅
[16:33:02.395] Pipe ricevuto: PING
[16:33:03.134] 💓 up=250s | cb=3125 audio=250.0s partials=26 | rec=5 | pipe=✅
[16:33:12.397] Pipe ricevuto: PING
[16:33:13.135] 💓 up=260s | cb=3250 audio=260.0s partials=26 | rec=5 | pipe=✅
[16:33:22.398] Pipe ricevuto: PING
[16:33:23.136] 💓 up=270s | cb=3375 audio=270.0s partials=26 | rec=5 | pipe=✅
[16:33:32.398] Pipe ricevuto: PING
[16:33:33.136] 💓 up=280s | cb=3500 audio=280.0s partials=26 | rec=5 | pipe=✅
[16:33:42.401] Pipe ricevuto: PING
[16:33:43.137] 💓 up=290s | cb=3625 audio=290.0s partials=26 | rec=5 | pipe=✅
[16:33:52.393] Pipe ricevuto: PING
[16:33:53.138] 💓 up=300s | cb=3750 audio=300.0s partials=26 | rec=5 | pipe=✅
[16:34:02.400] Pipe ricevuto: PING
[16:34:03.138] 💓 up=310s | cb=3875 audio=310.0s partials=26 | rec=5 | pipe=✅
[16:34:12.401] Pipe ricevuto: PING
[16:34:13.139] 💓 up=320s | cb=4000 audio=320.0s partials=26 | rec=5 | pipe=✅
[16:34:22.399] Pipe ricevuto: PING
[16:34:23.139] 💓 up=330s | cb=4125 audio=330.0s partials=26 | rec=5 | pipe=✅
[16:34:32.397] Pipe ricevuto: PING
[16:34:33.140] 💓 up=340s | cb=4250 audio=340.0s partials=26 | rec=5 | pipe=✅
[16:34:42.394] Pipe ricevuto: PING
[16:34:43.140] 💓 up=350s | cb=4375 audio=350.0s partials=26 | rec=5 | pipe=✅
[16:34:52.393] Pipe ricevuto: PING
[16:34:53.141] 💓 up=360s | cb=4500 audio=360.0s partials=26 | rec=5 | pipe=✅
[16:35:02.401] Pipe ricevuto: PING
[16:35:03.141] 💓 up=370s | cb=4625 audio=370.0s partials=26 | rec=5 | pipe=✅
[16:35:12.400] Pipe ricevuto: PING
[16:35:13.142] 💓 up=380s | cb=4750 audio=380.0s partials=26 | rec=5 | pipe=✅
[16:35:22.393] Pipe ricevuto: PING
[16:35:23.143] 💓 up=390s | cb=4875 audio=390.0s partials=26 | rec=5 | pipe=✅
[16:35:32.398] Pipe ricevuto: PING
[16:35:33.143] 💓 up=400s | cb=5000 audio=400.0s partials=26 | rec=5 | pipe=✅
[16:35:42.399] Pipe ricevuto: PING
[16:35:43.143] 💓 up=410s | cb=5125 audio=410.0s partials=26 | rec=5 | pipe=✅
[16:35:52.403] Pipe ricevuto: PING
[16:35:53.144] 💓 up=420s | cb=5250 audio=420.0s partials=26 | rec=5 | pipe=✅
[16:36:02.402] Pipe ricevuto: PING
[16:36:03.145] 💓 up=430s | cb=5375 audio=430.0s partials=26 | rec=5 | pipe=✅
[16:36:12.395] Pipe ricevuto: PING
[16:36:13.145] 💓 up=440s | cb=5500 audio=440.0s partials=26 | rec=5 | pipe=✅
[16:36:22.397] Pipe ricevuto: PING
[16:36:23.145] 💓 up=450s | cb=5625 audio=450.0s partials=26 | rec=5 | pipe=✅
[16:36:32.393] Pipe ricevuto: PING
[16:36:33.146] 💓 up=460s | cb=5750 audio=460.0s partials=26 | rec=5 | pipe=✅
[16:36:42.402] Pipe ricevuto: PING
[16:36:43.146] 💓 up=470s | cb=5875 audio=470.0s partials=26 | rec=5 | pipe=✅
[16:36:52.396] Pipe ricevuto: PING
[16:36:53.147] 💓 up=480s | cb=6000 audio=480.0s partials=26 | rec=5 | pipe=✅
[16:37:02.404] Pipe ricevuto: PING
[16:37:03.147] 💓 up=490s | cb=6125 audio=490.0s partials=26 | rec=5 | pipe=✅
[16:37:12.396] Pipe ricevuto: PING
[16:37:13.148] 💓 up=500s | cb=6250 audio=500.0s partials=26 | rec=5 | pipe=✅
[16:37:22.393] Pipe ricevuto: PING
[16:37:23.149] 💓 up=510s | cb=6375 audio=510.0s partials=26 | rec=5 | pipe=✅
[16:37:32.401] Pipe ricevuto: PING
[16:37:33.149] 💓 up=520s | cb=6500 audio=520.0s partials=26 | rec=5 | pipe=✅
[16:37:42.399] Pipe ricevuto: PING
[16:37:43.150] 💓 up=530s | cb=6625 audio=530.0s partials=26 | rec=5 | pipe=✅
[16:37:52.394] Pipe ricevuto: PING
[16:37:53.151] 💓 up=540s | cb=6750 audio=540.0s partials=26 | rec=5 | pipe=✅
[16:38:02.395] Pipe ricevuto: PING
[16:38:03.151] 💓 up=550s | cb=6875 audio=550.0s partials=26 | rec=5 | pipe=✅
[16:38:12.401] Pipe ricevuto: PING
[16:38:13.152] 💓 up=560s | cb=7000 audio=560.0s partials=26 | rec=5 | pipe=✅
[16:38:22.398] Pipe ricevuto: PING
[16:38:23.152] 💓 up=570s | cb=7125 audio=570.0s partials=26 | rec=5 | pipe=✅
[16:38:32.395] Pipe ricevuto: PING
[16:38:33.153] 💓 up=580s | cb=7250 audio=580.0s partials=26 | rec=5 | pipe=✅
[16:38:42.398] Pipe ricevuto: PING
[16:38:43.153] 💓 up=590s | cb=7375 audio=590.0s partials=26 | rec=5 | pipe=✅
[16:38:52.403] Pipe ricevuto: PING
[16:38:53.154] 💓 up=600s | cb=7500 audio=600.0s partials=26 | rec=5 | pipe=✅
[16:39:02.402] Pipe ricevuto: PING
[16:39:03.154] 💓 up=610s | cb=7625 audio=610.0s partials=26 | rec=5 | pipe=✅
[16:39:12.398] Pipe ricevuto: PING
[16:39:13.155] 💓 up=620s | cb=7750 audio=620.0s partials=26 | rec=5 | pipe=✅
[16:39:22.403] Pipe ricevuto: PING
[16:39:23.156] 💓 up=630s | cb=7875 audio=630.0s partials=26 | rec=5 | pipe=✅
[16:39:32.399] Pipe ricevuto: PING
[16:39:33.156] 💓 up=640s | cb=8000 audio=640.0s partials=26 | rec=5 | pipe=✅
[16:39:38.329] Pipe ricevuto: STOP
[16:44:19.243] ============================================================
[16:44:19.243] MMCM Speech Helper — Python + Vosk v3.3 (EVO grammar)
[16:44:19.243] ============================================================
[16:44:19.243] Python: 3.12.7 (tags/v3.12.7:0b05ead, Oct  1 2024, 03:06:41) [MSC v.1941 64 bit (AMD64)]
[16:44:19.244] Processo: 64-bit
[16:44:19.244] PID: 26876
[16:44:19.244] ⚠️ SetPriorityClass ha restituito False
[16:44:19.244] Lingua richiesta: it
[16:44:19.244] ✅ Modello Vosk per lingua 'it': C:\Program Files (x86)\SimHub\MMCMSpeechHelper\model-it
[16:44:19.244] CommandMatcher: 84 comandi (it), 7 con varianti più lunghe
[16:44:19.244] Caricamento modello Vosk: C:\Program Files (x86)\SimHub\MMCMSpeechHelper\model-it
[16:44:19.521] Modello caricato in 0.3s
[16:44:19.521] Grammar: 84 comandi
[16:44:19.522] ✅ Vosk recognizer pronto!
[16:44:19.523] Pipe: in attesa connessione...
[16:44:19.523] Recognition loop avviato (thread priorità alta)
[16:44:19.523] Premi Ctrl+C per uscire
[16:44:19.523] Dispositivi audio input:
[16:44:19.523]   [0] Microsoft Sound Mapper - Input (ch: 2, sr: 44100Hz)
[16:44:19.523]   [1] Microfono (G06-BT) (ch: 1, sr: 44100Hz) ← DEFAULT
[16:44:19.523]   [9] Driver primario di acquisizione suoni (ch: 2, sr: 44100Hz)
[16:44:19.523]   [10] Microfono (G06-BT) (ch: 1, sr: 44100Hz)
[16:44:19.523]   [24] Microfono (G06-BT) (ch: 1, sr: 48000Hz)
[16:44:19.523]   [25] Linea in ingresso (Realtek HD Audio Line input) (ch: 2, sr: 44100Hz)
[16:44:19.523]   [26] Microfono (Realtek HD Audio Mic input) (ch: 2, sr: 44100Hz)
[16:44:19.524]   [28] Missaggio stereo (Realtek HD Audio Stereo input) (ch: 2, sr: 44100Hz)
[16:44:19.524]   [32] Input (SYSVAD Wave Speaker) (ch: 2, sr: 44100Hz)
[16:44:19.524]   [36] Microfono (G06-BT) (ch: 1, sr: 48000Hz)
[16:44:19.531] 🎤 Audio: 16000Hz mono, block=1280 (80ms), latency=low
[16:44:19.531] ✅ In ascolto! Parla...
[16:44:21.808] Pipe: connesso!
[16:44:28.824] Pipe ricevuto: PING
[16:44:29.524] 💓 up=10s | cb=124 audio=9.9s partials=0 | rec=0 | pipe=✅
[16:44:38.821] Pipe ricevuto: PING
[16:44:39.524] 💓 up=20s | cb=249 audio=19.9s partials=0 | rec=0 | pipe=✅
[16:44:48.823] Pipe ricevuto: PING
[16:44:49.525] 💓 up=30s | cb=374 audio=29.9s partials=0 | rec=0 | pipe=✅
[16:44:58.819] Pipe ricevuto: PING
[16:44:59.526] 💓 up=40s | cb=499 audio=39.9s partials=0 | rec=0 | pipe=✅
[16:45:08.821] Pipe ricevuto: PING
[16:45:09.526] 💓 up=50s | cb=624 audio=49.9s partials=0 | rec=0 | pipe=✅
[16:45:18.823] Pipe ricevuto: PING
[16:45:19.527] 💓 up=60s | cb=749 audio=59.9s partials=0 | rec=0 | pipe=✅
[16:45:28.816] Pipe ricevuto: PING
[16:45:29.527] 💓 up=70s | cb=874 audio=69.9s partials=0 | rec=0 | pipe=✅
[16:45:38.822] Pipe ricevuto: PING
[16:45:39.528] 💓 up=80s | cb=999 audio=79.9s partials=0 | rec=0 | pipe=✅
[16:45:48.822] Pipe ricevuto: PING
[16:45:49.528] 💓 up=90s | cb=1124 audio=89.9s partials=0 | rec=0 | pipe=✅
[16:45:58.817] Pipe ricevuto: PING
[16:45:59.529] 💓 up=100s | cb=1249 audio=99.9s partials=0 | rec=0 | pipe=✅
[16:46:08.816] Pipe ricevuto: PING
[16:46:09.529] 💓 up=110s | cb=1374 audio=109.9s partials=0 | rec=0 | pipe=✅
[16:46:18.816] Pipe ricevuto: PING
[16:46:19.530] 💓 up=120s | cb=1499 audio=119.9s partials=0 | rec=0 | pipe=✅
[16:46:28.820] Pipe ricevuto: PING
[16:46:29.530] 💓 up=130s | cb=1624 audio=129.9s partials=0 | rec=0 | pipe=✅
[16:46:38.817] Pipe ricevuto: PING
[16:46:39.530] 💓 up=140s | cb=1749 audio=139.9s partials=0 | rec=0 | pipe=✅
[16:46:48.819] Pipe ricevuto: PING
[16:46:49.531] 💓 up=150s | cb=1874 audio=149.9s partials=0 | rec=0 | pipe=✅
[16:46:58.815] Pipe ricevuto: PING
[16:46:59.531] 💓 up=160s | cb=1999 audio=159.9s partials=0 | rec=0 | pipe=✅
[16:47:08.819] Pipe ricevuto: PING
[16:47:09.532] 💓 up=170s | cb=2124 audio=169.9s partials=0 | rec=0 | pipe=✅
[16:47:18.820] Pipe ricevuto: PING
[16:47:19.532] 💓 up=180s | cb=2249 audio=179.9s partials=0 | rec=0 | pipe=✅
[16:47:28.816] Pipe ricevuto: PING
[16:47:29.533] 💓 up=190s | cb=2374 audio=189.9s partials=0 | rec=0 | pipe=✅
[16:47:38.824] Pipe ricevuto: PING
[16:47:39.534] 💓 up=200s | cb=2499 audio=199.9s partials=0 | rec=0 | pipe=✅
[16:47:48.822] Pipe ricevuto: PING
[16:47:49.534] 💓 up=210s | cb=2624 audio=209.9s partials=0 | rec=0 | pipe=✅
[16:47:58.821] Pipe ricevuto: PING
[16:47:59.535] 💓 up=220s | cb=2749 audio=219.9s partials=0 | rec=0 | pipe=✅
[16:48:08.819] Pipe ricevuto: PING
[16:48:09.535] 💓 up=230s | cb=2874 audio=229.9s partials=0 | rec=0 | pipe=✅
[16:48:18.820] Pipe ricevuto: PING
[16:48:19.536] 💓 up=240s | cb=2999 audio=239.9s partials=0 | rec=0 | pipe=✅
[16:48:28.820] Pipe ricevuto: PING
[16:48:29.536] 💓 up=250s | cb=3124 audio=249.9s partials=0 | rec=0 | pipe=✅
[16:48:38.820] Pipe ricevuto: PING
[16:48:39.537] 💓 up=260s | cb=3249 audio=259.9s partials=0 | rec=0 | pipe=✅
[16:48:48.817] Pipe ricevuto: PING
[16:48:49.538] 💓 up=270s | cb=3374 audio=269.9s partials=0 | rec=0 | pipe=✅
[16:48:58.818] Pipe ricevuto: PING
[16:48:59.538] 💓 up=280s | cb=3499 audio=279.9s partials=0 | rec=0 | pipe=✅
[16:49:08.817] Pipe ricevuto: PING
[16:49:09.539] 💓 up=290s | cb=3625 audio=290.0s partials=0 | rec=0 | pipe=✅
[16:49:18.816] Pipe ricevuto: PING
[16:49:19.539] 💓 up=300s | cb=3750 audio=300.0s partials=0 | rec=0 | pipe=✅
[16:49:28.816] Pipe ricevuto: PING
[16:49:29.539] 💓 up=310s | cb=3874 audio=309.9s partials=0 | rec=0 | pipe=✅
[16:49:38.815] Pipe ricevuto: PING
[16:49:39.540] 💓 up=320s | cb=3999 audio=319.9s partials=0 | rec=0 | pipe=✅
[16:49:48.822] Pipe ricevuto: PING
[16:49:49.540] 💓 up=330s | cb=4124 audio=329.9s partials=0 | rec=0 | pipe=✅
[16:49:58.825] Pipe ricevuto: PING
[16:49:59.541] 💓 up=340s | cb=4249 audio=339.9s partials=0 | rec=0 | pipe=✅
[16:50:08.824] Pipe ricevuto: PING
[16:50:09.541] 💓 up=350s | cb=4374 audio=349.9s partials=0 | rec=0 | pipe=✅
[16:50:18.820] Pipe ricevuto: PING
[16:50:19.232]   🎯 [partial] RECOGNIZED:0.85:ingegnere
[16:50:19.541] 💓 up=360s | cb=4499 audio=359.9s partials=1 | rec=1 | pipe=✅
[16:50:20.988]   ... "pista"
[16:50:21.073]   📝 Finale: "pista"
[16:50:28.817] Pipe ricevuto: PING
[16:50:29.542] 💓 up=370s | cb=4624 audio=369.9s partials=10 | rec=1 | pipe=✅
[16:50:38.821] Pipe ricevuto: PING
[16:50:39.543] 💓 up=380s | cb=4749 audio=379.9s partials=10 | rec=1 | pipe=✅
[16:50:48.820] Pipe ricevuto: PING
[16:50:49.543] 💓 up=390s | cb=4874 audio=389.9s partials=10 | rec=1 | pipe=✅
[16:50:58.823] Pipe ricevuto: PING
[16:50:59.231]   🎯 [partial] RECOGNIZED:0.85:ingegnere
[16:50:59.544] 💓 up=400s | cb=4999 audio=399.9s partials=14 | rec=2 | pipe=✅
[16:51:00.112]   🎯 [partial] RECOGNIZED:0.85:posizione
[16:51:08.819] Pipe ricevuto: PING
[16:51:09.544] 💓 up=410s | cb=5124 audio=409.9s partials=15 | rec=3 | pipe=✅
[16:51:13.952]   🎯 [partial] RECOGNIZED:0.85:ingegnere
[16:51:15.792]   🎯 [partial] RECOGNIZED:0.85:davanti
[16:51:18.817] Pipe ricevuto: PING
[16:51:19.545] 💓 up=420s | cb=5249 audio=419.9s partials=17 | rec=5 | pipe=✅
[16:51:28.816] Pipe ricevuto: PING
[16:51:29.545] 💓 up=430s | cb=5374 audio=429.9s partials=17 | rec=5 | pipe=✅
[16:51:35.152]   🎯 [partial] RECOGNIZED:0.85:ingegnere
[16:51:36.512]   ⏳ Pending: "pressioni" (attendo variante lunga, 800ms)
[16:51:36.589]   ... "pressioni"
[16:51:37.232]   📝 Finale: "pressioni"
[16:51:37.232]   🎯 [final] RECOGNIZED:0.85:pressioni
[16:51:38.825] Pipe ricevuto: PING
[16:51:39.546] 💓 up=440s | cb=5499 audio=439.9s partials=27 | rec=7 | pipe=✅
[16:51:48.818] Pipe ricevuto: PING
[16:51:49.546] 💓 up=450s | cb=5624 audio=449.9s partials=27 | rec=7 | pipe=✅
[16:51:58.821] Pipe ricevuto: PING
[16:51:59.546] 💓 up=460s | cb=5749 audio=459.9s partials=27 | rec=7 | pipe=✅
[16:52:08.825] Pipe ricevuto: PING
[16:52:09.312]   ⏳ Pending: "situazione" (attendo variante lunga, 800ms)
[16:52:09.469]   ... "situazione"
[16:52:09.546] 💓 up=470s | cb=5874 audio=469.9s partials=30 | rec=7 | pipe=✅
[16:52:10.158]   ⏰ Pending timeout: "situazione" (859ms)
[16:52:10.158]   🎯 [partial+timeout] RECOGNIZED:0.85:situazione
[16:52:18.817] Pipe ricevuto: PING
[16:52:19.547] 💓 up=480s | cb=5999 audio=479.9s partials=38 | rec=8 | pipe=✅
[16:52:28.821] Pipe ricevuto: PING
[16:52:29.547] 💓 up=490s | cb=6124 audio=489.9s partials=38 | rec=8 | pipe=✅
[16:52:38.817] Pipe ricevuto: PING
[16:52:39.547] 💓 up=500s | cb=6249 audio=499.9s partials=38 | rec=8 | pipe=✅
[16:52:48.823] Pipe ricevuto: PING
[16:52:49.548] 💓 up=510s | cb=6374 audio=509.9s partials=38 | rec=8 | pipe=✅
[16:52:58.817] Pipe ricevuto: PING
[16:52:59.548] 💓 up=520s | cb=6500 audio=520.0s partials=38 | rec=8 | pipe=✅
[16:53:08.824] Pipe ricevuto: PING
[16:53:09.549] 💓 up=530s | cb=6625 audio=530.0s partials=38 | rec=8 | pipe=✅
[16:53:18.815] Pipe ricevuto: PING
[16:53:19.549] 💓 up=540s | cb=6750 audio=540.0s partials=38 | rec=8 | pipe=✅
[16:53:28.825] Pipe ricevuto: PING
[16:53:29.550] 💓 up=550s | cb=6875 audio=550.0s partials=38 | rec=8 | pipe=✅
[16:53:38.823] Pipe ricevuto: PING
[16:53:39.551] 💓 up=560s | cb=7000 audio=560.0s partials=38 | rec=8 | pipe=✅
[16:53:48.820] Pipe ricevuto: PING
[16:53:49.551] 💓 up=570s | cb=7125 audio=570.0s partials=38 | rec=8 | pipe=✅
[16:53:58.822] Pipe ricevuto: PING
[16:53:59.551] 💓 up=580s | cb=7250 audio=580.0s partials=38 | rec=8 | pipe=✅
[16:54:08.817] Pipe ricevuto: PING
[16:54:09.552] 💓 up=590s | cb=7375 audio=590.0s partials=38 | rec=8 | pipe=✅
[16:54:18.816] Pipe ricevuto: PING
[16:54:19.553] 💓 up=600s | cb=7500 audio=600.0s partials=38 | rec=8 | pipe=✅
[16:54:28.824] Pipe ricevuto: PING
[16:54:29.553] 💓 up=610s | cb=7625 audio=610.0s partials=38 | rec=8 | pipe=✅
[16:54:33.552]   🎯 [partial] RECOGNIZED:0.85:ingegnere
[16:54:34.432]   ... "gomme"
[16:54:34.432]   🎯 [partial] RECOGNIZED:0.85:gomme
[16:54:38.821] Pipe ricevuto: PING
[16:54:39.554] 💓 up=620s | cb=7750 audio=620.0s partials=40 | rec=10 | pipe=✅
[16:54:48.817] Pipe ricevuto: PING
[16:54:49.554] 💓 up=630s | cb=7875 audio=630.0s partials=40 | rec=10 | pipe=✅
[16:54:58.818] Pipe ricevuto: PING
[16:54:59.555] 💓 up=640s | cb=8000 audio=640.0s partials=40 | rec=10 | pipe=✅
[16:55:08.822] Pipe ricevuto: PING
[16:55:09.556] 💓 up=650s | cb=8125 audio=650.0s partials=40 | rec=10 | pipe=✅
[16:55:18.824] Pipe ricevuto: PING
[16:55:19.556] 💓 up=660s | cb=8250 audio=660.0s partials=40 | rec=10 | pipe=✅
[16:55:28.816] Pipe ricevuto: PING
[16:55:29.557] 💓 up=670s | cb=8375 audio=670.0s partials=40 | rec=10 | pipe=✅
[16:55:38.821] Pipe ricevuto: PING
[16:55:39.557] 💓 up=680s | cb=8500 audio=680.0s partials=40 | rec=10 | pipe=✅
[16:55:48.818] Pipe ricevuto: PING
[16:55:49.557] 💓 up=690s | cb=8625 audio=690.0s partials=40 | rec=10 | pipe=✅
[16:55:58.819] Pipe ricevuto: PING
[16:55:59.558] 💓 up=700s | cb=8750 audio=700.0s partials=40 | rec=10 | pipe=✅
[16:56:08.823] Pipe ricevuto: PING
[16:56:09.559] 💓 up=710s | cb=8875 audio=710.0s partials=40 | rec=10 | pipe=✅
[16:56:18.823] Pipe ricevuto: PING
[16:56:19.559] 💓 up=720s | cb=9000 audio=720.0s partials=40 | rec=10 | pipe=✅
[16:56:28.817] Pipe ricevuto: PING
[16:56:29.560] 💓 up=730s | cb=9125 audio=730.0s partials=40 | rec=10 | pipe=✅
[16:56:38.821] Pipe ricevuto: PING
[16:56:39.560] 💓 up=740s | cb=9250 audio=740.0s partials=40 | rec=10 | pipe=✅
[16:56:48.821] Pipe ricevuto: PING
[16:56:49.561] 💓 up=750s | cb=9375 audio=750.0s partials=40 | rec=10 | pipe=✅
[16:56:58.814] Pipe ricevuto: PING
[16:56:59.561] 💓 up=760s | cb=9500 audio=760.0s partials=40 | rec=10 | pipe=✅
[16:57:08.823] Pipe ricevuto: PING
[16:57:09.562] 💓 up=770s | cb=9625 audio=770.0s partials=40 | rec=10 | pipe=✅
[16:57:18.824] Pipe ricevuto: PING
[16:57:19.562] 💓 up=780s | cb=9750 audio=780.0s partials=40 | rec=10 | pipe=✅
[16:57:28.817] Pipe ricevuto: PING
[16:57:29.563] 💓 up=790s | cb=9875 audio=790.0s partials=40 | rec=10 | pipe=✅
[16:57:38.819] Pipe ricevuto: PING
[16:57:39.563] 💓 up=800s | cb=10000 audio=800.0s partials=40 | rec=10 | pipe=✅
[16:57:48.821] Pipe ricevuto: PING
[16:57:49.564] 💓 up=810s | cb=10125 audio=810.0s partials=40 | rec=10 | pipe=✅
[16:57:58.818] Pipe ricevuto: PING
[16:57:59.564] 💓 up=820s | cb=10250 audio=820.0s partials=40 | rec=10 | pipe=✅
[16:58:08.816] Pipe ricevuto: PING
[16:58:09.565] 💓 up=830s | cb=10375 audio=830.0s partials=40 | rec=10 | pipe=✅
[16:58:18.820] Pipe ricevuto: PING
[16:58:19.566] 💓 up=840s | cb=10500 audio=840.0s partials=40 | rec=10 | pipe=✅
[16:58:28.821] Pipe ricevuto: PING
[16:58:29.566] 💓 up=850s | cb=10625 audio=850.0s partials=40 | rec=10 | pipe=✅
[16:58:38.817] Pipe ricevuto: PING
[16:58:39.567] 💓 up=860s | cb=10750 audio=860.0s partials=40 | rec=10 | pipe=✅
[16:58:48.820] Pipe ricevuto: PING
[16:58:49.567] 💓 up=870s | cb=10875 audio=870.0s partials=40 | rec=10 | pipe=✅
[16:58:51.872]   🎯 [partial] RECOGNIZED:0.85:ingegnere
[16:58:52.993]   🎯 [partial] RECOGNIZED:0.85:danni
[16:58:58.822] Pipe ricevuto: PING
[16:58:59.568] 💓 up=880s | cb=11000 audio=880.0s partials=42 | rec=12 | pipe=✅
[16:58:59.632]   🎯 [partial] RECOGNIZED:0.85:ingegnere
[16:59:00.272]   🎯 [partial] RECOGNIZED:0.85:danni
[16:59:08.825] Pipe ricevuto: PING
[16:59:09.568] 💓 up=890s | cb=11125 audio=890.0s partials=44 | rec=14 | pipe=✅
[16:59:18.823] Pipe ricevuto: PING
[16:59:19.569] 💓 up=900s | cb=11250 audio=900.0s partials=44 | rec=14 | pipe=✅
[16:59:28.824] Pipe ricevuto: PING
[16:59:29.569] 💓 up=910s | cb=11375 audio=910.0s partials=44 | rec=14 | pipe=✅
[16:59:38.821] Pipe ricevuto: PING
[16:59:39.570] 💓 up=920s | cb=11500 audio=920.0s partials=44 | rec=14 | pipe=✅
[16:59:46.032]   🎯 [partial] RECOGNIZED:0.85:ingegnere
[16:59:47.152]   🎯 [partial] RECOGNIZED:0.85:dammi tutto
[16:59:48.821] Pipe ricevuto: PING
[16:59:49.570] 💓 up=930s | cb=11625 audio=930.0s partials=49 | rec=16 | pipe=✅
[16:59:58.816] Pipe ricevuto: PING
[16:59:59.571] 💓 up=940s | cb=11750 audio=940.0s partials=49 | rec=16 | pipe=✅
[17:00:08.817] Pipe ricevuto: PING
[17:00:09.571] 💓 up=950s | cb=11875 audio=950.0s partials=49 | rec=16 | pipe=✅
[17:00:18.815] Pipe ricevuto: PING
[17:00:19.571] 💓 up=960s | cb=12000 audio=960.0s partials=49 | rec=16 | pipe=✅
[17:00:28.817] Pipe ricevuto: PING
[17:00:29.572] 💓 up=970s | cb=12125 audio=970.0s partials=49 | rec=16 | pipe=✅
[17:00:38.825] Pipe ricevuto: PING
[17:00:39.572] 💓 up=980s | cb=12250 audio=980.0s partials=49 | rec=16 | pipe=✅
[17:00:48.819] Pipe ricevuto: PING
[17:00:49.573] 💓 up=990s | cb=12375 audio=990.0s partials=49 | rec=16 | pipe=✅
[17:00:58.821] Pipe ricevuto: PING
[17:00:59.573] 💓 up=1000s | cb=12500 audio=1000.0s partials=49 | rec=16 | pipe=✅
[17:01:08.816] Pipe ricevuto: PING
[17:01:09.573] 💓 up=1010s | cb=12625 audio=1010.0s partials=49 | rec=16 | pipe=✅
[17:01:18.817] Pipe ricevuto: PING
[17:01:19.574] 💓 up=1020s | cb=12750 audio=1020.0s partials=49 | rec=16 | pipe=✅
[17:01:28.824] Pipe ricevuto: PING
[17:01:29.574] 💓 up=1030s | cb=12875 audio=1030.0s partials=49 | rec=16 | pipe=✅
[17:01:38.818] Pipe ricevuto: PING
[17:01:39.575] 💓 up=1040s | cb=13000 audio=1040.0s partials=49 | rec=16 | pipe=✅
[17:01:48.820] Pipe ricevuto: PING
[17:01:49.575] 💓 up=1050s | cb=13125 audio=1050.0s partials=49 | rec=16 | pipe=✅
[17:01:58.817] Pipe ricevuto: PING
[17:01:59.576] 💓 up=1060s | cb=13250 audio=1060.0s partials=49 | rec=16 | pipe=✅
[17:02:08.823] Pipe ricevuto: PING
[17:02:09.576] 💓 up=1070s | cb=13375 audio=1070.0s partials=49 | rec=16 | pipe=✅
[17:02:18.818] Pipe ricevuto: PING
[17:02:19.577] 💓 up=1080s | cb=13500 audio=1080.0s partials=49 | rec=16 | pipe=✅
[17:02:28.823] Pipe ricevuto: PING
[17:02:29.577] 💓 up=1090s | cb=13625 audio=1090.0s partials=49 | rec=16 | pipe=✅
[17:02:38.825] Pipe ricevuto: PING
[17:02:39.578] 💓 up=1100s | cb=13750 audio=1100.0s partials=49 | rec=16 | pipe=✅
[17:02:48.824] Pipe ricevuto: PING
[17:02:49.578] 💓 up=1110s | cb=13875 audio=1110.0s partials=49 | rec=16 | pipe=✅
[17:02:58.820] Pipe ricevuto: PING
[17:02:59.579] 💓 up=1120s | cb=14000 audio=1120.0s partials=49 | rec=16 | pipe=✅
[17:03:07.712]   ... "va il"
[17:03:08.432]   📝 Finale: "va"
[17:03:08.817] Pipe ricevuto: PING
[17:03:09.579] 💓 up=1130s | cb=14125 audio=1130.0s partials=58 | rec=16 | pipe=✅
[17:03:18.825] Pipe ricevuto: PING
[17:03:19.580] 💓 up=1140s | cb=14250 audio=1140.0s partials=58 | rec=16 | pipe=✅
[17:03:28.821] Pipe ricevuto: PING
[17:03:29.580] 💓 up=1150s | cb=14375 audio=1150.0s partials=58 | rec=16 | pipe=✅
[17:03:38.824] Pipe ricevuto: PING
[17:03:39.581] 💓 up=1160s | cb=14500 audio=1160.0s partials=58 | rec=16 | pipe=✅
[17:03:48.826] Pipe ricevuto: PING
[17:03:49.581] 💓 up=1170s | cb=14625 audio=1170.0s partials=58 | rec=16 | pipe=✅
[17:03:58.823] Pipe ricevuto: PING
[17:03:59.582] 💓 up=1180s | cb=14750 audio=1180.0s partials=58 | rec=16 | pipe=✅
[17:04:08.819] Pipe ricevuto: PING
[17:04:09.582] 💓 up=1190s | cb=14875 audio=1190.0s partials=58 | rec=16 | pipe=✅
[17:04:18.823] Pipe ricevuto: PING
[17:04:19.583] 💓 up=1200s | cb=15000 audio=1200.0s partials=58 | rec=16 | pipe=✅
[17:04:28.815] Pipe ricevuto: PING
[17:04:29.583] 💓 up=1210s | cb=15125 audio=1210.0s partials=58 | rec=16 | pipe=✅
[17:04:38.825] Pipe ricevuto: PING
[17:04:39.584] 💓 up=1220s | cb=15250 audio=1220.0s partials=58 | rec=16 | pipe=✅
[17:04:48.822] Pipe ricevuto: PING
[17:04:49.584] 💓 up=1230s | cb=15375 audio=1230.0s partials=58 | rec=16 | pipe=✅
[17:04:58.817] Pipe ricevuto: PING
[17:04:59.585] 💓 up=1240s | cb=15500 audio=1240.0s partials=58 | rec=16 | pipe=✅
[17:05:08.816] Pipe ricevuto: PING
[17:05:09.585] 💓 up=1250s | cb=15625 audio=1250.0s partials=58 | rec=16 | pipe=✅
[17:05:18.826] Pipe ricevuto: PING
[17:05:19.586] 💓 up=1260s | cb=15750 audio=1260.0s partials=58 | rec=16 | pipe=✅
[17:05:28.818] Pipe ricevuto: PING
[17:05:29.587] 💓 up=1270s | cb=15875 audio=1270.0s partials=58 | rec=16 | pipe=✅
[17:05:38.825] Pipe ricevuto: PING
[17:05:39.587] 💓 up=1280s | cb=16000 audio=1280.0s partials=58 | rec=16 | pipe=✅
[17:05:48.820] Pipe ricevuto: PING
[17:05:49.588] 💓 up=1290s | cb=16125 audio=1290.0s partials=58 | rec=16 | pipe=✅
[17:05:58.821] Pipe ricevuto: PING
[17:05:59.588] 💓 up=1300s | cb=16250 audio=1300.0s partials=58 | rec=16 | pipe=✅
[17:06:08.822] Pipe ricevuto: PING
[17:06:09.589] 💓 up=1310s | cb=16375 audio=1310.0s partials=58 | rec=16 | pipe=✅
[17:06:13.442] Pipe ricevuto: STOP
[17:12:10.081] ============================================================
[17:12:10.081] MMCM Speech Helper — Python + Vosk v3.3 (EVO grammar)
[17:12:10.082] ============================================================
[17:12:10.082] Python: 3.12.7 (tags/v3.12.7:0b05ead, Oct  1 2024, 03:06:41) [MSC v.1941 64 bit (AMD64)]
[17:12:10.082] Processo: 64-bit
[17:12:10.082] PID: 35856
[17:12:10.082] ⚠️ SetPriorityClass ha restituito False
[17:12:10.082] Lingua richiesta: it
[17:12:10.082] ✅ Modello Vosk per lingua 'it': C:\Program Files (x86)\SimHub\MMCMSpeechHelper\model-it
[17:12:10.083] CommandMatcher: 84 comandi (it), 7 con varianti più lunghe
[17:12:10.083] Caricamento modello Vosk: C:\Program Files (x86)\SimHub\MMCMSpeechHelper\model-it
[17:12:10.361] Modello caricato in 0.3s
[17:12:10.361] Grammar: 84 comandi
[17:12:10.362] ✅ Vosk recognizer pronto!
[17:12:10.362] Pipe: in attesa connessione...
[17:12:10.362] Recognition loop avviato (thread priorità alta)
[17:12:10.363] Dispositivi audio input:
[17:12:10.363] Premi Ctrl+C per uscire
[17:12:10.363]   [0] Microsoft Sound Mapper - Input (ch: 2, sr: 44100Hz)
[17:12:10.364]   [1] Microfono (G06-BT) (ch: 1, sr: 44100Hz) ← DEFAULT
[17:12:10.364]   [9] Driver primario di acquisizione suoni (ch: 2, sr: 44100Hz)
[17:12:10.364]   [10] Microfono (G06-BT) (ch: 1, sr: 44100Hz)
[17:12:10.364]   [24] Microfono (G06-BT) (ch: 1, sr: 48000Hz)
[17:12:10.364]   [25] Linea in ingresso (Realtek HD Audio Line input) (ch: 2, sr: 44100Hz)
[17:12:10.364]   [26] Microfono (Realtek HD Audio Mic input) (ch: 2, sr: 44100Hz)
[17:12:10.364]   [28] Missaggio stereo (Realtek HD Audio Stereo input) (ch: 2, sr: 44100Hz)
[17:12:10.364]   [32] Input (SYSVAD Wave Speaker) (ch: 2, sr: 44100Hz)
[17:12:10.364]   [36] Microfono (G06-BT) (ch: 1, sr: 48000Hz)
[17:12:10.371] 🎤 Audio: 16000Hz mono, block=1280 (80ms), latency=low
[17:12:10.371] ✅ In ascolto! Parla...
[17:12:12.659] Pipe: connesso!
[17:12:19.680] Pipe ricevuto: PING
[17:12:20.364] 💓 up=10s | cb=124 audio=9.9s partials=0 | rec=0 | pipe=✅
[17:12:29.680] Pipe ricevuto: PING
[17:12:30.365] 💓 up=20s | cb=249 audio=19.9s partials=0 | rec=0 | pipe=✅
[17:12:39.683] Pipe ricevuto: PING
[17:12:40.365] 💓 up=30s | cb=374 audio=29.9s partials=0 | rec=0 | pipe=✅
[17:12:49.682] Pipe ricevuto: PING
[17:12:50.366] 💓 up=40s | cb=499 audio=39.9s partials=0 | rec=0 | pipe=✅
[17:12:59.681] Pipe ricevuto: PING
[17:13:00.366] 💓 up=50s | cb=624 audio=49.9s partials=0 | rec=0 | pipe=✅
[17:13:09.674] Pipe ricevuto: PING
[17:13:10.367] 💓 up=60s | cb=749 audio=59.9s partials=0 | rec=0 | pipe=✅
[17:13:19.675] Pipe ricevuto: PING
[17:13:20.367] 💓 up=70s | cb=874 audio=69.9s partials=0 | rec=0 | pipe=✅
[17:13:29.684] Pipe ricevuto: PING
[17:13:30.368] 💓 up=80s | cb=999 audio=79.9s partials=0 | rec=0 | pipe=✅
[17:13:39.675] Pipe ricevuto: PING
[17:13:40.368] 💓 up=90s | cb=1124 audio=89.9s partials=0 | rec=0 | pipe=✅
[17:13:49.679] Pipe ricevuto: PING
[17:13:50.369] 💓 up=100s | cb=1249 audio=99.9s partials=0 | rec=0 | pipe=✅
[17:13:59.679] Pipe ricevuto: PING
[17:14:00.369] 💓 up=110s | cb=1374 audio=109.9s partials=0 | rec=0 | pipe=✅
[17:14:09.676] Pipe ricevuto: PING
[17:14:10.370] 💓 up=120s | cb=1499 audio=119.9s partials=0 | rec=0 | pipe=✅
[17:14:19.675] Pipe ricevuto: PING
[17:14:20.370] 💓 up=130s | cb=1624 audio=129.9s partials=0 | rec=0 | pipe=✅
[17:14:29.676] Pipe ricevuto: PING
[17:14:30.371] 💓 up=140s | cb=1749 audio=139.9s partials=0 | rec=0 | pipe=✅
[17:14:39.677] Pipe ricevuto: PING
[17:14:40.371] 💓 up=150s | cb=1874 audio=149.9s partials=0 | rec=0 | pipe=✅
[17:14:49.679] Pipe ricevuto: PING
[17:14:50.372] 💓 up=160s | cb=1999 audio=159.9s partials=0 | rec=0 | pipe=✅
[17:14:59.678] Pipe ricevuto: PING
[17:15:00.372] 💓 up=170s | cb=2124 audio=169.9s partials=0 | rec=0 | pipe=✅
[17:15:09.684] Pipe ricevuto: PING
[17:15:10.373] 💓 up=180s | cb=2249 audio=179.9s partials=0 | rec=0 | pipe=✅
[17:15:19.681] Pipe ricevuto: PING
[17:15:20.373] 💓 up=190s | cb=2374 audio=189.9s partials=0 | rec=0 | pipe=✅
[17:15:29.678] Pipe ricevuto: PING
[17:15:30.374] 💓 up=200s | cb=2500 audio=200.0s partials=0 | rec=0 | pipe=✅
[17:15:39.681] Pipe ricevuto: PING
[17:15:40.374] 💓 up=210s | cb=2625 audio=210.0s partials=0 | rec=0 | pipe=✅
[17:15:49.680] Pipe ricevuto: PING
[17:15:50.375] 💓 up=220s | cb=2750 audio=220.0s partials=0 | rec=0 | pipe=✅
[17:15:59.677] Pipe ricevuto: PING
[17:16:00.375] 💓 up=230s | cb=2875 audio=230.0s partials=0 | rec=0 | pipe=✅
[17:16:09.681] Pipe ricevuto: PING
[17:16:10.376] 💓 up=240s | cb=3000 audio=240.0s partials=0 | rec=0 | pipe=✅
[17:16:19.677] Pipe ricevuto: PING
[17:16:20.377] 💓 up=250s | cb=3125 audio=250.0s partials=0 | rec=0 | pipe=✅
[17:16:29.682] Pipe ricevuto: PING
[17:16:30.377] 💓 up=260s | cb=3250 audio=260.0s partials=0 | rec=0 | pipe=✅
[17:16:39.683] Pipe ricevuto: PING
[17:16:40.378] 💓 up=270s | cb=3375 audio=270.0s partials=0 | rec=0 | pipe=✅
[17:16:49.677] Pipe ricevuto: PING
[17:16:50.378] 💓 up=280s | cb=3500 audio=280.0s partials=0 | rec=0 | pipe=✅
[17:16:59.684] Pipe ricevuto: PING
[17:17:00.378] 💓 up=290s | cb=3625 audio=290.0s partials=0 | rec=0 | pipe=✅
[17:17:09.680] Pipe ricevuto: PING
[17:17:10.379] 💓 up=300s | cb=3750 audio=300.0s partials=0 | rec=0 | pipe=✅
[17:17:19.683] Pipe ricevuto: PING
[17:17:20.379] 💓 up=310s | cb=3875 audio=310.0s partials=0 | rec=0 | pipe=✅
[17:17:29.677] Pipe ricevuto: PING
[17:17:30.380] 💓 up=320s | cb=4000 audio=320.0s partials=0 | rec=0 | pipe=✅
[17:17:39.683] Pipe ricevuto: PING
[17:17:40.380] 💓 up=330s | cb=4125 audio=330.0s partials=0 | rec=0 | pipe=✅
[17:17:49.680] Pipe ricevuto: PING
[17:17:50.381] 💓 up=340s | cb=4250 audio=340.0s partials=0 | rec=0 | pipe=✅
[17:17:59.679] Pipe ricevuto: PING
[17:18:00.381] 💓 up=350s | cb=4375 audio=350.0s partials=0 | rec=0 | pipe=✅
[17:18:09.675] Pipe ricevuto: PING
[17:18:10.382] 💓 up=360s | cb=4500 audio=360.0s partials=0 | rec=0 | pipe=✅
[17:18:19.684] Pipe ricevuto: PING
[17:18:20.383] 💓 up=370s | cb=4625 audio=370.0s partials=0 | rec=0 | pipe=✅
[17:18:29.682] Pipe ricevuto: PING
[17:18:30.383] 💓 up=380s | cb=4750 audio=380.0s partials=0 | rec=0 | pipe=✅
[17:18:39.676] Pipe ricevuto: PING
[17:18:40.384] 💓 up=390s | cb=4875 audio=390.0s partials=0 | rec=0 | pipe=✅
[17:18:49.677] Pipe ricevuto: PING
[17:18:50.384] 💓 up=400s | cb=5000 audio=400.0s partials=0 | rec=0 | pipe=✅
[17:18:59.678] Pipe ricevuto: PING
[17:19:00.385] 💓 up=410s | cb=5125 audio=410.0s partials=0 | rec=0 | pipe=✅
[17:19:09.680] Pipe ricevuto: PING
[17:19:10.385] 💓 up=420s | cb=5250 audio=420.0s partials=0 | rec=0 | pipe=✅
[17:19:19.680] Pipe ricevuto: PING
[17:19:20.386] 💓 up=430s | cb=5375 audio=430.0s partials=0 | rec=0 | pipe=✅
[17:19:29.681] Pipe ricevuto: PING
[17:19:30.386] 💓 up=440s | cb=5500 audio=440.0s partials=0 | rec=0 | pipe=✅
[17:19:39.684] Pipe ricevuto: PING
[17:19:40.387] 💓 up=450s | cb=5625 audio=450.0s partials=0 | rec=0 | pipe=✅
[17:19:49.675] Pipe ricevuto: PING
[17:19:50.387] 💓 up=460s | cb=5750 audio=460.0s partials=0 | rec=0 | pipe=✅
[17:19:59.683] Pipe ricevuto: PING
[17:20:00.387] 💓 up=470s | cb=5875 audio=470.0s partials=0 | rec=0 | pipe=✅
[17:20:09.675] Pipe ricevuto: PING
[17:20:10.388] 💓 up=480s | cb=6000 audio=480.0s partials=0 | rec=0 | pipe=✅
[17:20:18.217]   🎯 [partial] RECOGNIZED:0.85:ingegnere
[17:20:19.679] Pipe ricevuto: PING
[17:20:19.817]   🎯 [partial] RECOGNIZED:0.85:danni
[17:20:20.388] 💓 up=490s | cb=6125 audio=490.0s partials=2 | rec=2 | pipe=✅
[17:20:29.681] Pipe ricevuto: PING
[17:20:30.389] 💓 up=500s | cb=6250 audio=500.0s partials=2 | rec=2 | pipe=✅
[17:20:39.680] Pipe ricevuto: PING
[17:20:40.390] 💓 up=510s | cb=6375 audio=510.0s partials=2 | rec=2 | pipe=✅
[17:20:49.683] Pipe ricevuto: PING
[17:20:50.390] 💓 up=520s | cb=6500 audio=520.0s partials=2 | rec=2 | pipe=✅
[17:20:59.674] Pipe ricevuto: PING
[17:21:00.391] 💓 up=530s | cb=6625 audio=530.0s partials=2 | rec=2 | pipe=✅
[17:21:09.684] Pipe ricevuto: PING
[17:21:10.391] 💓 up=540s | cb=6750 audio=540.0s partials=2 | rec=2 | pipe=✅
[17:21:19.678] Pipe ricevuto: PING
[17:21:20.391] 💓 up=550s | cb=6875 audio=550.0s partials=2 | rec=2 | pipe=✅
[17:21:29.683] Pipe ricevuto: PING
[17:21:30.392] 💓 up=560s | cb=7000 audio=560.0s partials=2 | rec=2 | pipe=✅
[17:21:39.674] Pipe ricevuto: PING
[17:21:40.393] 💓 up=570s | cb=7125 audio=570.0s partials=2 | rec=2 | pipe=✅
[17:21:49.677] Pipe ricevuto: PING
[17:21:50.393] 💓 up=580s | cb=7250 audio=580.0s partials=2 | rec=2 | pipe=✅
[17:21:59.679] Pipe ricevuto: PING
[17:22:00.394] 💓 up=590s | cb=7375 audio=590.0s partials=2 | rec=2 | pipe=✅
[17:22:09.674] Pipe ricevuto: PING
[17:22:10.394] 💓 up=600s | cb=7500 audio=600.0s partials=2 | rec=2 | pipe=✅
[17:22:19.682] Pipe ricevuto: PING
[17:22:20.395] 💓 up=610s | cb=7625 audio=610.0s partials=2 | rec=2 | pipe=✅
[17:22:29.678] Pipe ricevuto: PING
[17:22:30.395] 💓 up=620s | cb=7750 audio=620.0s partials=2 | rec=2 | pipe=✅
[17:22:39.684] Pipe ricevuto: PING
[17:22:40.396] 💓 up=630s | cb=7875 audio=630.0s partials=2 | rec=2 | pipe=✅
[17:22:49.677] Pipe ricevuto: PING
[17:22:50.396] 💓 up=640s | cb=8000 audio=640.0s partials=2 | rec=2 | pipe=✅
[17:22:59.684] Pipe ricevuto: PING
[17:23:00.397] 💓 up=650s | cb=8125 audio=650.0s partials=2 | rec=2 | pipe=✅
[17:23:09.683] Pipe ricevuto: PING
[17:23:10.397] 💓 up=660s | cb=8250 audio=660.0s partials=2 | rec=2 | pipe=✅
[17:23:19.679] Pipe ricevuto: PING
[17:23:20.398] 💓 up=670s | cb=8375 audio=670.0s partials=2 | rec=2 | pipe=✅
[17:23:29.681] Pipe ricevuto: PING
[17:23:30.398] 💓 up=680s | cb=8500 audio=680.0s partials=2 | rec=2 | pipe=✅
[17:23:39.680] Pipe ricevuto: PING
[17:23:40.399] 💓 up=690s | cb=8625 audio=690.0s partials=2 | rec=2 | pipe=✅
[17:23:49.684] Pipe ricevuto: PING
[17:23:50.400] 💓 up=700s | cb=8750 audio=700.0s partials=2 | rec=2 | pipe=✅
[17:23:59.676] Pipe ricevuto: PING
[17:24:00.400] 💓 up=710s | cb=8875 audio=710.0s partials=2 | rec=2 | pipe=✅
[17:24:09.677] Pipe ricevuto: PING
[17:24:10.400] 💓 up=720s | cb=9000 audio=720.0s partials=2 | rec=2 | pipe=✅
[17:24:19.677] Pipe ricevuto: PING
[17:24:20.401] 💓 up=730s | cb=9125 audio=730.0s partials=2 | rec=2 | pipe=✅
[17:24:29.683] Pipe ricevuto: PING
[17:24:30.401] 💓 up=740s | cb=9250 audio=740.0s partials=2 | rec=2 | pipe=✅
[17:24:39.680] Pipe ricevuto: PING
[17:24:40.402] 💓 up=750s | cb=9375 audio=750.0s partials=2 | rec=2 | pipe=✅
[17:24:49.682] Pipe ricevuto: PING
[17:24:50.402] 💓 up=760s | cb=9500 audio=760.0s partials=2 | rec=2 | pipe=✅
[17:24:59.674] Pipe ricevuto: PING
[17:25:00.403] 💓 up=770s | cb=9625 audio=770.0s partials=2 | rec=2 | pipe=✅
[17:25:09.676] Pipe ricevuto: PING
[17:25:10.403] 💓 up=780s | cb=9750 audio=780.0s partials=2 | rec=2 | pipe=✅
[17:25:19.678] Pipe ricevuto: PING
[17:25:20.404] 💓 up=790s | cb=9875 audio=790.0s partials=2 | rec=2 | pipe=✅
[17:25:29.683] Pipe ricevuto: PING
[17:25:30.404] 💓 up=800s | cb=10000 audio=800.0s partials=2 | rec=2 | pipe=✅
[17:25:39.685] Pipe ricevuto: PING
[17:25:40.405] 💓 up=810s | cb=10125 audio=810.0s partials=2 | rec=2 | pipe=✅
[17:25:49.684] Pipe ricevuto: PING
[17:25:50.405] 💓 up=820s | cb=10250 audio=820.0s partials=2 | rec=2 | pipe=✅
[17:25:59.680] Pipe ricevuto: PING
[17:26:00.406] 💓 up=830s | cb=10375 audio=830.0s partials=2 | rec=2 | pipe=✅
[17:26:09.685] Pipe ricevuto: PING
[17:26:10.406] 💓 up=840s | cb=10500 audio=840.0s partials=2 | rec=2 | pipe=✅
[17:26:19.676] Pipe ricevuto: PING
[17:26:20.406] 💓 up=850s | cb=10625 audio=850.0s partials=2 | rec=2 | pipe=✅
[17:26:29.677] Pipe ricevuto: PING
[17:26:30.407] 💓 up=860s | cb=10750 audio=860.0s partials=2 | rec=2 | pipe=✅
[17:26:39.681] Pipe ricevuto: PING
[17:26:40.408] 💓 up=870s | cb=10875 audio=870.0s partials=2 | rec=2 | pipe=✅
[17:26:49.682] Pipe ricevuto: PING
[17:26:50.408] 💓 up=880s | cb=11000 audio=880.0s partials=2 | rec=2 | pipe=✅
[17:26:59.681] Pipe ricevuto: PING
[17:27:00.409] 💓 up=890s | cb=11125 audio=890.0s partials=2 | rec=2 | pipe=✅
[17:27:09.677] Pipe ricevuto: PING
[17:27:10.409] 💓 up=900s | cb=11250 audio=900.0s partials=2 | rec=2 | pipe=✅
[17:27:19.678] Pipe ricevuto: PING
[17:27:20.410] 💓 up=910s | cb=11375 audio=910.0s partials=2 | rec=2 | pipe=✅
[17:27:29.676] Pipe ricevuto: PING
[17:27:30.411] 💓 up=920s | cb=11500 audio=920.0s partials=2 | rec=2 | pipe=✅
[17:27:39.684] Pipe ricevuto: PING
[17:27:40.411] 💓 up=930s | cb=11625 audio=930.0s partials=2 | rec=2 | pipe=✅
[17:27:49.683] Pipe ricevuto: PING
[17:27:50.412] 💓 up=940s | cb=11750 audio=940.0s partials=2 | rec=2 | pipe=✅
[17:27:59.682] Pipe ricevuto: PING
[17:28:00.412] 💓 up=950s | cb=11875 audio=950.0s partials=2 | rec=2 | pipe=✅
[17:28:09.682] Pipe ricevuto: PING
[17:28:10.412] 💓 up=960s | cb=12000 audio=960.0s partials=2 | rec=2 | pipe=✅
[17:28:19.682] Pipe ricevuto: PING
[17:28:20.413] 💓 up=970s | cb=12125 audio=970.0s partials=2 | rec=2 | pipe=✅
[17:28:29.681] Pipe ricevuto: PING
[17:28:30.413] 💓 up=980s | cb=12250 audio=980.0s partials=2 | rec=2 | pipe=✅
[17:28:39.678] Pipe ricevuto: PING
[17:28:40.414] 💓 up=990s | cb=12375 audio=990.0s partials=2 | rec=2 | pipe=✅
[17:28:49.683] Pipe ricevuto: PING
[17:28:50.414] 💓 up=1000s | cb=12500 audio=1000.0s partials=2 | rec=2 | pipe=✅
[17:28:59.677] Pipe ricevuto: PING
[17:29:00.415] 💓 up=1010s | cb=12625 audio=1010.0s partials=2 | rec=2 | pipe=✅
[17:29:09.678] Pipe ricevuto: PING
[17:29:10.415] 💓 up=1020s | cb=12750 audio=1020.0s partials=2 | rec=2 | pipe=✅
[17:29:19.677] Pipe ricevuto: PING
[17:29:20.416] 💓 up=1030s | cb=12875 audio=1030.0s partials=2 | rec=2 | pipe=✅
[17:29:29.682] Pipe ricevuto: PING
[17:29:30.417] 💓 up=1040s | cb=13000 audio=1040.0s partials=2 | rec=2 | pipe=✅
[17:29:39.675] Pipe ricevuto: PING
[17:29:40.417] 💓 up=1050s | cb=13125 audio=1050.0s partials=2 | rec=2 | pipe=✅
[17:29:49.675] Pipe ricevuto: PING
[17:29:50.418] 💓 up=1060s | cb=13250 audio=1060.0s partials=2 | rec=2 | pipe=✅
[17:29:59.680] Pipe ricevuto: PING
[17:30:00.419] 💓 up=1070s | cb=13375 audio=1070.0s partials=2 | rec=2 | pipe=✅
[17:30:09.679] Pipe ricevuto: PING
[17:30:10.419] 💓 up=1080s | cb=13500 audio=1080.0s partials=2 | rec=2 | pipe=✅
[17:30:19.684] Pipe ricevuto: PING
[17:30:20.419] 💓 up=1090s | cb=13625 audio=1090.0s partials=2 | rec=2 | pipe=✅
[17:30:29.675] Pipe ricevuto: PING
[17:30:30.420] 💓 up=1100s | cb=13750 audio=1100.0s partials=2 | rec=2 | pipe=✅
[17:30:39.685] Pipe ricevuto: PING
[17:30:40.420] 💓 up=1110s | cb=13875 audio=1110.0s partials=2 | rec=2 | pipe=✅
[17:30:49.676] Pipe ricevuto: PING
[17:30:50.421] 💓 up=1120s | cb=14000 audio=1120.0s partials=2 | rec=2 | pipe=✅
[17:30:59.679] Pipe ricevuto: PING
[17:31:00.421] 💓 up=1130s | cb=14125 audio=1130.0s partials=2 | rec=2 | pipe=✅
[17:31:09.679] Pipe ricevuto: PING
[17:31:10.422] 💓 up=1140s | cb=14250 audio=1140.0s partials=2 | rec=2 | pipe=✅
[17:31:19.676] Pipe ricevuto: PING
[17:31:20.422] 💓 up=1150s | cb=14375 audio=1150.0s partials=2 | rec=2 | pipe=✅
[17:31:29.680] Pipe ricevuto: PING
[17:31:30.423] 💓 up=1160s | cb=14500 audio=1160.0s partials=2 | rec=2 | pipe=✅
[17:31:39.677] Pipe ricevuto: PING
[17:31:40.424] 💓 up=1170s | cb=14625 audio=1170.0s partials=2 | rec=2 | pipe=✅
[17:31:49.675] Pipe ricevuto: PING
[17:31:50.424] 💓 up=1180s | cb=14750 audio=1180.0s partials=2 | rec=2 | pipe=✅
[17:31:59.680] Pipe ricevuto: PING
[17:32:00.425] 💓 up=1190s | cb=14875 audio=1190.0s partials=2 | rec=2 | pipe=✅
[17:32:09.674] Pipe ricevuto: PING
[17:32:10.425] 💓 up=1200s | cb=15000 audio=1200.0s partials=2 | rec=2 | pipe=✅
[17:32:19.680] Pipe ricevuto: PING
[17:32:20.426] 💓 up=1210s | cb=15125 audio=1210.0s partials=2 | rec=2 | pipe=✅
[17:32:29.678] Pipe ricevuto: PING
[17:32:30.426] 💓 up=1220s | cb=15250 audio=1220.0s partials=2 | rec=2 | pipe=✅
[17:32:39.679] Pipe ricevuto: PING
[17:32:40.427] 💓 up=1230s | cb=15375 audio=1230.0s partials=2 | rec=2 | pipe=✅
[17:32:49.680] Pipe ricevuto: PING
[17:32:50.428] 💓 up=1240s | cb=15500 audio=1240.0s partials=2 | rec=2 | pipe=✅
[17:32:59.681] Pipe ricevuto: PING
[17:33:00.428] 💓 up=1250s | cb=15625 audio=1250.0s partials=2 | rec=2 | pipe=✅
[17:33:09.674] Pipe ricevuto: PING
[17:33:10.429] 💓 up=1260s | cb=15750 audio=1260.0s partials=2 | rec=2 | pipe=✅
[17:33:19.678] Pipe ricevuto: PING
[17:33:20.429] 💓 up=1270s | cb=15875 audio=1270.0s partials=2 | rec=2 | pipe=✅
[17:33:29.680] Pipe ricevuto: PING
[17:33:30.430] 💓 up=1280s | cb=16000 audio=1280.0s partials=2 | rec=2 | pipe=✅
[17:33:39.680] Pipe ricevuto: PING
[17:33:40.430] 💓 up=1290s | cb=16125 audio=1290.0s partials=2 | rec=2 | pipe=✅
[17:33:49.677] Pipe ricevuto: PING
[17:33:50.430] 💓 up=1300s | cb=16250 audio=1300.0s partials=2 | rec=2 | pipe=✅
[17:33:59.677] Pipe ricevuto: PING
[17:34:00.431] 💓 up=1310s | cb=16375 audio=1310.0s partials=2 | rec=2 | pipe=✅
[17:34:09.677] Pipe ricevuto: PING
[17:34:10.432] 💓 up=1320s | cb=16500 audio=1320.0s partials=2 | rec=2 | pipe=✅
[17:34:19.681] Pipe ricevuto: PING
[17:34:20.432] 💓 up=1330s | cb=16625 audio=1330.0s partials=2 | rec=2 | pipe=✅
[17:34:29.681] Pipe ricevuto: PING
[17:34:30.433] 💓 up=1340s | cb=16750 audio=1340.0s partials=2 | rec=2 | pipe=✅
[17:34:39.677] Pipe ricevuto: PING
[17:34:40.433] 💓 up=1350s | cb=16875 audio=1350.0s partials=2 | rec=2 | pipe=✅
[17:34:49.682] Pipe ricevuto: PING
[17:34:50.434] 💓 up=1360s | cb=17000 audio=1360.0s partials=2 | rec=2 | pipe=✅
[17:34:59.679] Pipe ricevuto: PING
[17:35:00.434] 💓 up=1370s | cb=17125 audio=1370.0s partials=2 | rec=2 | pipe=✅
[17:35:09.681] Pipe ricevuto: PING
[17:35:10.435] 💓 up=1380s | cb=17250 audio=1380.0s partials=2 | rec=2 | pipe=✅
[17:35:19.684] Pipe ricevuto: PING
[17:35:20.435] 💓 up=1390s | cb=17375 audio=1390.0s partials=2 | rec=2 | pipe=✅
[17:35:25.211] Pipe ricevuto: STOP
[17:35:35.644] ============================================================
[17:35:35.644] MMCM Speech Helper — Python + Vosk v3.3 (EVO grammar)
[17:35:35.644] ============================================================
[17:35:35.644] Python: 3.12.7 (tags/v3.12.7:0b05ead, Oct  1 2024, 03:06:41) [MSC v.1941 64 bit (AMD64)]
[17:35:35.644] Processo: 64-bit
[17:35:35.645] PID: 36408
[17:35:35.645] ⚠️ SetPriorityClass ha restituito False
[17:35:35.645] Lingua richiesta: it
[17:35:35.645] ✅ Modello Vosk per lingua 'it': C:\Program Files (x86)\SimHub\MMCMSpeechHelper\model-it
[17:35:35.646] CommandMatcher: 84 comandi (it), 7 con varianti più lunghe
[17:35:35.646] Caricamento modello Vosk: C:\Program Files (x86)\SimHub\MMCMSpeechHelper\model-it
[17:35:35.927] Modello caricato in 0.3s
[17:35:35.927] Grammar: 84 comandi
[17:35:35.928] ✅ Vosk recognizer pronto!
[17:35:35.928] Pipe: in attesa connessione...
[17:35:35.928] Recognition loop avviato (thread priorità alta)
[17:35:35.929] Dispositivi audio input:
[17:35:35.929] Premi Ctrl+C per uscire
[17:35:35.929]   [0] Microsoft Sound Mapper - Input (ch: 2, sr: 44100Hz)
[17:35:35.929]   [1] Microfono (G06-BT) (ch: 1, sr: 44100Hz) ← DEFAULT
[17:35:35.929]   [9] Driver primario di acquisizione suoni (ch: 2, sr: 44100Hz)
[17:35:35.929]   [10] Microfono (G06-BT) (ch: 1, sr: 44100Hz)
[17:35:35.929]   [24] Microfono (G06-BT) (ch: 1, sr: 48000Hz)
[17:35:35.929]   [25] Linea in ingresso (Realtek HD Audio Line input) (ch: 2, sr: 44100Hz)
[17:35:35.929]   [26] Microfono (Realtek HD Audio Mic input) (ch: 2, sr: 44100Hz)
[17:35:35.929]   [28] Missaggio stereo (Realtek HD Audio Stereo input) (ch: 2, sr: 44100Hz)
[17:35:35.929]   [32] Input (SYSVAD Wave Speaker) (ch: 2, sr: 44100Hz)
[17:35:35.929]   [36] Microfono (G06-BT) (ch: 1, sr: 48000Hz)
[17:35:35.936] 🎤 Audio: 16000Hz mono, block=1280 (80ms), latency=low
[17:35:35.936] ✅ In ascolto! Parla...
[17:35:38.198] Pipe: connesso!
[17:35:45.212] Pipe ricevuto: PING
[17:35:45.929] 💓 up=10s | cb=124 audio=9.9s partials=0 | rec=0 | pipe=✅
[17:35:55.211] Pipe ricevuto: PING
[17:35:55.930] 💓 up=20s | cb=249 audio=19.9s partials=0 | rec=0 | pipe=✅
[17:36:05.207] Pipe ricevuto: PING
[17:36:05.931] 💓 up=30s | cb=374 audio=29.9s partials=0 | rec=0 | pipe=✅
[17:36:13.540]   🎯 [partial] RECOGNIZED:0.85:ingegnere
[17:36:14.421]   🎯 [partial] RECOGNIZED:0.85:danni
[17:36:15.210] Pipe ricevuto: PING
[17:36:15.931] 💓 up=40s | cb=499 audio=39.9s partials=2 | rec=2 | pipe=✅
[17:36:25.211] Pipe ricevuto: PING
[17:36:25.932] 💓 up=50s | cb=624 audio=49.9s partials=2 | rec=2 | pipe=✅
[17:36:35.212] Pipe ricevuto: PING
[17:36:35.933] 💓 up=60s | cb=749 audio=59.9s partials=2 | rec=2 | pipe=✅
[17:36:45.214] Pipe ricevuto: PING
[17:36:45.933] 💓 up=70s | cb=874 audio=69.9s partials=2 | rec=2 | pipe=✅
[17:36:55.212] Pipe ricevuto: PING
[17:36:55.934] 💓 up=80s | cb=999 audio=79.9s partials=2 | rec=2 | pipe=✅
[17:37:05.214] Pipe ricevuto: PING
[17:37:05.934] 💓 up=90s | cb=1124 audio=89.9s partials=2 | rec=2 | pipe=✅
[17:37:15.210] Pipe ricevuto: PING
[17:37:15.935] 💓 up=100s | cb=1249 audio=99.9s partials=2 | rec=2 | pipe=✅
[17:37:25.211] Pipe ricevuto: PING
[17:37:25.935] 💓 up=110s | cb=1374 audio=109.9s partials=2 | rec=2 | pipe=✅
[17:37:35.214] Pipe ricevuto: PING
[17:37:35.936] 💓 up=120s | cb=1499 audio=119.9s partials=2 | rec=2 | pipe=✅
[17:37:45.210] Pipe ricevuto: PING
[17:37:45.936] 💓 up=130s | cb=1624 audio=129.9s partials=2 | rec=2 | pipe=✅
[17:37:55.213] Pipe ricevuto: PING
[17:37:55.937] 💓 up=140s | cb=1749 audio=139.9s partials=2 | rec=2 | pipe=✅
[17:38:05.211] Pipe ricevuto: PING
[17:38:05.938] 💓 up=150s | cb=1875 audio=150.0s partials=2 | rec=2 | pipe=✅
[17:38:15.209] Pipe ricevuto: PING
[17:38:15.938] 💓 up=160s | cb=2000 audio=160.0s partials=2 | rec=2 | pipe=✅
[17:38:25.209] Pipe ricevuto: PING
[17:38:25.938] 💓 up=170s | cb=2125 audio=170.0s partials=2 | rec=2 | pipe=✅
[17:38:35.209] Pipe ricevuto: PING
[17:38:35.939] 💓 up=180s | cb=2250 audio=180.0s partials=2 | rec=2 | pipe=✅
[17:38:45.211] Pipe ricevuto: PING
[17:38:45.940] 💓 up=190s | cb=2375 audio=190.0s partials=2 | rec=2 | pipe=✅
[17:38:55.215] Pipe ricevuto: PING
[17:38:55.940] 💓 up=200s | cb=2500 audio=200.0s partials=2 | rec=2 | pipe=✅
[17:39:05.207] Pipe ricevuto: PING
[17:39:05.941] 💓 up=210s | cb=2625 audio=210.0s partials=2 | rec=2 | pipe=✅
[17:39:15.206] Pipe ricevuto: PING
[17:39:15.941] 💓 up=220s | cb=2750 audio=220.0s partials=2 | rec=2 | pipe=✅
[17:39:25.207] Pipe ricevuto: PING
[17:39:25.941] 💓 up=230s | cb=2875 audio=230.0s partials=2 | rec=2 | pipe=✅
[17:39:35.213] Pipe ricevuto: PING
[17:39:35.942] 💓 up=240s | cb=3000 audio=240.0s partials=2 | rec=2 | pipe=✅
[17:39:45.212] Pipe ricevuto: PING
[17:39:45.943] 💓 up=250s | cb=3125 audio=250.0s partials=2 | rec=2 | pipe=✅
[17:39:55.207] Pipe ricevuto: PING
[17:39:55.943] 💓 up=260s | cb=3250 audio=260.0s partials=2 | rec=2 | pipe=✅
[17:40:05.213] Pipe ricevuto: PING
[17:40:05.943] 💓 up=270s | cb=3375 audio=270.0s partials=2 | rec=2 | pipe=✅
[17:40:15.215] Pipe ricevuto: PING
[17:40:15.944] 💓 up=280s | cb=3500 audio=280.0s partials=2 | rec=2 | pipe=✅
[17:40:25.211] Pipe ricevuto: PING
[17:40:25.944] 💓 up=290s | cb=3625 audio=290.0s partials=2 | rec=2 | pipe=✅
[17:40:35.214] Pipe ricevuto: PING
[17:40:35.945] 💓 up=300s | cb=3750 audio=300.0s partials=2 | rec=2 | pipe=✅
[17:40:45.209] Pipe ricevuto: PING
[17:40:45.945] 💓 up=310s | cb=3875 audio=310.0s partials=2 | rec=2 | pipe=✅
[17:40:55.215] Pipe ricevuto: PING
[17:40:55.946] 💓 up=320s | cb=4000 audio=320.0s partials=2 | rec=2 | pipe=✅
[17:41:05.213] Pipe ricevuto: PING
[17:41:05.946] 💓 up=330s | cb=4125 audio=330.0s partials=2 | rec=2 | pipe=✅
[17:41:15.207] Pipe ricevuto: PING
[17:41:15.947] 💓 up=340s | cb=4250 audio=340.0s partials=2 | rec=2 | pipe=✅
[17:41:25.208] Pipe ricevuto: PING
[17:41:25.947] 💓 up=350s | cb=4375 audio=350.0s partials=2 | rec=2 | pipe=✅
[17:41:35.209] Pipe ricevuto: PING
[17:41:35.948] 💓 up=360s | cb=4500 audio=360.0s partials=2 | rec=2 | pipe=✅
[17:41:45.216] Pipe ricevuto: PING
[17:41:45.948] 💓 up=370s | cb=4625 audio=370.0s partials=2 | rec=2 | pipe=✅
[17:41:55.208] Pipe ricevuto: PING
[17:41:55.949] 💓 up=380s | cb=4750 audio=380.0s partials=2 | rec=2 | pipe=✅
[17:42:05.205] Pipe ricevuto: PING
[17:42:05.950] 💓 up=390s | cb=4875 audio=390.0s partials=2 | rec=2 | pipe=✅
[17:42:15.212] Pipe ricevuto: PING
[17:42:15.950] 💓 up=400s | cb=5000 audio=400.0s partials=2 | rec=2 | pipe=✅
[17:42:25.212] Pipe ricevuto: PING
[17:42:25.951] 💓 up=410s | cb=5125 audio=410.0s partials=2 | rec=2 | pipe=✅
[17:42:35.210] Pipe ricevuto: PING
[17:42:35.951] 💓 up=420s | cb=5250 audio=420.0s partials=2 | rec=2 | pipe=✅
[17:42:42.919] Pipe ricevuto: STOP
[17:56:46.412] ============================================================
[17:56:46.412] MMCM Speech Helper — Python + Vosk v3.3 (EVO grammar)
[17:56:46.412] ============================================================
[17:56:46.412] Python: 3.12.7 (tags/v3.12.7:0b05ead, Oct  1 2024, 03:06:41) [MSC v.1941 64 bit (AMD64)]
[17:56:46.413] Processo: 64-bit
[17:56:46.413] PID: 27220
[17:56:46.413] ⚠️ SetPriorityClass ha restituito False
[17:56:46.413] Lingua richiesta: it
[17:56:46.413] ✅ Modello Vosk per lingua 'it': C:\Program Files (x86)\SimHub\MMCMSpeechHelper\model-it
[17:56:46.414] CommandMatcher: 84 comandi (it), 7 con varianti più lunghe
[17:56:46.414] Caricamento modello Vosk: C:\Program Files (x86)\SimHub\MMCMSpeechHelper\model-it
[17:56:46.693] Modello caricato in 0.3s
[17:56:46.693] Grammar: 84 comandi
[17:56:46.694] ✅ Vosk recognizer pronto!
[17:56:46.694] Pipe: in attesa connessione...
[17:56:46.694] Recognition loop avviato (thread priorità alta)
[17:56:46.695] Dispositivi audio input:
[17:56:46.695] Premi Ctrl+C per uscire
[17:56:46.695]   [0] Microsoft Sound Mapper - Input (ch: 2, sr: 44100Hz)
[17:56:46.696]   [1] Microfono (G06-BT) (ch: 1, sr: 44100Hz) ← DEFAULT
[17:56:46.696]   [9] Driver primario di acquisizione suoni (ch: 2, sr: 44100Hz)
[17:56:46.696]   [10] Microfono (G06-BT) (ch: 1, sr: 44100Hz)
[17:56:46.696]   [24] Microfono (G06-BT) (ch: 1, sr: 48000Hz)
[17:56:46.696]   [25] Linea in ingresso (Realtek HD Audio Line input) (ch: 2, sr: 44100Hz)
[17:56:46.696]   [26] Microfono (Realtek HD Audio Mic input) (ch: 2, sr: 44100Hz)
[17:56:46.696]   [28] Missaggio stereo (Realtek HD Audio Stereo input) (ch: 2, sr: 44100Hz)
[17:56:46.696]   [32] Input (SYSVAD Wave Speaker) (ch: 2, sr: 44100Hz)
[17:56:46.696]   [36] Microfono (G06-BT) (ch: 1, sr: 48000Hz)
[17:56:46.703] 🎤 Audio: 16000Hz mono, block=1280 (80ms), latency=low
[17:56:46.703] ✅ In ascolto! Parla...
[17:56:48.970] Pipe: connesso!
[17:56:55.990] Pipe ricevuto: PING
[17:56:56.696] 💓 up=10s | cb=124 audio=9.9s partials=0 | rec=0 | pipe=✅
[17:57:05.987] Pipe ricevuto: PING
[17:57:06.696] 💓 up=20s | cb=249 audio=19.9s partials=0 | rec=0 | pipe=✅
[17:57:15.995] Pipe ricevuto: PING
[17:57:16.697] 💓 up=30s | cb=374 audio=29.9s partials=0 | rec=0 | pipe=✅
[17:57:25.993] Pipe ricevuto: PING
[17:57:26.697] 💓 up=40s | cb=499 audio=39.9s partials=0 | rec=0 | pipe=✅
[17:57:35.995] Pipe ricevuto: PING
[17:57:36.698] 💓 up=50s | cb=624 audio=49.9s partials=0 | rec=0 | pipe=✅
[17:57:45.988] Pipe ricevuto: PING
[17:57:46.698] 💓 up=60s | cb=749 audio=59.9s partials=0 | rec=0 | pipe=✅
[17:57:55.995] Pipe ricevuto: PING
[17:57:56.474]   🎯 [partial] RECOGNIZED:0.85:ingegnere
[17:57:56.698] 💓 up=70s | cb=874 audio=69.9s partials=1 | rec=1 | pipe=✅
[17:57:57.354]   🎯 [partial] RECOGNIZED:0.85:danni
[17:58:05.993] Pipe ricevuto: PING
[17:58:06.699] 💓 up=80s | cb=999 audio=79.9s partials=2 | rec=2 | pipe=✅
[17:58:15.988] Pipe ricevuto: PING
[17:58:16.700] 💓 up=90s | cb=1124 audio=89.9s partials=2 | rec=2 | pipe=✅
[17:58:25.992] Pipe ricevuto: PING
[17:58:26.700] 💓 up=100s | cb=1249 audio=99.9s partials=2 | rec=2 | pipe=✅
[17:58:35.994] Pipe ricevuto: PING
[17:58:36.700] 💓 up=110s | cb=1374 audio=109.9s partials=2 | rec=2 | pipe=✅
[17:58:45.997] Pipe ricevuto: PING
[17:58:46.701] 💓 up=120s | cb=1499 audio=119.9s partials=2 | rec=2 | pipe=✅
[17:58:55.989] Pipe ricevuto: PING
[17:58:56.701] 💓 up=130s | cb=1624 audio=129.9s partials=2 | rec=2 | pipe=✅
[17:58:59.914]   🎯 [partial] RECOGNIZED:0.85:dammi tutto
[17:59:01.514]   🎯 [partial] RECOGNIZED:0.85:ingegnere
[17:59:03.834]   🎯 [partial] RECOGNIZED:0.85:gomme
[17:59:05.993] Pipe ricevuto: PING
[17:59:06.702] 💓 up=140s | cb=1749 audio=139.9s partials=5 | rec=5 | pipe=✅
[17:59:15.991] Pipe ricevuto: PING
[17:59:16.703] 💓 up=150s | cb=1874 audio=149.9s partials=5 | rec=5 | pipe=✅
[17:59:21.274]   🎯 [partial] RECOGNIZED:0.85:ingegnere
[17:59:22.394]   ... "danni"
[17:59:22.394]   🎯 [partial] RECOGNIZED:0.85:danni
[17:59:25.988] Pipe ricevuto: PING
[17:59:26.703] 💓 up=160s | cb=1999 audio=159.9s partials=10 | rec=7 | pipe=✅
[17:59:34.074]   🎯 [partial] RECOGNIZED:0.85:ingegnere
[17:59:35.991] Pipe ricevuto: PING
[17:59:36.703] 💓 up=170s | cb=2124 audio=169.9s partials=11 | rec=8 | pipe=✅
[17:59:38.074]   🎯 [partial] RECOGNIZED:0.85:ingegnere
[17:59:38.954]   🎯 [partial] RECOGNIZED:0.85:danni
[17:59:45.991] Pipe ricevuto: PING
[17:59:46.704] 💓 up=180s | cb=2249 audio=179.9s partials=13 | rec=10 | pipe=✅
[17:59:55.993] Pipe ricevuto: PING
[17:59:56.705] 💓 up=190s | cb=2374 audio=189.9s partials=13 | rec=10 | pipe=✅
[18:00:05.992] Pipe ricevuto: PING
[18:00:06.706] 💓 up=200s | cb=2499 audio=199.9s partials=13 | rec=10 | pipe=✅
[18:00:15.987] Pipe ricevuto: PING
[18:00:16.706] 💓 up=210s | cb=2624 audio=209.9s partials=13 | rec=10 | pipe=✅
[18:00:25.989] Pipe ricevuto: PING
[18:00:26.706] 💓 up=220s | cb=2749 audio=219.9s partials=13 | rec=10 | pipe=✅
[18:00:29.754]   🎯 [partial] RECOGNIZED:0.85:ingegnere
[18:00:30.874]   🎯 [partial] RECOGNIZED:0.85:motore
[18:00:35.996] Pipe ricevuto: PING
[18:00:36.707] 💓 up=230s | cb=2874 audio=229.9s partials=15 | rec=12 | pipe=✅
[18:00:45.987] Pipe ricevuto: PING
[18:00:46.708] 💓 up=240s | cb=2999 audio=239.9s partials=15 | rec=12 | pipe=✅
[18:00:55.997] Pipe ricevuto: PING
[18:00:56.708] 💓 up=250s | cb=3124 audio=249.9s partials=15 | rec=12 | pipe=✅
[18:01:05.994] Pipe ricevuto: PING
[18:01:06.709] 💓 up=260s | cb=3249 audio=259.9s partials=15 | rec=12 | pipe=✅
[18:01:13.034]   🎯 [partial] RECOGNIZED:0.85:ingegnere
[18:01:14.393]   ... "giro"
[18:01:14.874]   📝 Finale: "giro"
[18:01:15.993] Pipe ricevuto: PING
[18:01:16.709] 💓 up=270s | cb=3374 audio=269.9s partials=25 | rec=13 | pipe=✅
[18:01:16.794]   🎯 [partial] RECOGNIZED:0.85:passo
[18:01:18.154]   ⏳ Pending: "media" (attendo variante lunga, 800ms)
[18:01:18.393]   ... "media"
[18:01:18.874]   📝 Finale: "media"
[18:01:18.874]   🎯 [final] RECOGNIZED:0.85:media
[18:01:25.990] Pipe ricevuto: PING
[18:01:26.709] 💓 up=280s | cb=3499 audio=279.9s partials=35 | rec=15 | pipe=✅
[18:01:35.988] Pipe ricevuto: PING
[18:01:36.710] 💓 up=290s | cb=3624 audio=289.9s partials=35 | rec=15 | pipe=✅
[18:01:45.995] Pipe ricevuto: PING
[18:01:46.710] 💓 up=300s | cb=3750 audio=300.0s partials=35 | rec=15 | pipe=✅
[18:01:55.994]   🎯 [partial] RECOGNIZED:0.85:ingegnere
[18:01:55.995] Pipe ricevuto: PING
[18:01:56.711] 💓 up=310s | cb=3875 audio=310.0s partials=36 | rec=16 | pipe=✅
[18:01:56.874]   🎯 [partial] RECOGNIZED:0.85:danni
[18:02:05.993] Pipe ricevuto: PING
[18:02:06.711] 💓 up=320s | cb=4000 audio=320.0s partials=37 | rec=17 | pipe=✅
[18:02:15.991] Pipe ricevuto: PING
[18:02:16.712] 💓 up=330s | cb=4125 audio=330.0s partials=37 | rec=17 | pipe=✅
[18:02:25.993] Pipe ricevuto: PING
[18:02:26.712] 💓 up=340s | cb=4250 audio=340.0s partials=37 | rec=17 | pipe=✅
[18:02:35.194]   ⏳ Pending: "distacco" (attendo variante lunga, 800ms)
[18:02:35.350]   ... "distacco"
[18:02:35.434]   ↑ Upgrade: "distacco" → "pressioni"
[18:02:35.434]   🎯 [partial+upgrade] RECOGNIZED:0.85:pressioni
[18:02:35.989] Pipe ricevuto: PING
[18:02:36.074]   🎯 [partial] RECOGNIZED:0.85:danni
[18:02:36.712] 💓 up=350s | cb=4375 audio=350.0s partials=42 | rec=19 | pipe=✅
[18:02:45.992] Pipe ricevuto: PING
[18:02:46.713] 💓 up=360s | cb=4500 audio=360.0s partials=42 | rec=19 | pipe=✅
[18:02:55.990] Pipe ricevuto: PING
[18:02:56.713] 💓 up=370s | cb=4625 audio=370.0s partials=42 | rec=19 | pipe=✅
[18:03:05.990] Pipe ricevuto: PING
[18:03:06.714] 💓 up=380s | cb=4750 audio=380.0s partials=42 | rec=19 | pipe=✅
[18:03:13.434]   🎯 [partial] RECOGNIZED:0.85:ingegnere
[18:03:15.274]   🎯 [partial] RECOGNIZED:0.85:danni
[18:03:15.990] Pipe ricevuto: PING
[18:03:16.714] 💓 up=390s | cb=4875 audio=390.0s partials=44 | rec=21 | pipe=✅
[18:03:25.994] Pipe ricevuto: PING
[18:03:26.714] 💓 up=400s | cb=5000 audio=400.0s partials=44 | rec=21 | pipe=✅
[18:03:35.997] Pipe ricevuto: PING
[18:03:36.715] 💓 up=410s | cb=5125 audio=410.0s partials=44 | rec=21 | pipe=✅
[18:03:45.994] Pipe ricevuto: PING
[18:03:46.715] 💓 up=420s | cb=5250 audio=420.0s partials=44 | rec=21 | pipe=✅
[18:03:55.995] Pipe ricevuto: PING
[18:03:56.716] 💓 up=430s | cb=5375 audio=430.0s partials=44 | rec=21 | pipe=✅
[18:04:05.987] Pipe ricevuto: PING
[18:04:06.716] 💓 up=440s | cb=5500 audio=440.0s partials=44 | rec=21 | pipe=✅
[18:04:15.994] Pipe ricevuto: PING
[18:04:16.717] 💓 up=450s | cb=5625 audio=450.0s partials=44 | rec=21 | pipe=✅
[18:04:25.990] Pipe ricevuto: PING
[18:04:26.717] 💓 up=460s | cb=5750 audio=460.0s partials=44 | rec=21 | pipe=✅
[18:04:35.996] Pipe ricevuto: PING
[18:04:36.718] 💓 up=470s | cb=5875 audio=470.0s partials=44 | rec=21 | pipe=✅
[18:04:45.994] Pipe ricevuto: PING
[18:04:46.718] 💓 up=480s | cb=6000 audio=480.0s partials=44 | rec=21 | pipe=✅
[18:04:55.992] Pipe ricevuto: PING
[18:04:56.719] 💓 up=490s | cb=6125 audio=490.0s partials=44 | rec=21 | pipe=✅
[18:05:05.994] Pipe ricevuto: PING
[18:05:06.719] 💓 up=500s | cb=6250 audio=500.0s partials=44 | rec=21 | pipe=✅
[18:05:15.990] Pipe ricevuto: PING
[18:05:16.720] 💓 up=510s | cb=6375 audio=510.0s partials=44 | rec=21 | pipe=✅
[18:05:25.992] Pipe ricevuto: PING
[18:05:26.720] 💓 up=520s | cb=6500 audio=520.0s partials=44 | rec=21 | pipe=✅
[18:05:35.987] Pipe ricevuto: PING
[18:05:36.721] 💓 up=530s | cb=6625 audio=530.0s partials=44 | rec=21 | pipe=✅
[18:05:45.997] Pipe ricevuto: PING
[18:05:46.721] 💓 up=540s | cb=6750 audio=540.0s partials=44 | rec=21 | pipe=✅
[18:05:55.991] Pipe ricevuto: PING
[18:05:56.722] 💓 up=550s | cb=6875 audio=550.0s partials=44 | rec=21 | pipe=✅
[18:06:05.989] Pipe ricevuto: PING
[18:06:06.722] 💓 up=560s | cb=7000 audio=560.0s partials=44 | rec=21 | pipe=✅
[18:06:15.992] Pipe ricevuto: PING
[18:06:16.723] 💓 up=570s | cb=7125 audio=570.0s partials=44 | rec=21 | pipe=✅
[18:06:25.987] Pipe ricevuto: PING
[18:06:26.723] 💓 up=580s | cb=7250 audio=580.0s partials=44 | rec=21 | pipe=✅
[18:06:35.995] Pipe ricevuto: PING
[18:06:36.723] 💓 up=590s | cb=7375 audio=590.0s partials=44 | rec=21 | pipe=✅
[18:06:39.194]   🎯 [partial] RECOGNIZED:0.85:ingegnere
[18:06:40.074]   🎯 [partial] RECOGNIZED:0.85:danni
[18:06:45.994] Pipe ricevuto: PING
[18:06:46.724] 💓 up=600s | cb=7500 audio=600.0s partials=46 | rec=23 | pipe=✅
[18:06:55.353]   ... "ingegnere"
[18:06:55.353]   🎯 [partial] RECOGNIZED:0.85:ingegnere
[18:06:55.991] Pipe ricevuto: PING
[18:06:56.234]   🎯 [partial] RECOGNIZED:0.85:danni
[18:06:56.724] 💓 up=610s | cb=7625 audio=610.0s partials=51 | rec=25 | pipe=✅
[18:07:05.990] Pipe ricevuto: PING
[18:07:06.725] 💓 up=620s | cb=7750 audio=620.0s partials=51 | rec=25 | pipe=✅
[18:07:15.990] Pipe ricevuto: PING
[18:07:16.725] 💓 up=630s | cb=7875 audio=630.0s partials=51 | rec=25 | pipe=✅
[18:07:25.987] Pipe ricevuto: PING
[18:07:26.726] 💓 up=640s | cb=8000 audio=640.0s partials=51 | rec=25 | pipe=✅
[18:07:35.994] Pipe ricevuto: PING
[18:07:36.727] 💓 up=650s | cb=8125 audio=650.0s partials=51 | rec=25 | pipe=✅
[18:07:45.987] Pipe ricevuto: PING
[18:07:46.727] 💓 up=660s | cb=8250 audio=660.0s partials=51 | rec=25 | pipe=✅
[18:07:55.997] Pipe ricevuto: PING
[18:07:56.728] 💓 up=670s | cb=8375 audio=670.0s partials=51 | rec=25 | pipe=✅
[18:08:05.997] Pipe ricevuto: PING
[18:08:06.728] 💓 up=680s | cb=8500 audio=680.0s partials=51 | rec=25 | pipe=✅
[18:08:15.994] Pipe ricevuto: PING
[18:08:16.729] 💓 up=690s | cb=8625 audio=690.0s partials=51 | rec=25 | pipe=✅
[18:08:25.992] Pipe ricevuto: PING
[18:08:26.729] 💓 up=700s | cb=8750 audio=700.0s partials=51 | rec=25 | pipe=✅
[18:08:35.994] Pipe ricevuto: PING
[18:08:36.730] 💓 up=710s | cb=8875 audio=710.0s partials=51 | rec=25 | pipe=✅
[18:08:45.987] Pipe ricevuto: PING
[18:08:46.730] 💓 up=720s | cb=9000 audio=720.0s partials=51 | rec=25 | pipe=✅
[18:08:55.987] Pipe ricevuto: PING
[18:08:56.731] 💓 up=730s | cb=9125 audio=730.0s partials=51 | rec=25 | pipe=✅
[18:09:05.992] Pipe ricevuto: PING
[18:09:06.732] 💓 up=740s | cb=9250 audio=740.0s partials=51 | rec=25 | pipe=✅
[18:09:15.996] Pipe ricevuto: PING
[18:09:16.732] 💓 up=750s | cb=9375 audio=750.0s partials=51 | rec=25 | pipe=✅
[18:09:25.990] Pipe ricevuto: PING
[18:09:26.733] 💓 up=760s | cb=9500 audio=760.0s partials=51 | rec=25 | pipe=✅
[18:09:35.994] Pipe ricevuto: PING
[18:09:36.733] 💓 up=770s | cb=9625 audio=770.0s partials=51 | rec=25 | pipe=✅
[18:09:45.993] Pipe ricevuto: PING
[18:09:46.734] 💓 up=780s | cb=9750 audio=780.0s partials=51 | rec=25 | pipe=✅
[18:09:55.990] Pipe ricevuto: PING
[18:09:56.734] 💓 up=790s | cb=9875 audio=790.0s partials=51 | rec=25 | pipe=✅
[18:10:05.996] Pipe ricevuto: PING
[18:10:06.735] 💓 up=800s | cb=10000 audio=800.0s partials=51 | rec=25 | pipe=✅
[18:10:15.991] Pipe ricevuto: PING
[18:10:16.735] 💓 up=810s | cb=10125 audio=810.0s partials=51 | rec=25 | pipe=✅
[18:10:25.990] Pipe ricevuto: PING
[18:10:26.736] 💓 up=820s | cb=10250 audio=820.0s partials=51 | rec=25 | pipe=✅
[18:10:35.990] Pipe ricevuto: PING
[18:10:36.736] 💓 up=830s | cb=10375 audio=830.0s partials=51 | rec=25 | pipe=✅
[18:10:45.988] Pipe ricevuto: PING
[18:10:46.737] 💓 up=840s | cb=10500 audio=840.0s partials=51 | rec=25 | pipe=✅
[18:10:55.991] Pipe ricevuto: PING
[18:10:56.737] 💓 up=850s | cb=10625 audio=850.0s partials=51 | rec=25 | pipe=✅
[18:11:05.997] Pipe ricevuto: PING
[18:11:06.738] 💓 up=860s | cb=10750 audio=860.0s partials=51 | rec=25 | pipe=✅
[18:11:15.995] Pipe ricevuto: PING
[18:11:16.739] 💓 up=870s | cb=10875 audio=870.0s partials=51 | rec=25 | pipe=✅
[18:11:22.314]   🎯 [partial] RECOGNIZED:0.85:ingegnere
[18:11:23.674]   🎯 [partial] RECOGNIZED:0.85:danni
[18:11:25.989] Pipe ricevuto: PING
[18:11:26.739] 💓 up=880s | cb=11000 audio=880.0s partials=53 | rec=27 | pipe=✅
[18:11:35.988] Pipe ricevuto: PING
[18:11:36.739] 💓 up=890s | cb=11125 audio=890.0s partials=53 | rec=27 | pipe=✅
[18:11:45.997] Pipe ricevuto: PING
[18:11:46.740] 💓 up=900s | cb=11250 audio=900.0s partials=53 | rec=27 | pipe=✅
[18:11:55.996] Pipe ricevuto: PING
[18:11:56.741] 💓 up=910s | cb=11375 audio=910.0s partials=53 | rec=27 | pipe=✅
[18:11:57.914]   🎯 [partial] RECOGNIZED:0.85:meteo
[18:11:59.514]   🎯 [partial] RECOGNIZED:0.85:ingegnere
[18:12:00.394]   ⏳ Pending: "media" (attendo variante lunga, 800ms)
[18:12:00.470]   ... "media"
[18:12:01.114]   📝 Finale: "media"
[18:12:01.114]   🎯 [final] RECOGNIZED:0.85:media
[18:12:05.987] Pipe ricevuto: PING
[18:12:06.554]   🎯 [partial] RECOGNIZED:0.85:meteo
[18:12:06.741] 💓 up=920s | cb=11500 audio=920.0s partials=68 | rec=31 | pipe=✅
[18:12:15.989] Pipe ricevuto: PING
[18:12:16.742] 💓 up=930s | cb=11625 audio=930.0s partials=68 | rec=31 | pipe=✅
[18:12:25.994] Pipe ricevuto: PING
[18:12:26.742] 💓 up=940s | cb=11750 audio=940.0s partials=68 | rec=31 | pipe=✅
[18:12:35.991] Pipe ricevuto: PING
[18:12:36.742] 💓 up=950s | cb=11875 audio=950.0s partials=68 | rec=31 | pipe=✅
[18:12:45.996] Pipe ricevuto: PING
[18:12:46.743] 💓 up=960s | cb=12000 audio=960.0s partials=68 | rec=31 | pipe=✅
[18:12:55.992] Pipe ricevuto: PING
[18:12:56.743] 💓 up=970s | cb=12125 audio=970.0s partials=68 | rec=31 | pipe=✅
[18:13:05.993] Pipe ricevuto: PING
[18:13:06.744] 💓 up=980s | cb=12250 audio=980.0s partials=68 | rec=31 | pipe=✅
[18:13:15.993] Pipe ricevuto: PING
[18:13:16.745] 💓 up=990s | cb=12375 audio=990.0s partials=68 | rec=31 | pipe=✅
[18:13:25.993] Pipe ricevuto: PING
[18:13:26.745] 💓 up=1000s | cb=12500 audio=1000.0s partials=68 | rec=31 | pipe=✅
[18:13:35.995] Pipe ricevuto: PING
[18:13:36.745] 💓 up=1010s | cb=12625 audio=1010.0s partials=68 | rec=31 | pipe=✅
[18:13:45.994] Pipe ricevuto: PING
[18:13:46.746] 💓 up=1020s | cb=12750 audio=1020.0s partials=68 | rec=31 | pipe=✅
[18:13:55.988] Pipe ricevuto: PING
[18:13:56.747] 💓 up=1030s | cb=12875 audio=1030.0s partials=68 | rec=31 | pipe=✅
[18:14:05.989] Pipe ricevuto: PING
[18:14:06.747] 💓 up=1040s | cb=13000 audio=1040.0s partials=68 | rec=31 | pipe=✅
[18:14:15.988] Pipe ricevuto: PING
[18:14:16.748] 💓 up=1050s | cb=13125 audio=1050.0s partials=68 | rec=31 | pipe=✅
[18:14:25.991] Pipe ricevuto: PING
[18:14:26.748] 💓 up=1060s | cb=13250 audio=1060.0s partials=68 | rec=31 | pipe=✅
[18:14:35.991] Pipe ricevuto: PING
[18:14:36.748] 💓 up=1070s | cb=13375 audio=1070.0s partials=68 | rec=31 | pipe=✅
[18:14:45.988] Pipe ricevuto: PING
[18:14:46.749] 💓 up=1080s | cb=13500 audio=1080.0s partials=68 | rec=31 | pipe=✅
[18:14:55.995] Pipe ricevuto: PING
[18:14:56.749] 💓 up=1090s | cb=13625 audio=1090.0s partials=68 | rec=31 | pipe=✅
[18:15:05.992] Pipe ricevuto: PING
[18:15:06.749] 💓 up=1100s | cb=13750 audio=1100.0s partials=68 | rec=31 | pipe=✅
[18:15:15.995] Pipe ricevuto: PING
[18:15:16.750] 💓 up=1110s | cb=13875 audio=1110.0s partials=68 | rec=31 | pipe=✅
[18:15:25.997] Pipe ricevuto: PING
[18:15:26.750] 💓 up=1120s | cb=14000 audio=1120.0s partials=68 | rec=31 | pipe=✅
[18:15:35.993] Pipe ricevuto: PING
[18:15:36.751] 💓 up=1130s | cb=14125 audio=1130.0s partials=68 | rec=31 | pipe=✅
[18:15:45.990] Pipe ricevuto: PING
[18:15:46.751] 💓 up=1140s | cb=14250 audio=1140.0s partials=68 | rec=31 | pipe=✅
[18:15:55.989] Pipe ricevuto: PING
[18:15:56.752] 💓 up=1150s | cb=14375 audio=1150.0s partials=68 | rec=31 | pipe=✅
[18:16:05.994] Pipe ricevuto: PING
[18:16:06.752] 💓 up=1160s | cb=14500 audio=1160.0s partials=68 | rec=31 | pipe=✅
[18:16:15.991] Pipe ricevuto: PING
[18:16:16.753] 💓 up=1170s | cb=14625 audio=1170.0s partials=68 | rec=31 | pipe=✅
[18:16:25.997] Pipe ricevuto: PING
[18:16:26.754] 💓 up=1180s | cb=14750 audio=1180.0s partials=68 | rec=31 | pipe=✅
[18:16:35.996] Pipe ricevuto: PING
[18:16:36.754] 💓 up=1190s | cb=14875 audio=1190.0s partials=68 | rec=31 | pipe=✅
[18:16:45.990] Pipe ricevuto: PING
[18:16:46.754] 💓 up=1200s | cb=15000 audio=1200.0s partials=68 | rec=31 | pipe=✅
[18:16:55.996] Pipe ricevuto: PING
[18:16:56.755] 💓 up=1210s | cb=15125 audio=1210.0s partials=68 | rec=31 | pipe=✅
[18:17:05.992] Pipe ricevuto: PING
[18:17:06.756] 💓 up=1220s | cb=15250 audio=1220.0s partials=68 | rec=31 | pipe=✅
[18:17:15.990] Pipe ricevuto: PING
[18:17:16.756] 💓 up=1230s | cb=15375 audio=1230.0s partials=68 | rec=31 | pipe=✅
[18:17:25.993] Pipe ricevuto: PING
[18:17:26.756] 💓 up=1240s | cb=15500 audio=1240.0s partials=68 | rec=31 | pipe=✅
[18:17:35.994] Pipe ricevuto: PING
[18:17:36.757] 💓 up=1250s | cb=15625 audio=1250.0s partials=68 | rec=31 | pipe=✅
[18:17:45.993] Pipe ricevuto: PING
[18:17:46.757] 💓 up=1260s | cb=15750 audio=1260.0s partials=68 | rec=31 | pipe=✅
[18:17:55.990] Pipe ricevuto: PING
[18:17:56.758] 💓 up=1270s | cb=15875 audio=1270.0s partials=68 | rec=31 | pipe=✅
[18:18:05.991] Pipe ricevuto: PING
[18:18:06.758] 💓 up=1280s | cb=16000 audio=1280.0s partials=68 | rec=31 | pipe=✅
[18:18:15.988] Pipe ricevuto: PING
[18:18:16.759] 💓 up=1290s | cb=16125 audio=1290.0s partials=68 | rec=31 | pipe=✅
[18:18:25.993] Pipe ricevuto: PING
[18:18:26.759] 💓 up=1300s | cb=16250 audio=1300.0s partials=68 | rec=31 | pipe=✅
[18:18:35.996] Pipe ricevuto: PING
[18:18:36.760] 💓 up=1310s | cb=16375 audio=1310.0s partials=68 | rec=31 | pipe=✅
[18:18:45.988] Pipe ricevuto: PING
[18:18:46.760] 💓 up=1320s | cb=16500 audio=1320.0s partials=68 | rec=31 | pipe=✅
[18:18:55.995] Pipe ricevuto: PING
[18:18:56.761] 💓 up=1330s | cb=16625 audio=1330.0s partials=68 | rec=31 | pipe=✅
[18:19:05.993] Pipe ricevuto: PING
[18:19:06.761] 💓 up=1340s | cb=16750 audio=1340.0s partials=68 | rec=31 | pipe=✅
[18:19:15.992] Pipe ricevuto: PING
[18:19:16.762] 💓 up=1350s | cb=16875 audio=1350.0s partials=68 | rec=31 | pipe=✅
[18:19:25.987] Pipe ricevuto: PING
[18:19:26.763] 💓 up=1360s | cb=17000 audio=1360.0s partials=68 | rec=31 | pipe=✅
[18:19:35.989] Pipe ricevuto: PING
[18:19:36.763] 💓 up=1370s | cb=17125 audio=1370.0s partials=68 | rec=31 | pipe=✅
[18:19:45.991] Pipe ricevuto: PING
[18:19:46.763] 💓 up=1380s | cb=17250 audio=1380.0s partials=68 | rec=31 | pipe=✅
[18:19:55.987] Pipe ricevuto: PING
[18:19:56.764] 💓 up=1390s | cb=17375 audio=1390.0s partials=68 | rec=31 | pipe=✅
[18:20:05.986] Pipe ricevuto: PING
[18:20:06.764] 💓 up=1400s | cb=17500 audio=1400.0s partials=68 | rec=31 | pipe=✅
[18:20:15.992] Pipe ricevuto: PING
[18:20:16.765] 💓 up=1410s | cb=17625 audio=1410.0s partials=68 | rec=31 | pipe=✅
[18:20:25.989] Pipe ricevuto: PING
[18:20:26.766] 💓 up=1420s | cb=17750 audio=1420.0s partials=68 | rec=31 | pipe=✅
[18:20:35.994] Pipe ricevuto: PING
[18:20:36.766] 💓 up=1430s | cb=17875 audio=1430.0s partials=68 | rec=31 | pipe=✅
[18:20:45.989] Pipe ricevuto: PING
[18:20:46.767] 💓 up=1440s | cb=18000 audio=1440.0s partials=68 | rec=31 | pipe=✅
[18:20:55.990] Pipe ricevuto: PING
[18:20:56.768] 💓 up=1450s | cb=18125 audio=1450.0s partials=68 | rec=31 | pipe=✅
[18:21:05.986] Pipe ricevuto: PING
[18:21:06.768] 💓 up=1460s | cb=18250 audio=1460.0s partials=68 | rec=31 | pipe=✅
[18:21:15.988] Pipe ricevuto: PING
[18:21:16.769] 💓 up=1470s | cb=18375 audio=1470.0s partials=68 | rec=31 | pipe=✅
[18:21:25.992] Pipe ricevuto: PING
[18:21:26.770] 💓 up=1480s | cb=18500 audio=1480.0s partials=68 | rec=31 | pipe=✅
[18:21:35.988] Pipe ricevuto: PING
[18:21:36.770] 💓 up=1490s | cb=18625 audio=1490.0s partials=68 | rec=31 | pipe=✅
[18:21:45.990] Pipe ricevuto: PING
[18:21:46.770] 💓 up=1500s | cb=18750 audio=1500.0s partials=68 | rec=31 | pipe=✅
[18:21:55.996] Pipe ricevuto: PING
[18:21:56.771] 💓 up=1510s | cb=18875 audio=1510.0s partials=68 | rec=31 | pipe=✅
[18:22:05.990] Pipe ricevuto: PING
[18:22:06.772] 💓 up=1520s | cb=19000 audio=1520.0s partials=68 | rec=31 | pipe=✅
[18:22:15.995] Pipe ricevuto: PING
[18:22:16.772] 💓 up=1530s | cb=19125 audio=1530.0s partials=68 | rec=31 | pipe=✅
[18:22:20.183] Pipe ricevuto: STOP
[18:22:43.596] ============================================================
[18:22:43.596] MMCM Speech Helper — Python + Vosk v3.3 (EVO grammar)
[18:22:43.596] ============================================================
[18:22:43.597] Python: 3.12.7 (tags/v3.12.7:0b05ead, Oct  1 2024, 03:06:41) [MSC v.1941 64 bit (AMD64)]
[18:22:43.597] Processo: 64-bit
[18:22:43.597] PID: 24992
[18:22:43.597] ⚠️ SetPriorityClass ha restituito False
[18:22:43.597] Lingua richiesta: it
[18:22:43.597] ✅ Modello Vosk per lingua 'it': C:\Program Files (x86)\SimHub\MMCMSpeechHelper\model-it
[18:22:43.598] CommandMatcher: 84 comandi (it), 7 con varianti più lunghe
[18:22:43.598] Caricamento modello Vosk: C:\Program Files (x86)\SimHub\MMCMSpeechHelper\model-it
[18:22:43.882] Modello caricato in 0.3s
[18:22:43.882] Grammar: 84 comandi
[18:22:43.883] ✅ Vosk recognizer pronto!
[18:22:43.884] Pipe: in attesa connessione...
[18:22:43.884] Recognition loop avviato (thread priorità alta)
[18:22:43.884] Dispositivi audio input:
[18:22:43.884] Premi Ctrl+C per uscire
[18:22:43.884]   [0] Microsoft Sound Mapper - Input (ch: 2, sr: 44100Hz)
[18:22:43.884]   [1] Microfono (G06-BT) (ch: 1, sr: 44100Hz) ← DEFAULT
[18:22:43.884]   [9] Driver primario di acquisizione suoni (ch: 2, sr: 44100Hz)
[18:22:43.884]   [10] Microfono (G06-BT) (ch: 1, sr: 44100Hz)
[18:22:43.885]   [24] Microfono (G06-BT) (ch: 1, sr: 48000Hz)
[18:22:43.885]   [25] Linea in ingresso (Realtek HD Audio Line input) (ch: 2, sr: 44100Hz)
[18:22:43.885]   [26] Microfono (Realtek HD Audio Mic input) (ch: 2, sr: 44100Hz)
[18:22:43.885]   [28] Missaggio stereo (Realtek HD Audio Stereo input) (ch: 2, sr: 44100Hz)
[18:22:43.885]   [32] Input (SYSVAD Wave Speaker) (ch: 2, sr: 44100Hz)
[18:22:43.885]   [36] Microfono (G06-BT) (ch: 1, sr: 48000Hz)
[18:22:43.892] 🎤 Audio: 16000Hz mono, block=1280 (80ms), latency=low
[18:22:43.892] ✅ In ascolto! Parla...
[18:22:46.161] Pipe: connesso!
[18:22:53.176] Pipe ricevuto: PING
[18:22:53.885] 💓 up=10s | cb=124 audio=9.9s partials=0 | rec=0 | pipe=✅
[18:23:03.182] Pipe ricevuto: PING
[18:23:03.885] 💓 up=20s | cb=249 audio=19.9s partials=0 | rec=0 | pipe=✅
[18:23:13.182] Pipe ricevuto: PING
[18:23:13.886] 💓 up=30s | cb=374 audio=29.9s partials=0 | rec=0 | pipe=✅
[18:23:23.180] Pipe ricevuto: PING
[18:23:23.886] 💓 up=40s | cb=499 audio=39.9s partials=0 | rec=0 | pipe=✅
[18:23:28.463]   🎯 [partial] RECOGNIZED:0.85:classifica
[18:23:31.660]   ... "leader"
[18:23:31.742]   📝 Finale: "leader"
[18:23:33.182] Pipe ricevuto: PING
[18:23:33.887] 💓 up=50s | cb=624 audio=49.9s partials=10 | rec=1 | pipe=✅
[18:23:39.423]   🎯 [partial] RECOGNIZED:0.85:dammi tutto
[18:23:43.181] Pipe ricevuto: PING
[18:23:43.887] 💓 up=60s | cb=749 audio=59.9s partials=14 | rec=2 | pipe=✅
[18:23:47.743]   🎯 [partial] RECOGNIZED:0.85:quanta benzina
[18:23:50.139]   ... "ho"
[18:23:50.543]   📝 Finale: "ho"
[18:23:52.140]   ... "tutto"
[18:23:52.223]   📝 Finale: "tutto"
[18:23:53.179] Pipe ricevuto: PING
[18:23:53.888] 💓 up=70s | cb=874 audio=69.9s partials=30 | rec=3 | pipe=✅
[18:23:59.423]   📝 Finale: "ho"
[18:24:01.344]   ... "ers"
[18:24:01.344]   🎯 [partial] RECOGNIZED:0.85:ers
[18:24:03.174] Pipe ricevuto: PING
[18:24:03.888] 💓 up=80s | cb=999 audio=79.9s partials=40 | rec=4 | pipe=✅
[18:24:05.103]   🎯 [partial] RECOGNIZED:0.85:olio
[18:24:13.177] Pipe ricevuto: PING
[18:24:13.889] 💓 up=90s | cb=1124 audio=89.9s partials=41 | rec=5 | pipe=✅
[18:24:23.177] Pipe ricevuto: PING
[18:24:23.889] 💓 up=100s | cb=1249 audio=99.9s partials=41 | rec=5 | pipe=✅
[18:24:33.182] Pipe ricevuto: PING
[18:24:33.890] 💓 up=110s | cb=1374 audio=109.9s partials=41 | rec=5 | pipe=✅
[18:24:43.177] Pipe ricevuto: PING
[18:24:43.890] 💓 up=120s | cb=1499 audio=119.9s partials=41 | rec=5 | pipe=✅
[18:24:53.182] Pipe ricevuto: PING
[18:24:53.891] 💓 up=130s | cb=1624 audio=129.9s partials=41 | rec=5 | pipe=✅
[18:24:54.942]   🎯 [partial] RECOGNIZED:0.85:ingegnere
[18:24:55.823]   🎯 [partial] RECOGNIZED:0.85:danni
[18:25:03.178] Pipe ricevuto: PING
[18:25:03.891] 💓 up=140s | cb=1749 audio=139.9s partials=43 | rec=7 | pipe=✅
[18:25:13.181] Pipe ricevuto: PING
[18:25:13.892] 💓 up=150s | cb=1874 audio=149.9s partials=43 | rec=7 | pipe=✅
[18:25:23.184] Pipe ricevuto: PING
[18:25:23.892] 💓 up=160s | cb=1999 audio=159.9s partials=43 | rec=7 | pipe=✅
[18:25:32.223]   🎯 [partial] RECOGNIZED:0.85:damage
[18:25:33.181] Pipe ricevuto: PING
[18:25:33.893] 💓 up=170s | cb=2124 audio=169.9s partials=44 | rec=8 | pipe=✅
[18:25:36.223]   🎯 [partial] RECOGNIZED:0.85:passo
[18:25:41.423]   📝 Finale: "primo"
[18:25:43.177] Pipe ricevuto: PING
[18:25:43.893] 💓 up=180s | cb=2249 audio=179.9s partials=45 | rec=9 | pipe=✅
[18:25:53.183] Pipe ricevuto: PING
[18:25:53.894] 💓 up=190s | cb=2374 audio=189.9s partials=45 | rec=9 | pipe=✅
[18:26:03.180] Pipe ricevuto: PING
[18:26:03.895] 💓 up=200s | cb=2499 audio=199.9s partials=45 | rec=9 | pipe=✅
[18:26:13.175] Pipe ricevuto: PING
[18:26:13.895] 💓 up=210s | cb=2624 audio=209.9s partials=45 | rec=9 | pipe=✅
[18:26:18.383]   🎯 [partial] RECOGNIZED:0.85:batteria
[18:26:21.663]   ... "mappa"
[18:26:21.663]   ⏳ Pending: "mappa" (attendo variante lunga, 800ms)
[18:26:22.383]   ↑ Upgrade: "mappa" → "strategia"
[18:26:22.383]   🎯 [partial+upgrade] RECOGNIZED:0.85:strategia
[18:26:23.178] Pipe ricevuto: PING
[18:26:23.896] 💓 up=220s | cb=2749 audio=219.9s partials=59 | rec=11 | pipe=✅
[18:26:33.183] Pipe ricevuto: PING
[18:26:33.896] 💓 up=230s | cb=2874 audio=229.9s partials=59 | rec=11 | pipe=✅
[18:26:43.180] Pipe ricevuto: PING
[18:26:43.897] 💓 up=240s | cb=2999 audio=239.9s partials=59 | rec=11 | pipe=✅
[18:26:53.175] Pipe ricevuto: PING
[18:26:53.897] 💓 up=250s | cb=3124 audio=249.9s partials=59 | rec=11 | pipe=✅
[18:26:55.182]   ... "ingegnere"
[18:26:55.182]   🎯 [partial] RECOGNIZED:0.85:ingegnere
[18:26:56.543]   🎯 [partial] RECOGNIZED:0.85:danni
[18:27:03.183] Pipe ricevuto: PING
[18:27:03.898] 💓 up=260s | cb=3249 audio=259.9s partials=61 | rec=13 | pipe=✅
[18:27:13.183] Pipe ricevuto: PING
[18:27:13.899] 💓 up=270s | cb=3374 audio=269.9s partials=61 | rec=13 | pipe=✅
[18:27:23.177] Pipe ricevuto: PING
[18:27:23.899] 💓 up=280s | cb=3499 audio=279.9s partials=61 | rec=13 | pipe=✅
[18:27:33.176] Pipe ricevuto: PING
[18:27:33.900] 💓 up=290s | cb=3625 audio=290.0s partials=61 | rec=13 | pipe=✅
[18:27:43.178] Pipe ricevuto: PING
[18:27:43.420]   ... "sto andando"
[18:27:43.900] 💓 up=300s | cb=3750 audio=300.0s partials=76 | rec=13 | pipe=✅
[18:27:43.983]   🎯 [partial] RECOGNIZED:0.85:strategia
[18:27:53.177] Pipe ricevuto: PING
[18:27:53.900] 💓 up=310s | cb=3875 audio=310.0s partials=77 | rec=14 | pipe=✅
[18:28:03.177] Pipe ricevuto: PING
[18:28:03.901] 💓 up=320s | cb=4000 audio=320.0s partials=77 | rec=14 | pipe=✅
[18:28:13.183] Pipe ricevuto: PING
[18:28:13.901] 💓 up=330s | cb=4125 audio=330.0s partials=77 | rec=14 | pipe=✅
[18:28:23.175] Pipe ricevuto: PING
[18:28:23.902] 💓 up=340s | cb=4250 audio=340.0s partials=77 | rec=14 | pipe=✅
[18:28:33.179] Pipe ricevuto: PING
[18:28:33.902] 💓 up=350s | cb=4375 audio=350.0s partials=77 | rec=14 | pipe=✅
[18:28:43.184] Pipe ricevuto: PING
[18:28:43.903] 💓 up=360s | cb=4500 audio=360.0s partials=77 | rec=14 | pipe=✅
[18:28:53.174] Pipe ricevuto: PING
[18:28:53.903] 💓 up=370s | cb=4625 audio=370.0s partials=77 | rec=14 | pipe=✅
[18:29:03.179] Pipe ricevuto: PING
[18:29:03.904] 💓 up=380s | cb=4750 audio=380.0s partials=77 | rec=14 | pipe=✅
[18:29:13.181] Pipe ricevuto: PING
[18:29:13.904] 💓 up=390s | cb=4875 audio=390.0s partials=77 | rec=14 | pipe=✅
[18:29:23.175] Pipe ricevuto: PING
[18:29:23.904] 💓 up=400s | cb=5000 audio=400.0s partials=77 | rec=14 | pipe=✅
[18:29:33.179] Pipe ricevuto: PING
[18:29:33.905] 💓 up=410s | cb=5125 audio=410.0s partials=77 | rec=14 | pipe=✅
[18:29:36.703]   🎯 [partial] RECOGNIZED:0.85:classifica
[18:29:43.184] Pipe ricevuto: PING
[18:29:43.905] 💓 up=420s | cb=5250 audio=420.0s partials=78 | rec=15 | pipe=✅
[18:29:52.779]   ... "sono"
[18:29:53.178] Pipe ricevuto: PING
[18:29:53.183]   🎯 [partial] RECOGNIZED:0.85:ers
[18:29:53.905] 💓 up=430s | cb=5375 audio=430.0s partials=82 | rec=16 | pipe=✅
[18:29:55.819]   ... "sto va"
[18:29:55.983]   🎯 [partial] RECOGNIZED:0.85:meteo
[18:30:01.259]   ... "pit"
[18:30:01.663]   📝 Finale: "pit"
[18:30:03.178] Pipe ricevuto: PING
[18:30:03.906] 💓 up=440s | cb=5500 audio=440.0s partials=104 | rec=17 | pipe=✅
[18:30:07.819]   ... "va il"
[18:30:08.143]   📝 Finale: "va"
[18:30:13.178] Pipe ricevuto: PING
[18:30:13.907] 💓 up=450s | cb=5625 audio=450.0s partials=113 | rec=17 | pipe=✅
[18:30:14.863]   🎯 [partial] RECOGNIZED:0.85:ingegnere
[18:30:15.743]   ⏳ Pending: "pressioni" (attendo variante lunga, 800ms)
[18:30:16.139]   ... "pressioni"
[18:30:16.595]   ⏰ Pending timeout: "pressioni" (859ms)
[18:30:16.596]   🎯 [partial+timeout] RECOGNIZED:0.85:pressioni
[18:30:23.182] Pipe ricevuto: PING
[18:30:23.907] 💓 up=460s | cb=5750 audio=460.0s partials=125 | rec=19 | pipe=✅
[18:30:33.179] Pipe ricevuto: PING
[18:30:33.908] 💓 up=470s | cb=5875 audio=470.0s partials=125 | rec=19 | pipe=✅
[18:30:43.179] Pipe ricevuto: PING
[18:30:43.343]   🎯 [partial] RECOGNIZED:0.85:ingegnere
[18:30:43.908] 💓 up=480s | cb=6000 audio=480.0s partials=126 | rec=20 | pipe=✅
[18:30:45.903]   ... "temperature"
[18:30:46.699]   ... "temperature"
[18:30:46.863]   📝 Finale: "temperature"
[18:30:48.699]   ... "temperature"
[18:30:49.503]   📝 Finale: "temperature"
[18:30:50.702]   ... "ingegnere"
[18:30:50.703]   🎯 [partial] RECOGNIZED:0.85:ingegnere
[18:30:52.062]   🎯 [partial] RECOGNIZED:0.85:tempi
[18:30:53.178] Pipe ricevuto: PING
[18:30:53.909] 💓 up=490s | cb=6125 audio=490.0s partials=164 | rec=22 | pipe=✅
[18:30:57.983]   🎯 [partial] RECOGNIZED:0.85:ingegnere
[18:30:59.180]   ... "temperature"
[18:30:59.979]   ... "temperature"
[18:31:00.303]   📝 Finale: "temperature"
[18:31:01.502]   ... "temperature"
[18:31:02.223]   🎯 [partial] RECOGNIZED:0.85:temperature gomme
[18:31:03.176] Pipe ricevuto: PING
[18:31:03.909] 💓 up=500s | cb=6250 audio=500.0s partials=199 | rec=24 | pipe=✅
[18:31:13.184] Pipe ricevuto: PING
[18:31:13.910] 💓 up=510s | cb=6375 audio=510.0s partials=199 | rec=24 | pipe=✅
[18:31:23.181] Pipe ricevuto: PING
[18:31:23.910] 💓 up=520s | cb=6500 audio=520.0s partials=199 | rec=24 | pipe=✅
[18:31:33.184] Pipe ricevuto: PING
[18:31:33.911] 💓 up=530s | cb=6625 audio=530.0s partials=199 | rec=24 | pipe=✅
[18:31:43.182] Pipe ricevuto: PING
[18:31:43.911] 💓 up=540s | cb=6750 audio=540.0s partials=199 | rec=24 | pipe=✅
[18:31:53.182] Pipe ricevuto: PING
[18:31:53.911] 💓 up=550s | cb=6875 audio=550.0s partials=199 | rec=24 | pipe=✅
[18:32:03.183] Pipe ricevuto: PING
[18:32:03.912] 💓 up=560s | cb=7000 audio=560.0s partials=199 | rec=24 | pipe=✅
[18:32:13.179] Pipe ricevuto: PING
[18:32:13.913] 💓 up=570s | cb=7125 audio=570.0s partials=199 | rec=24 | pipe=✅
[18:32:23.174] Pipe ricevuto: PING
[18:32:23.913] 💓 up=580s | cb=7250 audio=580.0s partials=199 | rec=24 | pipe=✅
[18:32:33.179] Pipe ricevuto: PING
[18:32:33.914] 💓 up=590s | cb=7375 audio=590.0s partials=199 | rec=24 | pipe=✅
[18:32:43.178] Pipe ricevuto: PING
[18:32:43.914] 💓 up=600s | cb=7500 audio=600.0s partials=199 | rec=24 | pipe=✅
[18:32:53.180] Pipe ricevuto: PING
[18:32:53.915] 💓 up=610s | cb=7625 audio=610.0s partials=199 | rec=24 | pipe=✅
[18:33:03.176] Pipe ricevuto: PING
[18:33:03.915] 💓 up=620s | cb=7750 audio=620.0s partials=199 | rec=24 | pipe=✅
[18:33:13.175] Pipe ricevuto: PING
[18:33:13.916] 💓 up=630s | cb=7875 audio=630.0s partials=199 | rec=24 | pipe=✅
[18:33:23.181] Pipe ricevuto: PING
[18:33:23.917] 💓 up=640s | cb=8000 audio=640.0s partials=199 | rec=24 | pipe=✅
[18:33:33.174] Pipe ricevuto: PING
[18:33:33.917] 💓 up=650s | cb=8125 audio=650.0s partials=199 | rec=24 | pipe=✅
[18:33:43.176] Pipe ricevuto: PING
[18:33:43.917] 💓 up=660s | cb=8250 audio=660.0s partials=199 | rec=24 | pipe=✅
[18:33:51.343]   ... "manca"
[18:33:51.583]   🎯 [partial] RECOGNIZED:0.85:freni
[18:33:53.177] Pipe ricevuto: PING
[18:33:53.918] 💓 up=670s | cb=8375 audio=670.0s partials=203 | rec=25 | pipe=✅
[18:33:55.343]   ⏳ Pending: "situazione" (attendo variante lunga, 800ms)
[18:33:55.582]   🎯 [partial] RECOGNIZED:0.85:freni
[18:33:56.222]   🎯 [partial] RECOGNIZED:0.85:dischi
[18:34:00.703]   🎯 [partial] RECOGNIZED:0.85:ingegnere
[18:34:01.582]   ... "freni"
[18:34:01.583]   🎯 [partial] RECOGNIZED:0.85:freni
[18:34:03.179] Pipe ricevuto: PING
[18:34:03.918] 💓 up=680s | cb=8500 audio=680.0s partials=210 | rec=29 | pipe=✅
[18:34:12.783]   🎯 [partial] RECOGNIZED:0.85:track limit
[18:34:13.179] Pipe ricevuto: PING
[18:34:13.918] 💓 up=690s | cb=8625 audio=690.0s partials=217 | rec=30 | pipe=✅
[18:34:23.181] Pipe ricevuto: PING
[18:34:23.919] 💓 up=700s | cb=8750 audio=700.0s partials=217 | rec=30 | pipe=✅
[18:34:33.181] Pipe ricevuto: PING
[18:34:33.919] 💓 up=710s | cb=8875 audio=710.0s partials=217 | rec=30 | pipe=✅
[18:34:43.182] Pipe ricevuto: PING
[18:34:43.920] 💓 up=720s | cb=9000 audio=720.0s partials=217 | rec=30 | pipe=✅
[18:34:53.182] Pipe ricevuto: PING
[18:34:53.920] 💓 up=730s | cb=9125 audio=730.0s partials=217 | rec=30 | pipe=✅
[18:35:03.180] Pipe ricevuto: PING
[18:35:03.921] 💓 up=740s | cb=9250 audio=740.0s partials=217 | rec=30 | pipe=✅
[18:35:13.181] Pipe ricevuto: PING
[18:35:13.922] 💓 up=750s | cb=9375 audio=750.0s partials=217 | rec=30 | pipe=✅
[18:35:23.180] Pipe ricevuto: PING
[18:35:23.922] 💓 up=760s | cb=9500 audio=760.0s partials=217 | rec=30 | pipe=✅
[18:35:33.176] Pipe ricevuto: PING
[18:35:33.923] 💓 up=770s | cb=9625 audio=770.0s partials=217 | rec=30 | pipe=✅
[18:35:43.180] Pipe ricevuto: PING
[18:35:43.923] 💓 up=780s | cb=9750 audio=780.0s partials=217 | rec=30 | pipe=✅
[18:35:53.175] Pipe ricevuto: PING
[18:35:53.924] 💓 up=790s | cb=9875 audio=790.0s partials=217 | rec=30 | pipe=✅
[18:36:03.178] Pipe ricevuto: PING
[18:36:03.925] 💓 up=800s | cb=10000 audio=800.0s partials=217 | rec=30 | pipe=✅
[18:36:13.183] Pipe ricevuto: PING
[18:36:13.925] 💓 up=810s | cb=10125 audio=810.0s partials=217 | rec=30 | pipe=✅
[18:36:23.175] Pipe ricevuto: PING
[18:36:23.926] 💓 up=820s | cb=10250 audio=820.0s partials=217 | rec=30 | pipe=✅
[18:36:33.182] Pipe ricevuto: PING
[18:36:33.926] 💓 up=830s | cb=10375 audio=830.0s partials=217 | rec=30 | pipe=✅
[18:36:43.174] Pipe ricevuto: PING
[18:36:43.927] 💓 up=840s | cb=10500 audio=840.0s partials=217 | rec=30 | pipe=✅
[18:36:53.182] Pipe ricevuto: PING
[18:36:53.927] 💓 up=850s | cb=10625 audio=850.0s partials=217 | rec=30 | pipe=✅
[18:37:03.175] Pipe ricevuto: PING
[18:37:03.928] 💓 up=860s | cb=10750 audio=860.0s partials=217 | rec=30 | pipe=✅
[18:37:13.183] Pipe ricevuto: PING
[18:37:13.928] 💓 up=870s | cb=10875 audio=870.0s partials=217 | rec=30 | pipe=✅
[18:37:23.174] Pipe ricevuto: PING
[18:37:23.929] 💓 up=880s | cb=11000 audio=880.0s partials=217 | rec=30 | pipe=✅
[18:37:33.177] Pipe ricevuto: PING
[18:37:33.929] 💓 up=890s | cb=11125 audio=890.0s partials=217 | rec=30 | pipe=✅
[18:37:43.183] Pipe ricevuto: PING
[18:37:43.930] 💓 up=900s | cb=11250 audio=900.0s partials=217 | rec=30 | pipe=✅
[18:37:53.175] Pipe ricevuto: PING
[18:37:53.930] 💓 up=910s | cb=11375 audio=910.0s partials=217 | rec=30 | pipe=✅
[18:38:03.179] Pipe ricevuto: PING
[18:38:03.931] 💓 up=920s | cb=11500 audio=920.0s partials=217 | rec=30 | pipe=✅
[18:38:13.180] Pipe ricevuto: PING
[18:38:13.931] 💓 up=930s | cb=11625 audio=930.0s partials=217 | rec=30 | pipe=✅
[18:38:23.179] Pipe ricevuto: PING
[18:38:23.932] 💓 up=940s | cb=11750 audio=940.0s partials=217 | rec=30 | pipe=✅
[18:38:33.183] Pipe ricevuto: PING
[18:38:33.932] 💓 up=950s | cb=11875 audio=950.0s partials=217 | rec=30 | pipe=✅
[18:38:43.180] Pipe ricevuto: PING
[18:38:43.933] 💓 up=960s | cb=12000 audio=960.0s partials=217 | rec=30 | pipe=✅
[18:38:53.184] Pipe ricevuto: PING
[18:38:53.933] 💓 up=970s | cb=12125 audio=970.0s partials=217 | rec=30 | pipe=✅
[18:39:03.181] Pipe ricevuto: PING
[18:39:03.934] 💓 up=980s | cb=12250 audio=980.0s partials=217 | rec=30 | pipe=✅
[18:39:13.179] Pipe ricevuto: PING
[18:39:13.934] 💓 up=990s | cb=12375 audio=990.0s partials=217 | rec=30 | pipe=✅
[18:39:23.174] Pipe ricevuto: PING
[18:39:23.934] 💓 up=1000s | cb=12500 audio=1000.0s partials=217 | rec=30 | pipe=✅
[18:39:33.182] Pipe ricevuto: PING
[18:39:33.935] 💓 up=1010s | cb=12625 audio=1010.0s partials=217 | rec=30 | pipe=✅
[18:39:43.175] Pipe ricevuto: PING
[18:39:43.935] 💓 up=1020s | cb=12750 audio=1020.0s partials=217 | rec=30 | pipe=✅
[18:39:53.180] Pipe ricevuto: PING
[18:39:53.936] 💓 up=1030s | cb=12875 audio=1030.0s partials=217 | rec=30 | pipe=✅
[18:40:03.184] Pipe ricevuto: PING
[18:40:03.936] 💓 up=1040s | cb=13000 audio=1040.0s partials=217 | rec=30 | pipe=✅
[18:40:13.177] Pipe ricevuto: PING
[18:40:13.937] 💓 up=1050s | cb=13125 audio=1050.0s partials=217 | rec=30 | pipe=✅
[18:40:23.176] Pipe ricevuto: PING
[18:40:23.937] 💓 up=1060s | cb=13250 audio=1060.0s partials=217 | rec=30 | pipe=✅
[18:40:33.182] Pipe ricevuto: PING
[18:40:33.938] 💓 up=1070s | cb=13375 audio=1070.0s partials=217 | rec=30 | pipe=✅
[18:40:43.181] Pipe ricevuto: PING
[18:40:43.939] 💓 up=1080s | cb=13500 audio=1080.0s partials=217 | rec=30 | pipe=✅
[18:40:53.183] Pipe ricevuto: PING
[18:40:53.939] 💓 up=1090s | cb=13625 audio=1090.0s partials=217 | rec=30 | pipe=✅
[18:41:03.176] Pipe ricevuto: PING
[18:41:03.940] 💓 up=1100s | cb=13750 audio=1100.0s partials=217 | rec=30 | pipe=✅
[18:41:13.181] Pipe ricevuto: PING
[18:41:13.940] 💓 up=1110s | cb=13875 audio=1110.0s partials=217 | rec=30 | pipe=✅
[18:41:23.183] Pipe ricevuto: PING
[18:41:23.941] 💓 up=1120s | cb=14000 audio=1120.0s partials=217 | rec=30 | pipe=✅
[18:41:33.175] Pipe ricevuto: PING
[18:41:33.941] 💓 up=1130s | cb=14125 audio=1130.0s partials=217 | rec=30 | pipe=✅
[18:41:43.184] Pipe ricevuto: PING
[18:41:43.941] 💓 up=1140s | cb=14250 audio=1140.0s partials=217 | rec=30 | pipe=✅
[18:41:53.182] Pipe ricevuto: PING
[18:41:53.942] 💓 up=1150s | cb=14375 audio=1150.0s partials=217 | rec=30 | pipe=✅
[18:42:03.174] Pipe ricevuto: PING
[18:42:03.942] 💓 up=1160s | cb=14500 audio=1160.0s partials=217 | rec=30 | pipe=✅
[18:42:13.182] Pipe ricevuto: PING
[18:42:13.943] 💓 up=1170s | cb=14625 audio=1170.0s partials=217 | rec=30 | pipe=✅
[18:42:23.176] Pipe ricevuto: PING
[18:42:23.944] 💓 up=1180s | cb=14750 audio=1180.0s partials=217 | rec=30 | pipe=✅
[18:42:33.179] Pipe ricevuto: PING
[18:42:33.944] 💓 up=1190s | cb=14875 audio=1190.0s partials=217 | rec=30 | pipe=✅
[18:42:43.178] Pipe ricevuto: PING
[18:42:43.945] 💓 up=1200s | cb=15000 audio=1200.0s partials=217 | rec=30 | pipe=✅
[18:42:53.182] Pipe ricevuto: PING
[18:42:53.945] 💓 up=1210s | cb=15125 audio=1210.0s partials=217 | rec=30 | pipe=✅
[18:43:03.177] Pipe ricevuto: PING
[18:43:03.946] 💓 up=1220s | cb=15250 audio=1220.0s partials=217 | rec=30 | pipe=✅
[18:43:13.182] Pipe ricevuto: PING
[18:43:13.946] 💓 up=1230s | cb=15375 audio=1230.0s partials=217 | rec=30 | pipe=✅
[18:43:23.184] Pipe ricevuto: PING
[18:43:23.947] 💓 up=1240s | cb=15500 audio=1240.0s partials=217 | rec=30 | pipe=✅
[18:43:33.182] Pipe ricevuto: PING
[18:43:33.947] 💓 up=1250s | cb=15625 audio=1250.0s partials=217 | rec=30 | pipe=✅
[18:43:43.178] Pipe ricevuto: PING
[18:43:43.948] 💓 up=1260s | cb=15750 audio=1260.0s partials=217 | rec=30 | pipe=✅
[18:43:53.181] Pipe ricevuto: PING
[18:43:53.949] 💓 up=1270s | cb=15875 audio=1270.0s partials=217 | rec=30 | pipe=✅
[18:44:00.966] Pipe ricevuto: STOP
[18:47:12.169] ============================================================
[18:47:12.169] MMCM Speech Helper — Python + Vosk v3.3 (EVO grammar)
[18:47:12.169] ============================================================
[18:47:12.169] Python: 3.12.7 (tags/v3.12.7:0b05ead, Oct  1 2024, 03:06:41) [MSC v.1941 64 bit (AMD64)]
[18:47:12.169] Processo: 64-bit
[18:47:12.169] PID: 26632
[18:47:12.169] ⚠️ SetPriorityClass ha restituito False
[18:47:12.169] Lingua richiesta: it
[18:47:12.169] ✅ Modello Vosk per lingua 'it': C:\Program Files (x86)\SimHub\MMCMSpeechHelper\model-it
[18:47:12.170] CommandMatcher: 84 comandi (it), 7 con varianti più lunghe
[18:47:12.170] Caricamento modello Vosk: C:\Program Files (x86)\SimHub\MMCMSpeechHelper\model-it
[18:47:12.451] Modello caricato in 0.3s
[18:47:12.451] Grammar: 84 comandi
[18:47:12.452] ✅ Vosk recognizer pronto!
[18:47:12.452] Pipe: in attesa connessione...
[18:47:12.452] Recognition loop avviato (thread priorità alta)
[18:47:12.453] Premi Ctrl+C per uscire
[18:47:12.453] Dispositivi audio input:
[18:47:12.453]   [0] Microsoft Sound Mapper - Input (ch: 2, sr: 44100Hz)
[18:47:12.453]   [1] Microfono (G06-BT) (ch: 1, sr: 44100Hz) ← DEFAULT
[18:47:12.453]   [9] Driver primario di acquisizione suoni (ch: 2, sr: 44100Hz)
[18:47:12.453]   [10] Microfono (G06-BT) (ch: 1, sr: 44100Hz)
[18:47:12.453]   [24] Microfono (G06-BT) (ch: 1, sr: 48000Hz)
[18:47:12.453]   [25] Linea in ingresso (Realtek HD Audio Line input) (ch: 2, sr: 44100Hz)
[18:47:12.453]   [26] Microfono (Realtek HD Audio Mic input) (ch: 2, sr: 44100Hz)
[18:47:12.453]   [28] Missaggio stereo (Realtek HD Audio Stereo input) (ch: 2, sr: 44100Hz)
[18:47:12.453]   [32] Input (SYSVAD Wave Speaker) (ch: 2, sr: 44100Hz)
[18:47:12.453]   [36] Microfono (G06-BT) (ch: 1, sr: 48000Hz)
[18:47:12.461] 🎤 Audio: 16000Hz mono, block=1280 (80ms), latency=low
[18:47:12.461] ✅ In ascolto! Parla...
[18:47:14.723] Pipe: connesso!
[18:47:21.738] Pipe ricevuto: PING
[18:47:22.453] 💓 up=10s | cb=124 audio=9.9s partials=0 | rec=0 | pipe=✅
[18:47:31.746] Pipe ricevuto: PING
[18:47:32.454] 💓 up=20s | cb=249 audio=19.9s partials=0 | rec=0 | pipe=✅
[18:47:41.746] Pipe ricevuto: PING
[18:47:42.454] 💓 up=30s | cb=374 audio=29.9s partials=0 | rec=0 | pipe=✅
[18:47:51.741] Pipe ricevuto: PING
[18:47:52.454] 💓 up=40s | cb=499 audio=39.9s partials=0 | rec=0 | pipe=✅
[18:48:01.738] Pipe ricevuto: PING
[18:48:02.455] 💓 up=50s | cb=624 audio=49.9s partials=0 | rec=0 | pipe=✅
[18:48:11.738] Pipe ricevuto: PING
[18:48:12.455] 💓 up=60s | cb=749 audio=59.9s partials=0 | rec=0 | pipe=✅
[18:48:21.744] Pipe ricevuto: PING
[18:48:22.456] 💓 up=70s | cb=874 audio=69.9s partials=0 | rec=0 | pipe=✅
[18:48:31.746] Pipe ricevuto: PING
[18:48:32.456] 💓 up=80s | cb=999 audio=79.9s partials=0 | rec=0 | pipe=✅
[18:48:41.743] Pipe ricevuto: PING
[18:48:42.457] 💓 up=90s | cb=1124 audio=89.9s partials=0 | rec=0 | pipe=✅
[18:48:51.739] Pipe ricevuto: PING
[18:48:52.458] 💓 up=100s | cb=1249 audio=99.9s partials=0 | rec=0 | pipe=✅
[18:49:01.743] Pipe ricevuto: PING
[18:49:02.458] 💓 up=110s | cb=1374 audio=109.9s partials=0 | rec=0 | pipe=✅
[18:49:11.737] Pipe ricevuto: PING
[18:49:12.459] 💓 up=120s | cb=1499 audio=119.9s partials=0 | rec=0 | pipe=✅
[18:49:16.711]   📝 Finale: "sono"
[18:49:18.631]   ... "situazione"
[18:49:18.631]   ⏳ Pending: "situazione" (attendo variante lunga, 800ms)
[18:49:19.111]   🎯 [partial] RECOGNIZED:0.85:benzina
[18:49:21.744] Pipe ricevuto: PING
[18:49:22.459] 💓 up=130s | cb=1624 audio=129.9s partials=13 | rec=1 | pipe=✅
[18:49:31.745] Pipe ricevuto: PING
[18:49:32.460] 💓 up=140s | cb=1749 audio=139.9s partials=19 | rec=1 | pipe=✅
[18:49:41.741] Pipe ricevuto: PING
[18:49:42.460] 💓 up=150s | cb=1874 audio=149.9s partials=19 | rec=1 | pipe=✅
[18:49:51.740] Pipe ricevuto: PING
[18:49:52.461] 💓 up=160s | cb=1999 audio=159.9s partials=19 | rec=1 | pipe=✅
[18:50:01.740] Pipe ricevuto: PING
[18:50:02.461] 💓 up=170s | cb=2124 audio=169.9s partials=19 | rec=1 | pipe=✅
[18:50:11.737] Pipe ricevuto: PING
[18:50:12.462] 💓 up=180s | cb=2249 audio=179.9s partials=19 | rec=1 | pipe=✅
[18:50:21.745] Pipe ricevuto: PING
[18:50:22.463] 💓 up=190s | cb=2374 audio=189.9s partials=19 | rec=1 | pipe=✅
[18:50:27.670]   ... "classifica"
[18:50:27.670]   🎯 [partial] RECOGNIZED:0.85:classifica
[18:50:31.741] Pipe ricevuto: PING
[18:50:32.463] 💓 up=200s | cb=2499 audio=199.9s partials=20 | rec=2 | pipe=✅
[18:50:41.745] Pipe ricevuto: PING
[18:50:42.463] 💓 up=210s | cb=2624 audio=209.9s partials=20 | rec=2 | pipe=✅
[18:50:51.746] Pipe ricevuto: PING
[18:50:52.464] 💓 up=220s | cb=2749 audio=219.9s partials=20 | rec=2 | pipe=✅
[18:51:01.740] Pipe ricevuto: PING
[18:51:02.464] 💓 up=230s | cb=2874 audio=229.9s partials=20 | rec=2 | pipe=✅
[18:51:11.745] Pipe ricevuto: PING
[18:51:12.465] 💓 up=240s | cb=2999 audio=239.9s partials=20 | rec=2 | pipe=✅
[18:51:21.738] Pipe ricevuto: PING
[18:51:22.465] 💓 up=250s | cb=3124 audio=249.9s partials=20 | rec=2 | pipe=✅
[18:51:31.739] Pipe ricevuto: PING
[18:51:32.466] 💓 up=260s | cb=3249 audio=259.9s partials=20 | rec=2 | pipe=✅
[18:51:41.741] Pipe ricevuto: PING
[18:51:42.466] 💓 up=270s | cb=3374 audio=269.9s partials=20 | rec=2 | pipe=✅
[18:51:51.739] Pipe ricevuto: PING
[18:51:52.466] 💓 up=280s | cb=3499 audio=279.9s partials=20 | rec=2 | pipe=✅
[18:52:01.737] Pipe ricevuto: PING
[18:52:02.467] 💓 up=290s | cb=3624 audio=289.9s partials=20 | rec=2 | pipe=✅
[18:52:11.738] Pipe ricevuto: PING
[18:52:12.467] 💓 up=300s | cb=3750 audio=300.0s partials=20 | rec=2 | pipe=✅
[18:52:21.745] Pipe ricevuto: PING
[18:52:22.468] 💓 up=310s | cb=3875 audio=310.0s partials=20 | rec=2 | pipe=✅
[18:52:31.740] Pipe ricevuto: PING
[18:52:32.468] 💓 up=320s | cb=4000 audio=320.0s partials=20 | rec=2 | pipe=✅
[18:52:41.741] Pipe ricevuto: PING
[18:52:42.469] 💓 up=330s | cb=4125 audio=330.0s partials=20 | rec=2 | pipe=✅
[18:52:51.747] Pipe ricevuto: PING
[18:52:52.469] 💓 up=340s | cb=4250 audio=340.0s partials=20 | rec=2 | pipe=✅
[18:53:01.742] Pipe ricevuto: PING
[18:53:02.470] 💓 up=350s | cb=4375 audio=350.0s partials=20 | rec=2 | pipe=✅
[18:53:11.746] Pipe ricevuto: PING
[18:53:12.470] 💓 up=360s | cb=4500 audio=360.0s partials=20 | rec=2 | pipe=✅
[18:53:21.742] Pipe ricevuto: PING
[18:53:22.471] 💓 up=370s | cb=4625 audio=370.0s partials=20 | rec=2 | pipe=✅
[18:53:31.744] Pipe ricevuto: PING
[18:53:32.471] 💓 up=380s | cb=4750 audio=380.0s partials=20 | rec=2 | pipe=✅
[18:53:41.742] Pipe ricevuto: PING
[18:53:42.471] 💓 up=390s | cb=4875 audio=390.0s partials=20 | rec=2 | pipe=✅
[18:53:51.744] Pipe ricevuto: PING
[18:53:52.472] 💓 up=400s | cb=5000 audio=400.0s partials=20 | rec=2 | pipe=✅
[18:54:01.738] Pipe ricevuto: PING
[18:54:02.472] 💓 up=410s | cb=5125 audio=410.0s partials=20 | rec=2 | pipe=✅
[18:54:11.744] Pipe ricevuto: PING
[18:54:12.473] 💓 up=420s | cb=5250 audio=420.0s partials=20 | rec=2 | pipe=✅
[18:54:21.741] Pipe ricevuto: PING
[18:54:22.474] 💓 up=430s | cb=5375 audio=430.0s partials=20 | rec=2 | pipe=✅
[18:54:31.741] Pipe ricevuto: PING
[18:54:32.474] 💓 up=440s | cb=5500 audio=440.0s partials=20 | rec=2 | pipe=✅
[18:54:41.748] Pipe ricevuto: PING
[18:54:42.475] 💓 up=450s | cb=5625 audio=450.0s partials=20 | rec=2 | pipe=✅
[18:54:51.742] Pipe ricevuto: PING
[18:54:52.475] 💓 up=460s | cb=5750 audio=460.0s partials=20 | rec=2 | pipe=✅
[18:55:01.740] Pipe ricevuto: PING
[18:55:02.476] 💓 up=470s | cb=5875 audio=470.0s partials=20 | rec=2 | pipe=✅
[18:55:11.740] Pipe ricevuto: PING
[18:55:12.476] 💓 up=480s | cb=6000 audio=480.0s partials=20 | rec=2 | pipe=✅
[18:55:21.739] Pipe ricevuto: PING
[18:55:22.477] 💓 up=490s | cb=6125 audio=490.0s partials=20 | rec=2 | pipe=✅
[18:55:31.741] Pipe ricevuto: PING
[18:55:32.477] 💓 up=500s | cb=6250 audio=500.0s partials=20 | rec=2 | pipe=✅
[18:55:33.591]   🎯 [partial] RECOGNIZED:0.85:ingegnere
[18:55:34.471]   🎯 [partial] RECOGNIZED:0.85:benzina
[18:55:41.740] Pipe ricevuto: PING
[18:55:42.478] 💓 up=510s | cb=6375 audio=510.0s partials=22 | rec=4 | pipe=✅
[18:55:51.737] Pipe ricevuto: PING
[18:55:52.478] 💓 up=520s | cb=6500 audio=520.0s partials=22 | rec=4 | pipe=✅
[18:56:01.746] Pipe ricevuto: PING
[18:56:02.479] 💓 up=530s | cb=6625 audio=530.0s partials=22 | rec=4 | pipe=✅
[18:56:11.740] Pipe ricevuto: PING
[18:56:12.479] 💓 up=540s | cb=6750 audio=540.0s partials=22 | rec=4 | pipe=✅
[18:56:21.741] Pipe ricevuto: PING
[18:56:22.480] 💓 up=550s | cb=6875 audio=550.0s partials=22 | rec=4 | pipe=✅
[18:56:31.741] Pipe ricevuto: PING
[18:56:32.480] 💓 up=560s | cb=7000 audio=560.0s partials=22 | rec=4 | pipe=✅
[18:56:41.744] Pipe ricevuto: PING
[18:56:42.481] 💓 up=570s | cb=7125 audio=570.0s partials=22 | rec=4 | pipe=✅
[18:56:51.744] Pipe ricevuto: PING
[18:56:52.481] 💓 up=580s | cb=7250 audio=580.0s partials=22 | rec=4 | pipe=✅
[18:57:01.743] Pipe ricevuto: PING
[18:57:02.482] 💓 up=590s | cb=7375 audio=590.0s partials=22 | rec=4 | pipe=✅
[18:57:11.746] Pipe ricevuto: PING
[18:57:12.482] 💓 up=600s | cb=7500 audio=600.0s partials=22 | rec=4 | pipe=✅
[18:57:21.741] Pipe ricevuto: PING
[18:57:22.483] 💓 up=610s | cb=7625 audio=610.0s partials=22 | rec=4 | pipe=✅
[18:57:31.737] Pipe ricevuto: PING
[18:57:32.483] 💓 up=620s | cb=7750 audio=620.0s partials=22 | rec=4 | pipe=✅
[18:57:41.746] Pipe ricevuto: PING
[18:57:42.484] 💓 up=630s | cb=7875 audio=630.0s partials=22 | rec=4 | pipe=✅
[18:57:51.742] Pipe ricevuto: PING
[18:57:52.484] 💓 up=640s | cb=8000 audio=640.0s partials=22 | rec=4 | pipe=✅
[18:58:01.742] Pipe ricevuto: PING
[18:58:02.485] 💓 up=650s | cb=8125 audio=650.0s partials=22 | rec=4 | pipe=✅
[18:58:11.741] Pipe ricevuto: PING
[18:58:12.485] 💓 up=660s | cb=8250 audio=660.0s partials=22 | rec=4 | pipe=✅
[18:58:21.738] Pipe ricevuto: PING
[18:58:22.486] 💓 up=670s | cb=8375 audio=670.0s partials=22 | rec=4 | pipe=✅
[18:58:31.739] Pipe ricevuto: PING
[18:58:32.486] 💓 up=680s | cb=8500 audio=680.0s partials=22 | rec=4 | pipe=✅
[18:58:41.743] Pipe ricevuto: PING
[18:58:42.487] 💓 up=690s | cb=8625 audio=690.0s partials=22 | rec=4 | pipe=✅
[18:58:51.745] Pipe ricevuto: PING
[18:58:52.488] 💓 up=700s | cb=8750 audio=700.0s partials=22 | rec=4 | pipe=✅
[18:59:01.742] Pipe ricevuto: PING
[18:59:02.488] 💓 up=710s | cb=8875 audio=710.0s partials=22 | rec=4 | pipe=✅
[18:59:11.743] Pipe ricevuto: PING
[18:59:12.489] 💓 up=720s | cb=9000 audio=720.0s partials=22 | rec=4 | pipe=✅
[18:59:21.743] Pipe ricevuto: PING
[18:59:22.489] 💓 up=730s | cb=9125 audio=730.0s partials=22 | rec=4 | pipe=✅
[18:59:31.743] Pipe ricevuto: PING
[18:59:32.489] 💓 up=740s | cb=9250 audio=740.0s partials=22 | rec=4 | pipe=✅
[18:59:41.746] Pipe ricevuto: PING
[18:59:42.490] 💓 up=750s | cb=9375 audio=750.0s partials=22 | rec=4 | pipe=✅
[18:59:43.751]   ⏳ Pending: "modalita" (attendo variante lunga, 800ms)
[18:59:44.231]   🎯 [partial] RECOGNIZED:0.85:ibrido
[18:59:51.739] Pipe ricevuto: PING
[18:59:52.490] 💓 up=760s | cb=9500 audio=760.0s partials=29 | rec=5 | pipe=✅
[19:00:01.737] Pipe ricevuto: PING
[19:00:02.491] 💓 up=770s | cb=9625 audio=770.0s partials=29 | rec=5 | pipe=✅
[19:00:11.742] Pipe ricevuto: PING
[19:00:12.491] 💓 up=780s | cb=9750 audio=780.0s partials=29 | rec=5 | pipe=✅
[19:00:21.744] Pipe ricevuto: PING
[19:00:22.492] 💓 up=790s | cb=9875 audio=790.0s partials=29 | rec=5 | pipe=✅
[19:00:31.744] Pipe ricevuto: PING
[19:00:32.492] 💓 up=800s | cb=10000 audio=800.0s partials=29 | rec=5 | pipe=✅
[19:00:41.743] Pipe ricevuto: PING
[19:00:42.493] 💓 up=810s | cb=10125 audio=810.0s partials=29 | rec=5 | pipe=✅
[19:00:51.738] Pipe ricevuto: PING
[19:00:52.493] 💓 up=820s | cb=10250 audio=820.0s partials=29 | rec=5 | pipe=✅
[19:01:01.744] Pipe ricevuto: PING
[19:01:02.494] 💓 up=830s | cb=10375 audio=830.0s partials=29 | rec=5 | pipe=✅
[19:01:11.742] Pipe ricevuto: PING
[19:01:12.494] 💓 up=840s | cb=10500 audio=840.0s partials=29 | rec=5 | pipe=✅
[19:01:21.741] Pipe ricevuto: PING
[19:01:22.495] 💓 up=850s | cb=10625 audio=850.0s partials=29 | rec=5 | pipe=✅
[19:01:31.746] Pipe ricevuto: PING
[19:01:32.495] 💓 up=860s | cb=10750 audio=860.0s partials=29 | rec=5 | pipe=✅
[19:01:41.741] Pipe ricevuto: PING
[19:01:42.496] 💓 up=870s | cb=10875 audio=870.0s partials=29 | rec=5 | pipe=✅
[19:01:51.746] Pipe ricevuto: PING
[19:01:52.496] 💓 up=880s | cb=11000 audio=880.0s partials=29 | rec=5 | pipe=✅
[19:02:01.740] Pipe ricevuto: PING
[19:02:02.497] 💓 up=890s | cb=11125 audio=890.0s partials=29 | rec=5 | pipe=✅
[19:02:11.737] Pipe ricevuto: PING
[19:02:12.497] 💓 up=900s | cb=11250 audio=900.0s partials=29 | rec=5 | pipe=✅
[19:02:21.744] Pipe ricevuto: PING
[19:02:22.498] 💓 up=910s | cb=11375 audio=910.0s partials=29 | rec=5 | pipe=✅
[19:02:31.744] Pipe ricevuto: PING
[19:02:32.498] 💓 up=920s | cb=11500 audio=920.0s partials=29 | rec=5 | pipe=✅
[19:02:41.743] Pipe ricevuto: PING
[19:02:42.498] 💓 up=930s | cb=11625 audio=930.0s partials=29 | rec=5 | pipe=✅
[19:02:51.747] Pipe ricevuto: PING
[19:02:52.499] 💓 up=940s | cb=11750 audio=940.0s partials=29 | rec=5 | pipe=✅
[19:03:01.741] Pipe ricevuto: PING
[19:03:02.499] 💓 up=950s | cb=11875 audio=950.0s partials=29 | rec=5 | pipe=✅
[19:03:11.738] Pipe ricevuto: PING
[19:03:12.500] 💓 up=960s | cb=12000 audio=960.0s partials=29 | rec=5 | pipe=✅
[19:03:21.738] Pipe ricevuto: PING
[19:03:22.500] 💓 up=970s | cb=12125 audio=970.0s partials=29 | rec=5 | pipe=✅
[19:03:31.738] Pipe ricevuto: PING
[19:03:32.500] 💓 up=980s | cb=12250 audio=980.0s partials=29 | rec=5 | pipe=✅
[19:03:41.743] Pipe ricevuto: PING
[19:03:42.501] 💓 up=990s | cb=12375 audio=990.0s partials=29 | rec=5 | pipe=✅
[19:03:51.740] Pipe ricevuto: PING
[19:03:52.501] 💓 up=1000s | cb=12500 audio=1000.0s partials=29 | rec=5 | pipe=✅
[19:03:57.935] Pipe ricevuto: STOP
[19:04:21.474] ============================================================
[19:04:21.474] MMCM Speech Helper — Python + Vosk v3.3 (EVO grammar)
[19:04:21.475] ============================================================
[19:04:21.475] Python: 3.12.7 (tags/v3.12.7:0b05ead, Oct  1 2024, 03:06:41) [MSC v.1941 64 bit (AMD64)]
[19:04:21.475] Processo: 64-bit
[19:04:21.475] PID: 35804
[19:04:21.475] ⚠️ SetPriorityClass ha restituito False
[19:04:21.476] Lingua richiesta: it
[19:04:21.476] ✅ Modello Vosk per lingua 'it': C:\Program Files (x86)\SimHub\MMCMSpeechHelper\model-it
[19:04:21.476] CommandMatcher: 84 comandi (it), 7 con varianti più lunghe
[19:04:21.476] Caricamento modello Vosk: C:\Program Files (x86)\SimHub\MMCMSpeechHelper\model-it
[19:04:21.752] Modello caricato in 0.3s
[19:04:21.752] Grammar: 84 comandi
[19:04:21.753] ✅ Vosk recognizer pronto!
[19:04:21.754] Pipe: in attesa connessione...
[19:04:21.754] Recognition loop avviato (thread priorità alta)
[19:04:21.754] Dispositivi audio input:
[19:04:21.754] Premi Ctrl+C per uscire
[19:04:21.754]   [0] Microsoft Sound Mapper - Input (ch: 2, sr: 44100Hz)
[19:04:21.754]   [1] Microfono (G06-BT) (ch: 1, sr: 44100Hz) ← DEFAULT
[19:04:21.754]   [9] Driver primario di acquisizione suoni (ch: 2, sr: 44100Hz)
[19:04:21.754]   [10] Microfono (G06-BT) (ch: 1, sr: 44100Hz)
[19:04:21.754]   [24] Microfono (G06-BT) (ch: 1, sr: 48000Hz)
[19:04:21.754]   [25] Linea in ingresso (Realtek HD Audio Line input) (ch: 2, sr: 44100Hz)
[19:04:21.754]   [26] Microfono (Realtek HD Audio Mic input) (ch: 2, sr: 44100Hz)
[19:04:21.754]   [28] Missaggio stereo (Realtek HD Audio Stereo input) (ch: 2, sr: 44100Hz)
[19:04:21.754]   [32] Input (SYSVAD Wave Speaker) (ch: 2, sr: 44100Hz)
[19:04:21.754]   [36] Microfono (G06-BT) (ch: 1, sr: 48000Hz)
[19:04:21.762] 🎤 Audio: 16000Hz mono, block=1280 (80ms), latency=low
[19:04:21.762] ✅ In ascolto! Parla...
[19:04:24.032] Pipe: connesso!
[19:04:31.044] Pipe ricevuto: PING
[19:04:31.755] 💓 up=10s | cb=124 audio=9.9s partials=0 | rec=0 | pipe=✅
[19:04:41.050] Pipe ricevuto: PING
[19:04:41.755] 💓 up=20s | cb=249 audio=19.9s partials=0 | rec=0 | pipe=✅
[19:04:51.055] Pipe ricevuto: PING
[19:04:51.756] 💓 up=30s | cb=374 audio=29.9s partials=0 | rec=0 | pipe=✅
[19:05:01.040] Pipe ricevuto: PING
[19:05:01.756] 💓 up=40s | cb=499 audio=39.9s partials=0 | rec=0 | pipe=✅
[19:05:11.054] Pipe ricevuto: PING
[19:05:11.757] 💓 up=50s | cb=624 audio=49.9s partials=0 | rec=0 | pipe=✅
[19:05:21.057] Pipe ricevuto: PING
[19:05:21.757] 💓 up=60s | cb=749 audio=59.9s partials=0 | rec=0 | pipe=✅
[19:05:31.050] Pipe ricevuto: PING
[19:05:31.758] 💓 up=70s | cb=874 audio=69.9s partials=0 | rec=0 | pipe=✅
[19:05:41.050] Pipe ricevuto: PING
[19:05:41.758] 💓 up=80s | cb=999 audio=79.9s partials=0 | rec=0 | pipe=✅
[19:05:51.054] Pipe ricevuto: PING
[19:05:51.759] 💓 up=90s | cb=1124 audio=89.9s partials=0 | rec=0 | pipe=✅
[19:05:55.294]   🎯 [partial] RECOGNIZED:0.85:classifica
[19:06:01.059] Pipe ricevuto: PING
[19:06:01.759] 💓 up=100s | cb=1249 audio=99.9s partials=1 | rec=1 | pipe=✅
[19:06:04.617] Pipe ricevuto: STOP
[19:06:27.883] ============================================================
[19:06:27.883] MMCM Speech Helper — Python + Vosk v3.3 (EVO grammar)
[19:06:27.883] ============================================================
[19:06:27.883] Python: 3.12.7 (tags/v3.12.7:0b05ead, Oct  1 2024, 03:06:41) [MSC v.1941 64 bit (AMD64)]
[19:06:27.883] Processo: 64-bit
[19:06:27.883] PID: 22868
[19:06:27.883] ⚠️ SetPriorityClass ha restituito False
[19:06:27.883] Lingua richiesta: it
[19:06:27.883] ✅ Modello Vosk per lingua 'it': C:\Program Files (x86)\SimHub\MMCMSpeechHelper\model-it
[19:06:27.883] CommandMatcher: 84 comandi (it), 7 con varianti più lunghe
[19:06:27.883] Caricamento modello Vosk: C:\Program Files (x86)\SimHub\MMCMSpeechHelper\model-it
[19:06:28.171] Modello caricato in 0.3s
[19:06:28.171] Grammar: 84 comandi
[19:06:28.172] ✅ Vosk recognizer pronto!
[19:06:28.172] Pipe: in attesa connessione...
[19:06:28.172] Recognition loop avviato (thread priorità alta)
[19:06:28.172] Dispositivi audio input:
[19:06:28.172] Premi Ctrl+C per uscire
[19:06:28.172]   [0] Microsoft Sound Mapper - Input (ch: 2, sr: 44100Hz)
[19:06:28.173]   [1] Microfono (G06-BT) (ch: 1, sr: 44100Hz) ← DEFAULT
[19:06:28.173]   [9] Driver primario di acquisizione suoni (ch: 2, sr: 44100Hz)
[19:06:28.173]   [10] Microfono (G06-BT) (ch: 1, sr: 44100Hz)
[19:06:28.173]   [24] Microfono (G06-BT) (ch: 1, sr: 48000Hz)
[19:06:28.173]   [25] Linea in ingresso (Realtek HD Audio Line input) (ch: 2, sr: 44100Hz)
[19:06:28.173]   [26] Microfono (Realtek HD Audio Mic input) (ch: 2, sr: 44100Hz)
[19:06:28.173]   [28] Missaggio stereo (Realtek HD Audio Stereo input) (ch: 2, sr: 44100Hz)
[19:06:28.173]   [32] Input (SYSVAD Wave Speaker) (ch: 2, sr: 44100Hz)
[19:06:28.173]   [36] Microfono (G06-BT) (ch: 1, sr: 48000Hz)
[19:06:28.179] 🎤 Audio: 16000Hz mono, block=1280 (80ms), latency=low
[19:06:28.179] ✅ In ascolto! Parla...
[19:06:30.452] Pipe: connesso!
[19:06:37.464] Pipe ricevuto: PING
[19:06:38.173] 💓 up=10s | cb=124 audio=9.9s partials=0 | rec=0 | pipe=✅
[19:06:47.461] Pipe ricevuto: PING
[19:06:48.173] 💓 up=20s | cb=249 audio=19.9s partials=0 | rec=0 | pipe=✅
[19:06:57.459] Pipe ricevuto: PING
[19:06:58.174] 💓 up=30s | cb=374 audio=29.9s partials=0 | rec=0 | pipe=✅
[19:07:07.459] Pipe ricevuto: PING
[19:07:08.174] 💓 up=40s | cb=499 audio=39.9s partials=0 | rec=0 | pipe=✅
[19:07:17.457] Pipe ricevuto: PING
[19:07:18.175] 💓 up=50s | cb=624 audio=49.9s partials=0 | rec=0 | pipe=✅
[19:07:27.460] Pipe ricevuto: PING
[19:07:28.175] 💓 up=60s | cb=749 audio=59.9s partials=0 | rec=0 | pipe=✅
[19:07:37.466] Pipe ricevuto: PING
[19:07:38.176] 💓 up=70s | cb=874 audio=69.9s partials=0 | rec=0 | pipe=✅
[19:07:47.456] Pipe ricevuto: PING
[19:07:48.176] 💓 up=80s | cb=999 audio=79.9s partials=0 | rec=0 | pipe=✅
[19:07:57.460] Pipe ricevuto: PING
[19:07:58.177] 💓 up=90s | cb=1124 audio=89.9s partials=0 | rec=0 | pipe=✅
[19:08:07.459] Pipe ricevuto: PING
[19:08:08.177] 💓 up=100s | cb=1249 audio=99.9s partials=0 | rec=0 | pipe=✅
[19:08:17.463] Pipe ricevuto: PING
[19:08:18.178] 💓 up=110s | cb=1374 audio=109.9s partials=0 | rec=0 | pipe=✅
[19:08:27.459] Pipe ricevuto: PING
[19:08:28.178] 💓 up=120s | cb=1499 audio=119.9s partials=0 | rec=0 | pipe=✅
[19:08:37.459] Pipe ricevuto: PING
[19:08:38.179] 💓 up=130s | cb=1624 audio=129.9s partials=0 | rec=0 | pipe=✅
[19:08:47.462] Pipe ricevuto: PING
[19:08:48.180] 💓 up=140s | cb=1749 audio=139.9s partials=0 | rec=0 | pipe=✅
[19:08:57.463] Pipe ricevuto: PING
[19:08:58.180] 💓 up=150s | cb=1874 audio=149.9s partials=0 | rec=0 | pipe=✅
[19:09:05.790]   🎯 [partial] RECOGNIZED:0.85:classifica
[19:09:07.463] Pipe ricevuto: PING
[19:09:08.181] 💓 up=160s | cb=1999 audio=159.9s partials=1 | rec=1 | pipe=✅
[19:09:17.458] Pipe ricevuto: PING
[19:09:18.181] 💓 up=170s | cb=2124 audio=169.9s partials=1 | rec=1 | pipe=✅
[19:09:27.462] Pipe ricevuto: PING
[19:09:28.182] 💓 up=180s | cb=2249 audio=179.9s partials=1 | rec=1 | pipe=✅
[19:09:37.465] Pipe ricevuto: PING
[19:09:38.182] 💓 up=190s | cb=2374 audio=189.9s partials=1 | rec=1 | pipe=✅
[19:09:47.461] Pipe ricevuto: PING
[19:09:48.183] 💓 up=200s | cb=2499 audio=199.9s partials=1 | rec=1 | pipe=✅
[19:09:57.462] Pipe ricevuto: PING
[19:09:58.183] 💓 up=210s | cb=2624 audio=209.9s partials=1 | rec=1 | pipe=✅
[19:10:07.457] Pipe ricevuto: PING
[19:10:08.184] 💓 up=220s | cb=2749 audio=219.9s partials=1 | rec=1 | pipe=✅
[19:10:17.459] Pipe ricevuto: PING
[19:10:18.185] 💓 up=230s | cb=2874 audio=229.9s partials=1 | rec=1 | pipe=✅
[19:10:27.457] Pipe ricevuto: PING
[19:10:28.185] 💓 up=240s | cb=2999 audio=239.9s partials=1 | rec=1 | pipe=✅
[19:10:37.459] Pipe ricevuto: PING
[19:10:38.186] 💓 up=250s | cb=3124 audio=249.9s partials=1 | rec=1 | pipe=✅
[19:10:47.460] Pipe ricevuto: PING
[19:10:48.186] 💓 up=260s | cb=3249 audio=259.9s partials=1 | rec=1 | pipe=✅
[19:10:57.464] Pipe ricevuto: PING
[19:10:58.187] 💓 up=270s | cb=3374 audio=269.9s partials=1 | rec=1 | pipe=✅
[19:11:06.910]   🎯 [partial] RECOGNIZED:0.85:classifica
[19:11:07.457] Pipe ricevuto: PING
[19:11:08.187] 💓 up=280s | cb=3500 audio=280.0s partials=2 | rec=2 | pipe=✅
[19:11:17.462] Pipe ricevuto: PING
[19:11:18.188] 💓 up=290s | cb=3625 audio=290.0s partials=2 | rec=2 | pipe=✅
[19:11:27.464] Pipe ricevuto: PING
[19:11:28.188] 💓 up=300s | cb=3750 audio=300.0s partials=2 | rec=2 | pipe=✅
[19:11:37.461] Pipe ricevuto: PING
[19:11:38.189] 💓 up=310s | cb=3875 audio=310.0s partials=2 | rec=2 | pipe=✅
[19:11:47.458] Pipe ricevuto: PING
[19:11:48.189] 💓 up=320s | cb=4000 audio=320.0s partials=2 | rec=2 | pipe=✅
[19:11:57.460] Pipe ricevuto: PING
[19:11:58.189] 💓 up=330s | cb=4125 audio=330.0s partials=2 | rec=2 | pipe=✅
[19:12:07.319] Pipe ricevuto: STOP
[21:02:47.205] ============================================================
[21:02:47.205] MMCM Speech Helper — Python + Vosk v3.3 (EVO grammar)
[21:02:47.205] ============================================================
[21:02:47.205] Python: 3.12.7 (tags/v3.12.7:0b05ead, Oct  1 2024, 03:06:41) [MSC v.1941 64 bit (AMD64)]
[21:02:47.205] Processo: 64-bit
[21:02:47.205] PID: 13356
[21:02:47.206] ⚠️ SetPriorityClass ha restituito False
[21:02:47.206] Lingua richiesta: it
[21:02:47.206] ✅ Modello Vosk per lingua 'it': C:\Program Files (x86)\SimHub\MMCMSpeechHelper\model-it
[21:02:47.206] CommandMatcher: 84 comandi (it), 7 con varianti più lunghe
[21:02:47.206] Caricamento modello Vosk: C:\Program Files (x86)\SimHub\MMCMSpeechHelper\model-it
[21:02:47.514] Modello caricato in 0.3s
[21:02:47.514] Grammar: 84 comandi
[21:02:47.521] ✅ Vosk recognizer pronto!
[21:02:47.521] Pipe: in attesa connessione...
[21:02:47.522] Recognition loop avviato (thread priorità alta)
[21:02:47.522] Premi Ctrl+C per uscire
[21:02:47.522] Dispositivi audio input:
[21:02:47.522]   [0] Microsoft Sound Mapper - Input (ch: 2, sr: 44100Hz)
[21:02:47.522]   [1] Microfono (G06-BT) (ch: 1, sr: 44100Hz) ← DEFAULT
[21:02:47.522]   [9] Driver primario di acquisizione suoni (ch: 2, sr: 44100Hz)
[21:02:47.522]   [10] Microfono (G06-BT) (ch: 1, sr: 44100Hz)
[21:02:47.522]   [24] Microfono (G06-BT) (ch: 1, sr: 48000Hz)
[21:02:47.522]   [25] Linea in ingresso (Realtek HD Audio Line input) (ch: 2, sr: 44100Hz)
[21:02:47.522]   [26] Microfono (Realtek HD Audio Mic input) (ch: 2, sr: 44100Hz)
[21:02:47.522]   [28] Missaggio stereo (Realtek HD Audio Stereo input) (ch: 2, sr: 44100Hz)
[21:02:47.522]   [32] Input (SYSVAD Wave Speaker) (ch: 2, sr: 44100Hz)
[21:02:47.523]   [36] Microfono (G06-BT) (ch: 1, sr: 48000Hz)
[21:02:47.530] 🎤 Audio: 16000Hz mono, block=1280 (80ms), latency=low
[21:02:47.530] ✅ In ascolto! Parla...
[21:02:49.216] Pipe: connesso!
[21:02:56.136] Pipe ricevuto: PING
[21:02:57.522] 💓 up=10s | cb=124 audio=9.9s partials=0 | rec=0 | pipe=✅
[21:03:06.130] Pipe ricevuto: PING
[21:03:07.523] 💓 up=20s | cb=249 audio=19.9s partials=0 | rec=0 | pipe=✅
[21:03:16.127] Pipe ricevuto: PING
[21:03:17.523] 💓 up=30s | cb=374 audio=29.9s partials=0 | rec=0 | pipe=✅
[21:03:26.132] Pipe ricevuto: PING
[21:03:27.523] 💓 up=40s | cb=499 audio=39.9s partials=0 | rec=0 | pipe=✅
[21:03:36.134] Pipe ricevuto: PING
[21:03:37.524] 💓 up=50s | cb=624 audio=49.9s partials=0 | rec=0 | pipe=✅
[21:03:46.128] Pipe ricevuto: PING
[21:03:47.524] 💓 up=60s | cb=749 audio=59.9s partials=0 | rec=0 | pipe=✅
[21:03:56.135] Pipe ricevuto: PING
[21:03:57.525] 💓 up=70s | cb=874 audio=69.9s partials=0 | rec=0 | pipe=✅
[21:04:06.128] Pipe ricevuto: PING
[21:04:07.526] 💓 up=80s | cb=999 audio=79.9s partials=0 | rec=0 | pipe=✅
[21:04:16.133] Pipe ricevuto: PING
[21:04:17.526] 💓 up=90s | cb=1124 audio=89.9s partials=0 | rec=0 | pipe=✅
[21:04:26.132] Pipe ricevuto: PING
[21:04:27.526] 💓 up=100s | cb=1249 audio=99.9s partials=0 | rec=0 | pipe=✅
[21:04:36.132] Pipe ricevuto: PING
[21:04:37.527] 💓 up=110s | cb=1374 audio=109.9s partials=0 | rec=0 | pipe=✅
[21:04:46.129] Pipe ricevuto: PING
[21:04:47.527] 💓 up=120s | cb=1499 audio=119.9s partials=0 | rec=0 | pipe=✅
[21:04:56.131] Pipe ricevuto: PING
[21:04:57.528] 💓 up=130s | cb=1624 audio=129.9s partials=0 | rec=0 | pipe=✅
[21:05:06.131] Pipe ricevuto: PING
[21:05:07.528] 💓 up=140s | cb=1749 audio=139.9s partials=0 | rec=0 | pipe=✅
[21:05:16.130] Pipe ricevuto: PING
[21:05:17.529] 💓 up=150s | cb=1874 audio=149.9s partials=0 | rec=0 | pipe=✅
[21:05:26.134] Pipe ricevuto: PING
[21:05:27.530] 💓 up=160s | cb=1999 audio=159.9s partials=0 | rec=0 | pipe=✅
[21:05:36.132] Pipe ricevuto: PING
[21:05:37.530] 💓 up=170s | cb=2124 audio=169.9s partials=0 | rec=0 | pipe=✅
[21:05:46.135] Pipe ricevuto: PING
[21:05:47.531] 💓 up=180s | cb=2249 audio=179.9s partials=0 | rec=0 | pipe=✅
[21:05:56.135] Pipe ricevuto: PING
[21:05:57.531] 💓 up=190s | cb=2374 audio=189.9s partials=0 | rec=0 | pipe=✅
[21:06:06.133] Pipe ricevuto: PING
[21:06:07.532] 💓 up=200s | cb=2499 audio=199.9s partials=0 | rec=0 | pipe=✅
[21:06:16.135] Pipe ricevuto: PING
[21:06:17.532] 💓 up=210s | cb=2624 audio=209.9s partials=0 | rec=0 | pipe=✅
[21:06:26.136] Pipe ricevuto: PING
[21:06:27.533] 💓 up=220s | cb=2749 audio=219.9s partials=0 | rec=0 | pipe=✅
[21:06:36.129] Pipe ricevuto: PING
[21:06:37.533] 💓 up=230s | cb=2874 audio=229.9s partials=0 | rec=0 | pipe=✅
[21:06:46.130] Pipe ricevuto: PING
[21:06:47.534] 💓 up=240s | cb=2999 audio=239.9s partials=0 | rec=0 | pipe=✅
[21:06:56.128] Pipe ricevuto: PING
[21:06:57.534] 💓 up=250s | cb=3124 audio=249.9s partials=0 | rec=0 | pipe=✅
[21:07:06.133] Pipe ricevuto: PING
[21:07:07.535] 💓 up=260s | cb=3249 audio=259.9s partials=0 | rec=0 | pipe=✅
[21:07:16.138] Pipe ricevuto: PING
[21:07:17.535] 💓 up=270s | cb=3374 audio=269.9s partials=0 | rec=0 | pipe=✅
[21:07:26.135] Pipe ricevuto: PING
[21:07:27.536] 💓 up=280s | cb=3499 audio=279.9s partials=0 | rec=0 | pipe=✅
[21:07:36.129] Pipe ricevuto: PING
[21:07:37.536] 💓 up=290s | cb=3624 audio=289.9s partials=0 | rec=0 | pipe=✅
[21:07:46.136] Pipe ricevuto: PING
[21:07:47.537] 💓 up=300s | cb=3750 audio=300.0s partials=0 | rec=0 | pipe=✅
[21:07:56.131] Pipe ricevuto: PING
[21:07:57.537] 💓 up=310s | cb=3875 audio=310.0s partials=0 | rec=0 | pipe=✅
[21:08:06.130] Pipe ricevuto: PING
[21:08:07.538] 💓 up=320s | cb=4000 audio=320.0s partials=0 | rec=0 | pipe=✅
[21:08:16.134] Pipe ricevuto: PING
[21:08:17.538] 💓 up=330s | cb=4125 audio=330.0s partials=0 | rec=0 | pipe=✅
[21:08:26.134] Pipe ricevuto: PING
[21:08:27.538] 💓 up=340s | cb=4250 audio=340.0s partials=0 | rec=0 | pipe=✅
[21:08:36.134] Pipe ricevuto: PING
[21:08:37.539] 💓 up=350s | cb=4375 audio=350.0s partials=0 | rec=0 | pipe=✅
[21:08:46.133] Pipe ricevuto: PING
[21:08:47.540] 💓 up=360s | cb=4500 audio=360.0s partials=0 | rec=0 | pipe=✅
[21:08:56.132] Pipe ricevuto: PING
[21:08:57.540] 💓 up=370s | cb=4625 audio=370.0s partials=0 | rec=0 | pipe=✅
[21:09:06.132] Pipe ricevuto: PING
[21:09:07.541] 💓 up=380s | cb=4750 audio=380.0s partials=0 | rec=0 | pipe=✅
[21:09:16.128] Pipe ricevuto: PING
[21:09:17.541] 💓 up=390s | cb=4875 audio=390.0s partials=0 | rec=0 | pipe=✅
[21:09:26.137] Pipe ricevuto: PING
[21:09:27.542] 💓 up=400s | cb=5000 audio=400.0s partials=0 | rec=0 | pipe=✅
[21:09:32.341]   🎯 [partial] RECOGNIZED:0.85:ingegnere
[21:09:36.138] Pipe ricevuto: PING
[21:09:37.542] 💓 up=410s | cb=5125 audio=410.0s partials=1 | rec=1 | pipe=✅
[21:09:46.136] Pipe ricevuto: PING
[21:09:47.543] 💓 up=420s | cb=5250 audio=420.0s partials=1 | rec=1 | pipe=✅
[21:09:56.134] Pipe ricevuto: PING
[21:09:57.543] 💓 up=430s | cb=5375 audio=430.0s partials=1 | rec=1 | pipe=✅
[21:10:06.134] Pipe ricevuto: PING
[21:10:07.544] 💓 up=440s | cb=5500 audio=440.0s partials=1 | rec=1 | pipe=✅
[21:10:16.134] Pipe ricevuto: PING
[21:10:17.544] 💓 up=450s | cb=5625 audio=450.0s partials=1 | rec=1 | pipe=✅
[21:10:26.132] Pipe ricevuto: PING
[21:10:27.545] 💓 up=460s | cb=5750 audio=460.0s partials=1 | rec=1 | pipe=✅
[21:10:36.130] Pipe ricevuto: PING
[21:10:37.545] 💓 up=470s | cb=5875 audio=470.0s partials=1 | rec=1 | pipe=✅
[21:10:46.129] Pipe ricevuto: PING
[21:10:47.546] 💓 up=480s | cb=6000 audio=480.0s partials=1 | rec=1 | pipe=✅
[21:10:56.128] Pipe ricevuto: PING
[21:10:57.547] 💓 up=490s | cb=6125 audio=490.0s partials=1 | rec=1 | pipe=✅
[21:11:06.128] Pipe ricevuto: PING
[21:11:07.547] 💓 up=500s | cb=6250 audio=500.0s partials=1 | rec=1 | pipe=✅
[21:11:16.127] Pipe ricevuto: PING
[21:11:17.548] 💓 up=510s | cb=6375 audio=510.0s partials=1 | rec=1 | pipe=✅
[21:11:26.135] Pipe ricevuto: PING
[21:11:27.549] 💓 up=520s | cb=6500 audio=520.0s partials=1 | rec=1 | pipe=✅
[21:11:36.135] Pipe ricevuto: PING
[21:11:37.549] 💓 up=530s | cb=6625 audio=530.0s partials=1 | rec=1 | pipe=✅
[21:11:46.135] Pipe ricevuto: PING
[21:11:47.550] 💓 up=540s | cb=6750 audio=540.0s partials=1 | rec=1 | pipe=✅
[21:11:56.134] Pipe ricevuto: PING
[21:11:57.550] 💓 up=550s | cb=6875 audio=550.0s partials=1 | rec=1 | pipe=✅
[21:12:06.134] Pipe ricevuto: PING
[21:12:07.551] 💓 up=560s | cb=7000 audio=560.0s partials=1 | rec=1 | pipe=✅
[21:12:16.132] Pipe ricevuto: PING
[21:12:17.552] 💓 up=570s | cb=7125 audio=570.0s partials=1 | rec=1 | pipe=✅
[21:12:26.132] Pipe ricevuto: PING
[21:12:27.552] 💓 up=580s | cb=7250 audio=580.0s partials=1 | rec=1 | pipe=✅
[21:12:36.130] Pipe ricevuto: PING
[21:12:37.553] 💓 up=590s | cb=7375 audio=590.0s partials=1 | rec=1 | pipe=✅
[21:12:40.660]   🎯 [partial] RECOGNIZED:0.85:gomme
[21:12:44.496]   ... "quanto manca"
[21:12:44.660]   📝 Finale: "quanto"
[21:12:46.128] Pipe ricevuto: PING
[21:12:47.553] 💓 up=600s | cb=7500 audio=600.0s partials=12 | rec=2 | pipe=✅
[21:12:47.781]   ⏳ Pending: "distacco" (attendo variante lunga, 800ms)
[21:12:48.021]   📝 Finale: "giri"
[21:12:48.260]   🎯 [partial] RECOGNIZED:0.85:batteria
[21:12:50.177]   ... "stato"
[21:12:50.340]   🎯 [partial] RECOGNIZED:0.85:pad
[21:12:51.777]   ... "sono"
[21:12:52.181]   📝 Finale: "sono"
[21:12:54.582]   🎯 [partial] RECOGNIZED:0.85:track limit
[21:12:56.128] Pipe ricevuto: PING
[21:12:57.554] 💓 up=610s | cb=7625 audio=610.0s partials=38 | rec=5 | pipe=✅
[21:12:58.657]   ... "temperature"
[21:12:59.781]   📝 Finale: "pressioni"
[21:12:59.781]   🎯 [final] RECOGNIZED:0.85:pressioni
[21:13:02.100]   ⏳ Pending: "distacco" (attendo variante lunga, 800ms)
[21:13:02.956]   ⏰ Pending timeout: "distacco" (859ms)
[21:13:02.956]   🎯 [partial+timeout] RECOGNIZED:0.85:distacco
[21:13:05.377]   ... "come"
[21:13:05.940]   📝 Finale: "come"
[21:13:06.128] Pipe ricevuto: PING
[21:13:07.554] 💓 up=620s | cb=7750 audio=620.0s partials=56 | rec=7 | pipe=✅
[21:13:12.660]   ... "al primo"
[21:13:13.457]   ... "al ho"
[21:13:14.101]   📝 Finale: "al ho messo"
[21:13:16.138] Pipe ricevuto: PING
[21:13:17.555] 💓 up=630s | cb=7848 audio=627.8s partials=77 | rec=7 | pipe=✅
[21:13:48.036] Pipe ricevuto: PING
[21:13:49.462] 💓 up=662s | cb=7848 audio=627.8s partials=77 | rec=7 | pipe=✅
[21:13:58.034] Pipe ricevuto: PING
[21:13:59.462] 💓 up=672s | cb=7970 audio=637.6s partials=77 | rec=7 | pipe=✅
[21:14:01.022]   ... "andando"
[21:14:01.105]   🎯 [partial] RECOGNIZED:0.85:autonomia
[21:14:08.036] Pipe ricevuto: PING
[21:14:09.463] 💓 up=682s | cb=8095 audio=647.6s partials=81 | rec=8 | pipe=✅
[21:14:14.946]   🎯 [partial] RECOGNIZED:0.85:passo
[21:14:17.582]   ... "chi ho"
[21:14:17.986]   📝 Finale: "chi ho"
[21:14:18.035] Pipe ricevuto: PING
[21:14:19.464] 💓 up=692s | cb=8220 audio=657.6s partials=94 | rec=9 | pipe=✅
[21:14:26.302]   ... "al primo"
[21:14:26.626]   📝 Finale: "al quanto"
[21:14:26.865]   🎯 [partial] RECOGNIZED:0.85:olio
[21:14:28.035] Pipe ricevuto: PING
[21:14:28.947]   ⏳ Pending: "situazione" (attendo variante lunga, 800ms)
[21:14:29.342]   ... "situazione"
[21:14:29.464] 💓 up=702s | cb=8345 audio=667.6s partials=111 | rec=10 | pipe=✅
[21:14:29.798]   ⏰ Pending timeout: "situazione" (859ms)
[21:14:29.798]   🎯 [partial+timeout] RECOGNIZED:0.85:situazione
[21:14:38.034] Pipe ricevuto: PING
[21:14:39.465] 💓 up=712s | cb=8470 audio=677.6s partials=113 | rec=11 | pipe=✅
[21:14:46.465]   ⏳ Pending: "media" (attendo variante lunga, 800ms)
[21:14:46.946]   📝 Finale: "media"
[21:14:46.947]   🎯 [final] RECOGNIZED:0.85:media
[21:14:48.043] Pipe ricevuto: PING
[21:14:49.466] 💓 up=722s | cb=8595 audio=687.6s partials=119 | rec=12 | pipe=✅
[21:14:58.044] Pipe ricevuto: PING
[21:14:59.107]   ... "ers"
[21:14:59.107]   🎯 [partial] RECOGNIZED:0.85:ers
[21:14:59.466] 💓 up=732s | cb=8720 audio=697.6s partials=120 | rec=13 | pipe=✅
[21:15:00.706]   📝 Finale: "leader"
[21:15:01.666]   🎯 [partial] RECOGNIZED:0.85:strategia
[21:15:06.866]   📝 Finale: "ers"
[21:15:06.866]   🎯 [final] RECOGNIZED:0.85:ers
[21:15:07.985]   🎯 [partial] RECOGNIZED:0.85:benzina
[21:15:08.039] Pipe ricevuto: PING
[21:15:09.467] 💓 up=742s | cb=8845 audio=707.6s partials=128 | rec=16 | pipe=✅
[21:15:09.826]   🎯 [partial] RECOGNIZED:0.85:passo
[21:15:14.068]   ... "classifica"
[21:15:14.068]   🎯 [partial] RECOGNIZED:0.85:classifica
[21:15:16.626]   🎯 [partial] RECOGNIZED:0.85:report
[21:15:18.039] Pipe ricevuto: PING
[21:15:19.467] 💓 up=752s | cb=8970 audio=717.6s partials=134 | rec=19 | pipe=✅
[21:15:20.542]   ... "messo"
[21:15:21.346]   ... "messo va il"
[21:15:22.143]   ... "messo va come sto"
[21:15:22.545]   🎯 [partial] RECOGNIZED:0.85:acqua
[21:15:27.582]   ... "usura"
[21:15:27.747]   📝 Finale: "stop"
[21:15:28.042] Pipe ricevuto: PING
[21:15:29.468] 💓 up=762s | cb=9095 audio=727.6s partials=171 | rec=20 | pipe=✅
[21:15:32.306]   🎯 [partial] RECOGNIZED:0.85:gap leader
[21:15:34.625]   ⏳ Pending: "situazione" (attendo variante lunga, 800ms)
[21:15:34.702]   ... "situazione"
[21:15:35.473]   ⏰ Pending timeout: "situazione" (859ms)
[21:15:35.473]   🎯 [partial+timeout] RECOGNIZED:0.85:situazione
[21:15:38.043] Pipe ricevuto: PING
[21:15:38.226]   🎯 [partial] RECOGNIZED:0.85:meteo
[21:15:39.468] 💓 up=772s | cb=9220 audio=737.6s partials=184 | rec=23 | pipe=✅
[21:15:39.902]   ... "va il"
[21:15:40.066]   📝 Finale: "vado"
[21:15:42.142]   ... "ho"
[21:15:42.226]   📝 Finale: "ho"
[21:15:45.585]   🎯 [partial] RECOGNIZED:0.85:ers
[21:15:48.036] Pipe ricevuto: PING
[21:15:49.469] 💓 up=782s | cb=9345 audio=747.6s partials=204 | rec=24 | pipe=✅
[21:15:49.586]   🎯 [partial] RECOGNIZED:0.85:quello dietro
[21:15:51.186]   🎯 [partial] RECOGNIZED:0.85:meteo
[21:15:53.182]   🎯 [partial] RECOGNIZED:0.85:meteo
[21:15:54.065]   ... "pressioni"
[21:15:54.065]   ⏳ Pending: "pressioni" (attendo variante lunga, 800ms)
[21:15:54.923]   ⏰ Pending timeout: "pressioni" (859ms)
[21:15:54.923]   🎯 [partial+timeout] RECOGNIZED:0.85:pressioni
[21:15:55.506]   ⏳ Pending: "distacco" (attendo variante lunga, 800ms)
[21:15:55.903]   ... "distacco"
[21:15:56.363]   ⏰ Pending timeout: "distacco" (860ms)
[21:15:56.363]   🎯 [partial+timeout] RECOGNIZED:0.85:distacco
[21:15:58.042] Pipe ricevuto: PING
[21:15:59.469] 💓 up=792s | cb=9470 audio=757.6s partials=222 | rec=29 | pipe=✅
[21:16:08.039] Pipe ricevuto: PING
[21:16:09.470] 💓 up=802s | cb=9595 audio=767.6s partials=222 | rec=29 | pipe=✅
[21:16:11.902]   ... "come"
[21:16:12.546]   🎯 [partial] RECOGNIZED:0.85:come sto andando
[21:16:17.986]   🎯 [partial] RECOGNIZED:0.85:autonomia
[21:16:18.035] Pipe ricevuto: PING
[21:16:19.470] 💓 up=812s | cb=9720 audio=777.6s partials=239 | rec=31 | pipe=✅
[21:16:21.745]   ... "sono messo"
[21:16:24.385]   ⏳ Pending: "media" (attendo variante lunga, 800ms)
[21:16:24.626]   🎯 [partial] RECOGNIZED:0.85:meteo
[21:16:27.907]   ... "quello"
[21:16:28.043] Pipe ricevuto: PING
[21:16:28.626]   📝 Finale: "quello"
[21:16:29.471] 💓 up=822s | cb=9845 audio=787.6s partials=258 | rec=32 | pipe=✅
[21:16:32.466]   🎯 [partial] RECOGNIZED:0.85:davanti
[21:16:34.547]   ... "benzina"
[21:16:34.547]   🎯 [partial] RECOGNIZED:0.85:benzina
[21:16:35.905]   ... "quello"
[21:16:36.146]   📝 Finale: "quello"
[21:16:38.043] Pipe ricevuto: PING
[21:16:38.382]   ... "sto andando"
[21:16:38.545]   🎯 [partial] RECOGNIZED:0.85:autonomia
[21:16:39.471] 💓 up=832s | cb=9970 audio=797.6s partials=282 | rec=35 | pipe=✅
[21:16:48.040] Pipe ricevuto: PING
[21:16:49.472] 💓 up=842s | cb=10095 audio=807.6s partials=282 | rec=35 | pipe=✅
[21:16:58.041] Pipe ricevuto: PING
[21:16:59.472] 💓 up=852s | cb=10220 audio=817.6s partials=282 | rec=35 | pipe=✅
[21:17:07.266]   🎯 [partial] RECOGNIZED:0.85:davanti
[21:17:08.043] Pipe ricevuto: PING
[21:17:08.146]   🎯 [partial] RECOGNIZED:0.85:meteo
[21:17:09.473] 💓 up=862s | cb=10345 audio=827.6s partials=284 | rec=37 | pipe=✅
[21:17:13.982]   ... "va il giro"
[21:17:15.266]   ... "quello"
[21:17:15.747]   📝 Finale: "gap track quello"
[21:17:15.747]   🎯 [final] RECOGNIZED:0.85:gap
[21:17:18.042] Pipe ricevuto: PING
[21:17:18.786]   ⏳ Pending: "mappa" (attendo variante lunga, 800ms)
[21:17:18.862]   ... "mappa"
[21:17:19.026]   🎯 [partial] RECOGNIZED:0.85:passo
[21:17:19.473] 💓 up=872s | cb=10470 audio=837.6s partials=312 | rec=39 | pipe=✅
[21:17:22.545]   🎯 [partial] RECOGNIZED:0.85:pastiglie
[21:17:25.586]   🎯 [partial] RECOGNIZED:0.85:pastiglie
[21:17:28.034] Pipe ricevuto: PING
[21:17:28.626]   🎯 [partial] RECOGNIZED:0.85:olio
[21:17:29.474] 💓 up=882s | cb=10595 audio=847.6s partials=315 | rec=42 | pipe=✅
[21:17:35.573] Pipe ricevuto: STOP
[21:17:37.824] ============================================================
[21:17:37.824] MMCM Speech Helper — Python + Vosk v3.3 (EVO grammar)
[21:17:37.824] ============================================================
[21:17:37.824] Python: 3.12.7 (tags/v3.12.7:0b05ead, Oct  1 2024, 03:06:41) [MSC v.1941 64 bit (AMD64)]
[21:17:37.824] Processo: 64-bit
[21:17:37.824] PID: 31356
[21:17:37.824] ⚠️ SetPriorityClass ha restituito False
[21:17:37.825] Lingua richiesta: it
[21:17:37.825] ✅ Modello Vosk per lingua 'it': C:\Program Files (x86)\SimHub\MMCMSpeechHelper\model-it
[21:17:37.825] CommandMatcher: 84 comandi (it), 7 con varianti più lunghe
[21:17:37.825] Caricamento modello Vosk: C:\Program Files (x86)\SimHub\MMCMSpeechHelper\model-it
[21:17:38.127] Modello caricato in 0.3s
[21:17:38.127] Grammar: 84 comandi
[21:17:38.128] ✅ Vosk recognizer pronto!
[21:17:38.128] Pipe: in attesa connessione...
[21:17:38.129] Recognition loop avviato (thread priorità alta)
[21:17:38.129] Dispositivi audio input:
[21:17:38.129] Premi Ctrl+C per uscire
[21:17:38.129]   [0] Microsoft Sound Mapper - Input (ch: 2, sr: 44100Hz)
[21:17:38.129]   [1] Microfono (G06-BT) (ch: 1, sr: 44100Hz) ← DEFAULT
[21:17:38.129]   [9] Driver primario di acquisizione suoni (ch: 2, sr: 44100Hz)
[21:17:38.129]   [10] Microfono (G06-BT) (ch: 1, sr: 44100Hz)
[21:17:38.129]   [24] Microfono (G06-BT) (ch: 1, sr: 48000Hz)
[21:17:38.129]   [25] Linea in ingresso (Realtek HD Audio Line input) (ch: 2, sr: 44100Hz)
[21:17:38.129]   [26] Microfono (Realtek HD Audio Mic input) (ch: 2, sr: 44100Hz)
[21:17:38.130]   [28] Missaggio stereo (Realtek HD Audio Stereo input) (ch: 2, sr: 44100Hz)
[21:17:38.130]   [32] Input (SYSVAD Wave Speaker) (ch: 2, sr: 44100Hz)
[21:17:38.130]   [36] Microfono (G06-BT) (ch: 1, sr: 48000Hz)
[21:17:38.137] 🎤 Audio: 16000Hz mono, block=1280 (80ms), latency=low
[21:17:38.137] ✅ In ascolto! Parla...
[21:17:39.283] ============================================================
[21:17:39.284] MMCM Speech Helper — Python + Vosk v3.3 (EVO grammar)
[21:17:39.284] ============================================================
[21:17:39.284] Python: 3.12.7 (tags/v3.12.7:0b05ead, Oct  1 2024, 03:06:41) [MSC v.1941 64 bit (AMD64)]
[21:17:39.284] Processo: 64-bit
[21:17:39.284] PID: 19520
[21:17:39.284] ⚠️ SetPriorityClass ha restituito False
[21:17:39.284] Lingua richiesta: it
[21:17:39.284] ✅ Modello Vosk per lingua 'it': C:\Program Files (x86)\SimHub\MMCMSpeechHelper\model-it
[21:17:39.285] CommandMatcher: 84 comandi (it), 7 con varianti più lunghe
[21:17:39.285] Caricamento modello Vosk: C:\Program Files (x86)\SimHub\MMCMSpeechHelper\model-it
[21:17:39.559] Modello caricato in 0.3s
[21:17:39.559] Grammar: 84 comandi
[21:17:39.560] ✅ Vosk recognizer pronto!
[21:17:39.560] Pipe: in attesa connessione...
[21:17:39.561] Recognition loop avviato (thread priorità alta)
[21:17:39.561] Dispositivi audio input:
[21:17:39.561] Premi Ctrl+C per uscire
[21:17:39.561]   [0] Microsoft Sound Mapper - Input (ch: 2, sr: 44100Hz)
[21:17:39.561]   [1] Microfono (G06-BT) (ch: 1, sr: 44100Hz) ← DEFAULT
[21:17:39.561]   [9] Driver primario di acquisizione suoni (ch: 2, sr: 44100Hz)
[21:17:39.561]   [10] Microfono (G06-BT) (ch: 1, sr: 44100Hz)
[21:17:39.561]   [24] Microfono (G06-BT) (ch: 1, sr: 48000Hz)
[21:17:39.561]   [25] Linea in ingresso (Realtek HD Audio Line input) (ch: 2, sr: 44100Hz)
[21:17:39.561]   [26] Microfono (Realtek HD Audio Mic input) (ch: 2, sr: 44100Hz)
[21:17:39.561]   [28] Missaggio stereo (Realtek HD Audio Stereo input) (ch: 2, sr: 44100Hz)
[21:17:39.561]   [32] Input (SYSVAD Wave Speaker) (ch: 2, sr: 44100Hz)
[21:17:39.561]   [36] Microfono (G06-BT) (ch: 1, sr: 48000Hz)
[21:17:39.568] 🎤 Audio: 16000Hz mono, block=1280 (80ms), latency=low
[21:17:39.568] ✅ In ascolto! Parla...
[21:17:41.656]   🎯 [partial] RECOGNIZED:0.85:piove
[21:17:41.906] Pipe: connesso!
[21:17:42.295]   ⏳ Pending: "gap" (attendo variante lunga, 800ms)
[21:17:43.142]   ⏰ Pending timeout: "gap" (860ms)
[21:17:43.142]   🎯 [partial+timeout] RECOGNIZED:0.85:gap
[21:17:48.919] Pipe ricevuto: PING
[21:17:49.562] 💓 up=10s | cb=124 audio=9.9s partials=5 | rec=2 | pipe=✅
[21:17:50.936]   🎯 [partial] RECOGNIZED:0.85:carburante
[21:17:53.496]   ⏳ Pending: "distacco" (attendo variante lunga, 800ms)
[21:17:53.572]   ... "distacco"
[21:17:54.346]   ⏰ Pending timeout: "distacco" (859ms)
[21:17:54.346]   🎯 [partial+timeout] RECOGNIZED:0.85:distacco
[21:17:58.536]   ... "ers"
[21:17:58.536]   🎯 [partial] RECOGNIZED:0.85:ers
[21:17:58.917] Pipe ricevuto: PING
[21:17:59.562] 💓 up=20s | cb=249 audio=19.9s partials=20 | rec=5 | pipe=✅
[21:18:08.055]   ⏳ Pending: "situazione" (attendo variante lunga, 800ms)
[21:18:08.908]   ⏰ Pending timeout: "situazione" (859ms)
[21:18:08.908]   🎯 [partial+timeout] RECOGNIZED:0.85:situazione
[21:18:08.913] Pipe ricevuto: PING
[21:18:09.563] 💓 up=30s | cb=374 audio=29.9s partials=23 | rec=6 | pipe=✅
[21:18:13.575]   🎯 [partial] RECOGNIZED:0.85:olio
[21:18:14.218]   🎯 [partial] RECOGNIZED:0.85:aggiornamento
[21:18:17.496]   🎯 [partial] RECOGNIZED:0.85:posizione
[21:18:18.375]   ... "acqua"
[21:18:18.375]   🎯 [partial] RECOGNIZED:0.85:acqua
[21:18:18.917] Pipe ricevuto: PING
[21:18:19.564] 💓 up=40s | cb=499 audio=39.9s partials=30 | rec=10 | pipe=✅
[21:18:28.917] Pipe ricevuto: PING
[21:18:29.564] 💓 up=50s | cb=624 audio=49.9s partials=30 | rec=10 | pipe=✅
[21:18:33.416]   🎯 [partial] RECOGNIZED:0.85:meteo
[21:18:35.976]   🎯 [partial] RECOGNIZED:0.85:benzina
[21:18:36.932]   ... "primo"
[21:18:37.336]   📝 Finale: "primo"
[21:18:38.692]   ... "vado"
[21:18:38.775]   🎯 [partial] RECOGNIZED:0.85:devo fare pit
[21:18:38.915] Pipe ricevuto: PING
[21:18:39.565] 💓 up=60s | cb=749 audio=59.9s partials=51 | rec=13 | pipe=✅
[21:18:48.914] Pipe ricevuto: PING
[21:18:49.566] 💓 up=70s | cb=874 audio=69.9s partials=51 | rec=13 | pipe=✅
[21:18:58.914] Pipe ricevuto: PING
[21:18:59.566] 💓 up=80s | cb=999 audio=79.9s partials=51 | rec=13 | pipe=✅
[21:19:00.296]   🎯 [partial] RECOGNIZED:0.85:piove
[21:19:08.913] Pipe ricevuto: PING
[21:19:09.567] 💓 up=90s | cb=1124 audio=89.9s partials=52 | rec=14 | pipe=✅
[21:19:11.496]   🎯 [partial] RECOGNIZED:0.85:posizione
[21:19:14.537]   ... "quello"
[21:19:14.776]   📝 Finale: "quello"
[21:19:15.496]   ⏳ Pending: "gap" (attendo variante lunga, 800ms)
[21:19:16.346]   ⏰ Pending timeout: "gap" (859ms)
[21:19:16.346]   🎯 [partial+timeout] RECOGNIZED:0.85:gap
[21:19:17.012]   ... "sto andando"
[21:19:17.812]   ... "sto andando"
[21:19:17.896]   📝 Finale: "sto"
[21:19:18.375]   🎯 [partial] RECOGNIZED:0.85:davanti
[21:19:18.777]   🎯 [partial] RECOGNIZED:0.85:passo
[21:19:18.912] Pipe ricevuto: PING
[21:19:19.416]   🎯 [partial] RECOGNIZED:0.85:davanti
[21:19:19.567] 💓 up=100s | cb=1249 audio=99.9s partials=83 | rec=19 | pipe=✅
[21:19:23.416]   ... "sto andando"
[21:19:23.655]   📝 Finale: "sto"
[21:19:25.096]   🎯 [partial] RECOGNIZED:0.85:davanti
[21:19:25.975]   ... "stop"
[21:19:26.216]   📝 Finale: "stop"
[21:19:27.176]   🎯 [partial] RECOGNIZED:0.85:devo fare pit
[21:19:28.056]   ... "report"
[21:19:28.056]   🎯 [partial] RECOGNIZED:0.85:report
[21:19:28.912] Pipe ricevuto: PING
[21:19:29.568] 💓 up=110s | cb=1374 audio=109.9s partials=110 | rec=22 | pipe=✅
[21:19:38.909] Pipe ricevuto: PING
[21:19:39.568] 💓 up=120s | cb=1499 audio=119.9s partials=110 | rec=22 | pipe=✅
[21:19:39.735]   🎯 [partial] RECOGNIZED:0.85:carrozzeria
[21:19:43.255]   🎯 [partial] RECOGNIZED:0.85:motore
[21:19:44.615]   🎯 [partial] RECOGNIZED:0.85:posizione
[21:19:46.456]   🎯 [partial] RECOGNIZED:0.85:tempi
[21:19:48.917] Pipe ricevuto: PING
[21:19:49.569] 💓 up=130s | cb=1624 audio=129.9s partials=114 | rec=26 | pipe=✅
[21:19:58.915] Pipe ricevuto: PING
[21:19:59.569] 💓 up=140s | cb=1749 audio=139.9s partials=114 | rec=26 | pipe=✅
[21:20:07.412]   ... "ho"
[21:20:07.496]   🎯 [partial] RECOGNIZED:0.85:passo
[21:20:08.914] Pipe ricevuto: PING
[21:20:09.570] 💓 up=150s | cb=1874 audio=149.9s partials=121 | rec=27 | pipe=✅
[21:20:09.816]   📝 Finale: "sono"
[21:20:18.912] Pipe ricevuto: PING
[21:20:19.570] 💓 up=160s | cb=1999 audio=159.9s partials=121 | rec=27 | pipe=✅
[21:20:28.912] Pipe ricevuto: PING
[21:20:29.571] 💓 up=170s | cb=2124 audio=169.9s partials=121 | rec=27 | pipe=✅
[21:20:38.911] Pipe ricevuto: PING
[21:20:39.571] 💓 up=180s | cb=2249 audio=179.9s partials=127 | rec=27 | pipe=✅
[21:20:48.909] Pipe ricevuto: PING
[21:20:49.572] 💓 up=190s | cb=2374 audio=189.9s partials=127 | rec=27 | pipe=✅
[21:20:58.452]   ... "condizioni"
[21:20:58.776]   🎯 [partial] RECOGNIZED:0.85:benzina
[21:20:58.917] Pipe ricevuto: PING
[21:20:59.572] 💓 up=200s | cb=2500 audio=200.0s partials=134 | rec=28 | pipe=✅
[21:21:01.252]   ... "sto andando"
[21:21:01.575]   📝 Finale: "sto come"
[21:21:02.536]   📝 Finale: "fuel"
[21:21:02.536]   🎯 [final] RECOGNIZED:0.85:fuel
[21:21:08.917] Pipe ricevuto: PING
[21:21:09.573] 💓 up=210s | cb=2625 audio=210.0s partials=149 | rec=29 | pipe=✅
[21:21:18.917] Pipe ricevuto: PING
[21:21:19.573] 💓 up=220s | cb=2750 audio=220.0s partials=149 | rec=29 | pipe=✅
[21:21:28.915] Pipe ricevuto: PING
[21:21:29.573] 💓 up=230s | cb=2875 audio=230.0s partials=149 | rec=29 | pipe=✅
[21:21:30.296]   ... "giro"
[21:21:30.776]   📝 Finale: "giro"
[21:21:31.975]   🎯 [partial] RECOGNIZED:0.85:benzina
[21:21:34.057]   ⏳ Pending: "distacco" (attendo variante lunga, 800ms)
[21:21:34.296]   ... "stop"
[21:21:34.536]   ⏳ Pending: "mappa" (attendo variante lunga, 800ms)
[21:21:35.016]   📝 Finale: "mappa"
[21:21:35.017]   🎯 [final] RECOGNIZED:0.85:mappa
[21:21:38.911] Pipe ricevuto: PING
[21:21:39.574] 💓 up=240s | cb=3000 audio=240.0s partials=168 | rec=31 | pipe=✅
[21:21:42.137]   🎯 [partial] RECOGNIZED:0.85:ingegnere
[21:21:48.775]   ... "distacco"
[21:21:48.775]   ⏳ Pending: "distacco" (attendo variante lunga, 800ms)
[21:21:48.917] Pipe ricevuto: PING
[21:21:49.496]   ↑ Upgrade: "distacco" → "chi ho dietro"
[21:21:49.496]   🎯 [partial+upgrade] RECOGNIZED:0.85:chi ho dietro
[21:21:49.574] 💓 up=250s | cb=3125 audio=250.0s partials=173 | rec=33 | pipe=✅
[21:21:53.976]   ... "come va il"
[21:21:54.461]   📝 Finale: "come"
[21:21:55.175]   🎯 [partial] RECOGNIZED:0.85:strategia
[21:21:58.915] Pipe ricevuto: PING
[21:21:59.574] 💓 up=260s | cb=3250 audio=260.0s partials=186 | rec=34 | pipe=✅
[21:22:08.916] Pipe ricevuto: PING
[21:22:09.575] 💓 up=270s | cb=3375 audio=270.0s partials=186 | rec=34 | pipe=✅
[21:22:18.916] Pipe ricevuto: PING
[21:22:19.575] 💓 up=280s | cb=3500 audio=280.0s partials=186 | rec=34 | pipe=✅
[21:22:28.915] Pipe ricevuto: PING
[21:22:29.576] 💓 up=290s | cb=3625 audio=290.0s partials=186 | rec=34 | pipe=✅
[21:22:38.913] Pipe ricevuto: PING
[21:22:39.255]   ⏳ Pending: "pressioni" (attendo variante lunga, 800ms)
[21:22:39.576] 💓 up=300s | cb=3750 audio=300.0s partials=189 | rec=34 | pipe=✅
[21:22:40.112]   ⏰ Pending timeout: "pressioni" (860ms)
[21:22:40.112]   🎯 [partial+timeout] RECOGNIZED:0.85:pressioni
[21:22:40.696]   ... "pit"
[21:22:48.914] Pipe ricevuto: PING
[21:22:49.576] 💓 up=310s | cb=3875 audio=310.0s partials=192 | rec=35 | pipe=✅
[21:22:49.816]   ⏳ Pending: "situazione" (attendo variante lunga, 800ms)
[21:22:50.372]   ... "temperature"
[21:22:50.536]   🎯 [partial] RECOGNIZED:0.85:meteo
[21:22:58.913] Pipe ricevuto: PING
[21:22:59.577] 💓 up=320s | cb=4000 audio=320.0s partials=202 | rec=36 | pipe=✅
[21:23:08.696]   🎯 [partial] RECOGNIZED:0.85:dietro
[21:23:08.913] Pipe ricevuto: PING
[21:23:09.577] 💓 up=330s | cb=4125 audio=330.0s partials=203 | rec=37 | pipe=✅
[21:23:17.017]   📝 Finale: "piove"
[21:23:17.017]   🎯 [final] RECOGNIZED:0.85:piove
[21:23:18.376]   ... "quanto manca"
[21:23:18.856]   📝 Finale: "dove"
[21:23:18.911] Pipe ricevuto: PING
[21:23:19.578] 💓 up=340s | cb=4250 audio=340.0s partials=215 | rec=38 | pipe=✅
[21:23:20.852]   ... "sto dal"
[21:23:21.016]   📝 Finale: "situazione dal"
[21:23:21.017]   🎯 [final] RECOGNIZED:0.85:situazione
[21:23:22.375]   🎯 [partial] RECOGNIZED:0.85:benzina
[21:23:23.015]   ⏳ Pending: "media" (attendo variante lunga, 800ms)
[21:23:23.496]   📝 Finale: "media"
[21:23:23.496]   🎯 [final] RECOGNIZED:0.85:media
[21:23:25.172]   ... "fare"
[21:23:28.696]   🎯 [partial] RECOGNIZED:0.85:classifica
[21:23:28.910] Pipe ricevuto: PING
[21:23:29.578] 💓 up=350s | cb=4375 audio=350.0s partials=232 | rec=42 | pipe=✅
[21:23:37.496]   🎯 [partial] RECOGNIZED:0.85:passo
[21:23:38.910] Pipe ricevuto: PING
[21:23:39.579] 💓 up=360s | cb=4500 audio=360.0s partials=233 | rec=43 | pipe=✅
[21:23:44.855]   🎯 [partial] RECOGNIZED:0.85:davanti
[21:23:46.456]   🎯 [partial] RECOGNIZED:0.85:pit stop
[21:23:47.095]   ⏳ Pending: "situazione" (attendo variante lunga, 800ms)
[21:23:47.172]   ... "situazione"
[21:23:47.576]   🎯 [partial] RECOGNIZED:0.85:classifica
[21:23:48.918] Pipe ricevuto: PING
[21:23:49.579] 💓 up=370s | cb=4625 audio=370.0s partials=242 | rec=46 | pipe=✅
[21:23:52.057]   ⏳ Pending: "situazione" (attendo variante lunga, 800ms)
[21:23:52.132]   ... "situazione"
[21:23:52.296]   🎯 [partial] RECOGNIZED:0.85:davanti
[21:23:58.917] Pipe ricevuto: PING
[21:23:59.579] 💓 up=380s | cb=4750 audio=380.0s partials=252 | rec=47 | pipe=✅
[21:24:03.735]   🎯 [partial] RECOGNIZED:0.85:chi ho dietro
[21:24:08.917] Pipe ricevuto: PING
[21:24:09.580] 💓 up=390s | cb=4875 audio=390.0s partials=253 | rec=48 | pipe=✅
[21:24:13.016]   📝 Finale: "vado"
[21:24:13.495]   ... "come"
[21:24:13.976]   🎯 [partial] RECOGNIZED:0.85:classifica
[21:24:18.916] Pipe ricevuto: PING
[21:24:19.580] 💓 up=400s | cb=5000 audio=400.0s partials=266 | rec=49 | pipe=✅
[21:24:28.915] Pipe ricevuto: PING
[21:24:29.255]   ... "sto andando"
[21:24:29.581] 💓 up=410s | cb=5125 audio=410.0s partials=272 | rec=49 | pipe=✅
[21:24:30.215]   🎯 [partial] RECOGNIZED:0.85:aggiornamento
[21:24:32.056]   ... "il giro"
[21:24:32.776]   🎯 [partial] RECOGNIZED:0.85:taglio
[21:24:38.914] Pipe ricevuto: PING
[21:24:39.581] 💓 up=420s | cb=5250 audio=420.0s partials=286 | rec=51 | pipe=✅
[21:24:44.216]   🎯 [partial] RECOGNIZED:0.85:gomme
[21:24:44.772]   ... "pista"
[21:24:45.096]   🎯 [partial] RECOGNIZED:0.85:stato carburante
[21:24:46.132]   ... "messo pit"
[21:24:46.696]   📝 Finale: "messo pit"
[21:24:47.896]   🎯 [partial] RECOGNIZED:0.85:benzina
[21:24:48.913] Pipe ricevuto: PING
[21:24:49.582] 💓 up=430s | cb=5375 audio=430.0s partials=307 | rec=54 | pipe=✅
[21:24:52.772]   ... "dal"
[21:24:53.337]   📝 Finale: "passo"
[21:24:53.337]   🎯 [final] RECOGNIZED:0.85:passo
[21:24:58.913] Pipe ricevuto: PING
[21:24:59.496]   🎯 [partial] RECOGNIZED:0.85:fuel
[21:24:59.582] 💓 up=440s | cb=5500 audio=440.0s partials=311 | rec=56 | pipe=✅
[21:25:07.576]   🎯 [partial] RECOGNIZED:0.85:piove
[21:25:08.215]   🎯 [partial] RECOGNIZED:0.85:meteo
[21:25:08.911] Pipe ricevuto: PING
[21:25:09.583] 💓 up=450s | cb=5625 audio=450.0s partials=316 | rec=58 | pipe=✅
[21:25:18.911] Pipe ricevuto: PING
[21:25:19.583] 💓 up=460s | cb=5750 audio=460.0s partials=316 | rec=58 | pipe=✅
[21:25:28.910] Pipe ricevuto: PING
[21:25:29.584] 💓 up=470s | cb=5875 audio=470.0s partials=316 | rec=58 | pipe=✅
[21:25:38.909] Pipe ricevuto: PING
[21:25:39.584] 💓 up=480s | cb=6000 audio=480.0s partials=316 | rec=58 | pipe=✅
[21:25:42.456]   🎯 [partial] RECOGNIZED:0.85:ideale
[21:25:46.132]   ... "temperature"
[21:25:48.909] Pipe ricevuto: PING
[21:25:49.096]   ⏳ Pending: "distacco" (attendo variante lunga, 800ms)
[21:25:49.585] 💓 up=490s | cb=6125 audio=490.0s partials=323 | rec=59 | pipe=✅
[21:25:49.955]   ⏰ Pending timeout: "distacco" (859ms)
[21:25:49.955]   🎯 [partial+timeout] RECOGNIZED:0.85:distacco
[21:25:58.918] Pipe ricevuto: PING
[21:25:59.585] 💓 up=500s | cb=6250 audio=500.0s partials=326 | rec=60 | pipe=✅
[21:25:59.656]   🎯 [partial] RECOGNIZED:0.85:motore
[21:26:03.416]   ⏳ Pending: "situazione" (attendo variante lunga, 800ms)
[21:26:03.572]   ... "situazione"
[21:26:03.656]   ⏳ Pending: "gap" (attendo variante lunga, 800ms)
[21:26:04.376]   ... "gap dal"
[21:26:04.502]   ⏰ Pending timeout: "gap" (859ms)
[21:26:04.502]   🎯 [partial+timeout] RECOGNIZED:0.85:gap
[21:26:06.055]   🎯 [partial] RECOGNIZED:0.85:meteo
[21:26:08.918] Pipe ricevuto: PING
[21:26:09.586] 💓 up=510s | cb=6375 audio=510.0s partials=345 | rec=63 | pipe=✅
[21:26:10.296]   ⏳ Pending: "media" (attendo variante lunga, 800ms)
[21:26:10.612]   ... "come"
[21:26:11.015]   ↑ Upgrade: "media" → "dove sono"
[21:26:11.016]   🎯 [partial+upgrade] RECOGNIZED:0.85:dove sono
[21:26:11.656]   🎯 [partial] RECOGNIZED:0.85:ers
[21:26:12.536]   🎯 [partial] RECOGNIZED:0.85:batteria
[21:26:13.416]   🎯 [partial] RECOGNIZED:0.85:strategia
[21:26:14.372]   ... "strategia"
[21:26:14.776]   📝 Finale: "stop"
[21:26:18.916] Pipe ricevuto: PING
[21:26:19.586] 💓 up=520s | cb=6500 audio=520.0s partials=364 | rec=67 | pipe=✅
[21:26:23.415]   🎯 [partial] RECOGNIZED:0.85:danni
[21:26:24.372]   ... "sto andando"
[21:26:25.016]   🎯 [partial] RECOGNIZED:0.85:ers
[21:26:28.915] Pipe ricevuto: PING
[21:26:29.586] 💓 up=530s | cb=6625 audio=530.0s partials=375 | rec=69 | pipe=✅
[21:26:38.915] Pipe ricevuto: PING
[21:26:39.587] 💓 up=540s | cb=6750 audio=540.0s partials=375 | rec=69 | pipe=✅
[21:26:46.055]   🎯 [partial] RECOGNIZED:0.85:freni
[21:26:47.176]   ... "chi"
[21:26:47.896]   ⏳ Pending: "media" (attendo variante lunga, 800ms)
[21:26:47.972]   ... "chi è media"
[21:26:48.752]   ⏰ Pending timeout: "media" (859ms)
[21:26:48.752]   🎯 [partial+timeout] RECOGNIZED:0.85:media
[21:26:48.914] Pipe ricevuto: PING
[21:26:49.587] 💓 up=550s | cb=6875 audio=550.0s partials=399 | rec=71 | pipe=✅
[21:26:51.736]   ... "messo"
[21:26:52.532]   ... "messo"
[21:26:52.936]   📝 Finale: "messo"
[21:26:56.212]   ... "pista"
[21:26:56.296]   📝 Finale: "tutto"
[21:26:56.535]   ⏳ Pending: "situazione" (attendo variante lunga, 800ms)
[21:26:57.392]   ⏰ Pending timeout: "situazione" (860ms)
[21:26:57.392]   🎯 [partial+timeout] RECOGNIZED:0.85:situazione
[21:26:58.913] Pipe ricevuto: PING
[21:26:59.588] 💓 up=560s | cb=7000 audio=560.0s partials=423 | rec=72 | pipe=✅
[21:27:08.775]   ... "mio messo"
[21:27:08.913] Pipe ricevuto: PING
[21:27:09.588] 💓 up=570s | cb=7125 audio=570.0s partials=438 | rec=72 | pipe=✅
[21:27:10.292]   ... "mio messo tutto"
[21:27:10.696]   🎯 [partial] RECOGNIZED:0.85:quanta benzina
[21:27:11.575]   ⏳ Pending: "pressioni" (attendo variante lunga, 800ms)
[21:27:12.055]   ↑ Upgrade: "pressioni" → "limiti pista"
[21:27:12.055]   🎯 [partial+upgrade] RECOGNIZED:0.85:limiti pista
[21:27:18.910] Pipe ricevuto: PING
[21:27:19.589] 💓 up=580s | cb=7250 audio=580.0s partials=449 | rec=74 | pipe=✅
[21:27:23.256]   ... "situazione"
[21:27:23.256]   ⏳ Pending: "situazione" (attendo variante lunga, 800ms)
[21:27:24.112]   ⏰ Pending timeout: "situazione" (860ms)
[21:27:24.112]   🎯 [partial+timeout] RECOGNIZED:0.85:situazione
[21:27:24.696]   🎯 [partial] RECOGNIZED:0.85:olio
[21:27:25.335]   🎯 [partial] RECOGNIZED:0.85:aggiornamento
[21:27:28.908] Pipe ricevuto: PING
[21:27:29.590] 💓 up=590s | cb=7375 audio=590.0s partials=459 | rec=77 | pipe=✅
[21:27:30.056]   ... "quello"
[21:27:30.852]   ... "quello"
[21:27:31.255]   ⏳ Pending: "pressioni" (attendo variante lunga, 800ms)
[21:27:31.495]   🎯 [partial] RECOGNIZED:0.85:passo
[21:27:38.919] Pipe ricevuto: PING
[21:27:39.590] 💓 up=600s | cb=7500 audio=600.0s partials=478 | rec=78 | pipe=✅
[21:27:45.652]   ... "primo"
[21:27:45.816]   ⏳ Pending: "pressioni" (attendo variante lunga, 800ms)
[21:27:46.452]   ... "pressioni"
[21:27:46.678]   ⏰ Pending timeout: "pressioni" (859ms)
[21:27:46.678]   🎯 [partial+timeout] RECOGNIZED:0.85:pressioni
[21:27:48.918] Pipe ricevuto: PING
[21:27:49.590] 💓 up=610s | cb=7625 audio=610.0s partials=492 | rec=79 | pipe=✅
[21:27:58.917] Pipe ricevuto: PING
[21:27:59.591] 💓 up=620s | cb=7750 audio=620.0s partials=497 | rec=79 | pipe=✅
[21:27:59.812]   ... "andando il giro"
[21:28:00.216]   🎯 [partial] RECOGNIZED:0.85:olio
[21:28:08.776]   🎯 [partial] RECOGNIZED:0.85:ers
[21:28:08.915] Pipe ricevuto: PING
[21:28:09.591] 💓 up=630s | cb=7875 audio=630.0s partials=506 | rec=81 | pipe=✅
[21:28:18.914] Pipe ricevuto: PING
[21:28:19.016]   🎯 [partial] RECOGNIZED:0.85:freni
[21:28:19.591] 💓 up=640s | cb=8000 audio=640.0s partials=507 | rec=82 | pipe=✅
[21:28:23.412]   ... "tutto"
[21:28:24.216]   📝 Finale: "tutto giri"
[21:28:25.176]   ... "messo"
[21:28:25.656]   🎯 [partial] RECOGNIZED:0.85:strategia
[21:28:28.912] Pipe ricevuto: PING
[21:28:29.592] 💓 up=650s | cb=8125 audio=650.0s partials=523 | rec=83 | pipe=✅
[21:28:35.896]   📝 Finale: "leader"
[21:28:38.536]   ... "autonomia"
[21:28:38.536]   🎯 [partial] RECOGNIZED:0.85:autonomia
[21:28:38.913] Pipe ricevuto: PING
[21:28:39.593] 💓 up=660s | cb=8250 audio=660.0s partials=530 | rec=84 | pipe=✅
[21:28:43.737]   📝 Finale: "dietro"
[21:28:43.737]   🎯 [final] RECOGNIZED:0.85:dietro
[21:28:48.912] Pipe ricevuto: PING
[21:28:49.593] 💓 up=670s | cb=8375 audio=670.0s partials=533 | rec=85 | pipe=✅
[21:28:57.816]   ... "va il"
[21:28:58.056]   🎯 [partial] RECOGNIZED:0.85:fuel
[21:28:58.913] Pipe ricevuto: PING
[21:28:59.594] 💓 up=680s | cb=8500 audio=680.0s partials=543 | rec=86 | pipe=✅
[21:29:02.056]   🎯 [partial] RECOGNIZED:0.85:autonomia
[21:29:08.612]   ... "sono"
[21:29:08.912] Pipe ricevuto: PING
[21:29:09.594] 💓 up=690s | cb=8625 audio=690.0s partials=559 | rec=87 | pipe=✅
[21:29:09.656]   ... "sto andando"
[21:29:09.897]   📝 Finale: "sono"
[21:29:11.335]   🎯 [partial] RECOGNIZED:0.85:report
[21:29:13.176]   ⏳ Pending: "situazione" (attendo variante lunga, 800ms)
[21:29:13.655]   ... "situazione"
[21:29:14.032]   ⏰ Pending timeout: "situazione" (859ms)
[21:29:14.032]   🎯 [partial+timeout] RECOGNIZED:0.85:situazione
[21:29:16.212]   ... "il giro"
[21:29:17.016]   ... "il giro manca manca"
[21:29:17.812]   ... "il giro manca manca al"
[21:29:18.612]   ... "il giro manca manca quanto manca"
[21:29:18.910] Pipe ricevuto: PING
[21:29:18.937]   📝 Finale: "il giro manca manca quanto"
[21:29:19.595] 💓 up=700s | cb=8750 audio=700.0s partials=613 | rec=89 | pipe=✅
[21:29:20.375]   🎯 [partial] RECOGNIZED:0.85:olio
[21:29:28.910] Pipe ricevuto: PING
[21:29:29.596] 💓 up=710s | cb=8875 audio=710.0s partials=614 | rec=90 | pipe=✅
[21:29:38.919] Pipe ricevuto: PING
[21:29:39.596] 💓 up=720s | cb=9000 audio=720.0s partials=614 | rec=90 | pipe=✅
[21:29:43.816]   🎯 [partial] RECOGNIZED:0.85:ingegnere
[21:29:45.175]   🎯 [partial] RECOGNIZED:0.85:posizione
[21:29:48.917] Pipe ricevuto: PING
[21:29:49.596] 💓 up=730s | cb=9125 audio=730.0s partials=616 | rec=92 | pipe=✅
[21:29:55.416]   ... "è il"
[21:29:55.656]   📝 Finale: "è"
[21:29:58.776]   🎯 [partial] RECOGNIZED:0.85:gomme
[21:29:58.917] Pipe ricevuto: PING
[21:29:59.597] 💓 up=740s | cb=9250 audio=740.0s partials=626 | rec=93 | pipe=✅
[21:30:01.576]   ⏳ Pending: "modalita" (attendo variante lunga, 800ms)
[21:30:01.816]   ... "modalita"
[21:30:02.297]   ↑ Upgrade: "modalita" → "modalita motore"
[21:30:02.297]   🎯 [partial+upgrade] RECOGNIZED:0.85:modalita motore
[21:30:04.615]   🎯 [partial] RECOGNIZED:0.85:dietro
[21:30:08.919] Pipe ricevuto: PING
[21:30:09.598] 💓 up=750s | cb=9375 audio=750.0s partials=637 | rec=95 | pipe=✅
[21:30:18.919] Pipe ricevuto: PING
[21:30:19.598] 💓 up=760s | cb=9500 audio=760.0s partials=637 | rec=95 | pipe=✅
[21:30:27.012]   ... "pista"
[21:30:27.096]   🎯 [partial] RECOGNIZED:0.85:usura freni
[21:30:28.917] Pipe ricevuto: PING
[21:30:29.599] 💓 up=770s | cb=9625 audio=770.0s partials=641 | rec=96 | pipe=✅
[21:30:32.055]   🎯 [partial] RECOGNIZED:0.85:il mio passo
[21:30:38.915] Pipe ricevuto: PING
[21:30:39.599] 💓 up=780s | cb=9750 audio=780.0s partials=648 | rec=97 | pipe=✅
[21:30:48.055]   ⏳ Pending: "mappa" (attendo variante lunga, 800ms)
[21:30:48.132]   ... "mappa"
[21:30:48.296]   ↑ Upgrade: "mappa" → "pressioni"
[21:30:48.296]   🎯 [partial+upgrade] RECOGNIZED:0.85:pressioni
[21:30:48.698]   🎯 [partial] RECOGNIZED:0.85:autonomia
[21:30:48.914] Pipe ricevuto: PING
[21:30:49.600] 💓 up=790s | cb=9875 audio=790.0s partials=653 | rec=99 | pipe=✅
[21:30:52.696]   ⏳ Pending: "gap" (attendo variante lunga, 800ms)
[21:30:52.936]   ↑ Upgrade: "gap" → "olio"
[21:30:52.936]   🎯 [partial+upgrade] RECOGNIZED:0.85:olio
[21:30:58.913] Pipe ricevuto: PING
[21:30:59.600] 💓 up=800s | cb=10000 audio=800.0s partials=657 | rec=100 | pipe=✅
[21:31:08.912] Pipe ricevuto: PING
[21:31:09.601] 💓 up=810s | cb=10125 audio=810.0s partials=657 | rec=100 | pipe=✅
[21:31:13.016]   🎯 [partial] RECOGNIZED:0.85:ingegnere
[21:31:14.376]   ⏳ Pending: "media" (attendo variante lunga, 800ms)
[21:31:14.452]   ... "media"
[21:31:15.095]   📝 Finale: "media"
[21:31:15.096]   🎯 [final] RECOGNIZED:0.85:media
[21:31:18.912] Pipe ricevuto: PING
[21:31:19.601] 💓 up=820s | cb=10250 audio=820.0s partials=667 | rec=102 | pipe=✅
[21:31:21.172]   ... "sono"
[21:31:22.696]   🎯 [partial] RECOGNIZED:0.85:ers
[21:31:28.910] Pipe ricevuto: PING
[21:31:29.602] 💓 up=830s | cb=10375 audio=830.0s partials=671 | rec=103 | pipe=✅
[21:31:36.692]   ... "temperature"
[21:31:36.776]   📝 Finale: "tutto"
[21:31:38.919] Pipe ricevuto: PING
[21:31:39.602] 💓 up=840s | cb=10500 audio=840.0s partials=680 | rec=103 | pipe=✅
[21:31:48.918] Pipe ricevuto: PING
[21:31:49.603] 💓 up=850s | cb=10625 audio=850.0s partials=680 | rec=103 | pipe=✅
[21:31:51.176]   📝 Finale: "stop"
[21:31:58.917] Pipe ricevuto: PING
[21:31:59.603] 💓 up=860s | cb=10750 audio=860.0s partials=689 | rec=103 | pipe=✅
[21:32:08.917] Pipe ricevuto: PING
[21:32:09.604] 💓 up=870s | cb=10875 audio=870.0s partials=689 | rec=103 | pipe=✅
[21:32:11.815]   ... "leader"
[21:32:12.776]   📝 Finale: "leader"
[21:32:15.176]   🎯 [partial] RECOGNIZED:0.85:davanti
[21:32:18.916] Pipe ricevuto: PING
[21:32:19.604] 💓 up=880s | cb=11000 audio=880.0s partials=693 | rec=104 | pipe=✅
[21:32:21.576]   🎯 [partial] RECOGNIZED:0.85:ideale
[21:32:28.915] Pipe ricevuto: PING
[21:32:29.605] 💓 up=890s | cb=11125 audio=890.0s partials=694 | rec=105 | pipe=✅
[21:32:31.012]   ... "il"
[21:32:31.336]   🎯 [partial] RECOGNIZED:0.85:ideale
[21:32:32.612]   ... "messo"
[21:32:32.936]   📝 Finale: "messo"
[21:32:38.913] Pipe ricevuto: PING
[21:32:39.605] 💓 up=900s | cb=11250 audio=900.0s partials=716 | rec=106 | pipe=✅
[21:32:39.896]   🎯 [partial] RECOGNIZED:0.85:damage
[21:32:48.911] Pipe ricevuto: PING
[21:32:49.606] 💓 up=910s | cb=11375 audio=910.0s partials=717 | rec=107 | pipe=✅
[21:32:58.909] Pipe ricevuto: PING
[21:32:59.606] 💓 up=920s | cb=11500 audio=920.0s partials=717 | rec=107 | pipe=✅
[21:33:02.052]   ... "sono messo fare pit"
[21:33:02.856]   📝 Finale: "sono ers fare giri"
[21:33:02.856]   🎯 [final] RECOGNIZED:0.85:ers
[21:33:05.175]   ... "dammi"
[21:33:05.655]   🎯 [partial] RECOGNIZED:0.85:deploy
[21:33:06.295]   ⏳ Pending: "mappa" (attendo variante lunga, 800ms)
[21:33:06.535]   ... "mappa"
[21:33:06.776]   📝 Finale: "mappa"
[21:33:06.776]   🎯 [final] RECOGNIZED:0.85:mappa
[21:33:07.655]   🎯 [partial] RECOGNIZED:0.85:olio
[21:33:08.918] Pipe ricevuto: PING
[21:33:09.607] 💓 up=930s | cb=11625 audio=930.0s partials=743 | rec=111 | pipe=✅
[21:33:16.935]   🎯 [partial] RECOGNIZED:0.85:ingegnere
[21:33:18.916] Pipe ricevuto: PING
[21:33:19.255]   🎯 [partial] RECOGNIZED:0.85:benzina
[21:33:19.607] 💓 up=940s | cb=11750 audio=940.0s partials=745 | rec=113 | pipe=✅
[21:33:28.915] Pipe ricevuto: PING
[21:33:29.608] 💓 up=950s | cb=11875 audio=950.0s partials=745 | rec=113 | pipe=✅
[21:33:38.913] Pipe ricevuto: PING
[21:33:39.608] 💓 up=960s | cb=12000 audio=960.0s partials=745 | rec=113 | pipe=✅
[21:33:48.913] Pipe ricevuto: PING
[21:33:49.609] 💓 up=970s | cb=12125 audio=970.0s partials=745 | rec=113 | pipe=✅
[21:33:52.055]   🎯 [partial] RECOGNIZED:0.85:olio
[21:33:58.911] Pipe ricevuto: PING
[21:33:59.609] 💓 up=980s | cb=12250 audio=980.0s partials=746 | rec=114 | pipe=✅
[21:34:01.575]   ... "limit"
[21:34:02.296]   🎯 [partial] RECOGNIZED:0.85:dietro
[21:34:02.698]   ... "temperature"
[21:34:04.136]   📝 Finale: "dal leader"
[21:34:04.375]   🎯 [partial] RECOGNIZED:0.85:ibrido
[21:34:05.015]   ... "sto situazione"
[21:34:05.015]   ⏳ Pending: "situazione" (attendo variante lunga, 800ms)
[21:34:05.255]   🎯 [partial] RECOGNIZED:0.85:strategia
[21:34:06.376]   📝 Finale: "limit"
[21:34:08.910] Pipe ricevuto: PING
[21:34:09.610] 💓 up=990s | cb=12375 audio=990.0s partials=779 | rec=117 | pipe=✅
[21:34:18.908] Pipe ricevuto: PING
[21:34:19.610] 💓 up=1000s | cb=12500 audio=1000.0s partials=779 | rec=117 | pipe=✅
[21:34:20.056]   ... "primo"
[21:34:20.296]   🎯 [partial] RECOGNIZED:0.85:dietro
[21:34:20.698]   ⏳ Pending: "pressioni" (attendo variante lunga, 800ms)
[21:34:21.552]   ⏰ Pending timeout: "pressioni" (859ms)
[21:34:21.552]   🎯 [partial+timeout] RECOGNIZED:0.85:pressioni
[21:34:22.376]   ... "sono"
[21:34:22.856]   ⏳ Pending: "distacco" (attendo variante lunga, 800ms)
[21:34:23.172]   ... "limit"
[21:34:23.578]   📝 Finale: "limit"
[21:34:23.707]   ⏰ Pending timeout: "distacco" (859ms)
[21:34:23.707]   🎯 [partial+timeout] RECOGNIZED:0.85:distacco
[21:34:28.918] Pipe ricevuto: PING
[21:34:29.611] 💓 up=1010s | cb=12625 audio=1010.0s partials=804 | rec=120 | pipe=✅
[21:34:38.916] Pipe ricevuto: PING
[21:34:39.611] 💓 up=1020s | cb=12750 audio=1020.0s partials=804 | rec=120 | pipe=✅
[21:34:48.915] Pipe ricevuto: PING
[21:34:49.612] 💓 up=1030s | cb=12875 audio=1030.0s partials=804 | rec=120 | pipe=✅
[21:34:58.915] Pipe ricevuto: PING
[21:34:59.613] 💓 up=1040s | cb=13000 audio=1040.0s partials=804 | rec=120 | pipe=✅
[21:35:08.913] Pipe ricevuto: PING
[21:35:09.613] 💓 up=1050s | cb=13125 audio=1050.0s partials=804 | rec=120 | pipe=✅
[21:35:18.912] Pipe ricevuto: PING
[21:35:19.614] 💓 up=1060s | cb=13250 audio=1060.0s partials=804 | rec=120 | pipe=✅
[21:35:21.895]   🎯 [partial] RECOGNIZED:0.85:motore
[21:35:28.911] Pipe ricevuto: PING
[21:35:29.615] 💓 up=1070s | cb=13375 audio=1070.0s partials=808 | rec=121 | pipe=✅
[21:35:33.336]   ⏳ Pending: "situazione" (attendo variante lunga, 800ms)
[21:35:33.412]   ... "situazione"
[21:35:34.190]   ⏰ Pending timeout: "situazione" (860ms)
[21:35:34.190]   🎯 [partial+timeout] RECOGNIZED:0.85:situazione
[21:35:38.911] Pipe ricevuto: PING
[21:35:39.615] 💓 up=1080s | cb=13500 audio=1080.0s partials=814 | rec=122 | pipe=✅
[21:35:41.016]   🎯 [partial] RECOGNIZED:0.85:quanta benzina
[21:35:41.656]   🎯 [partial] RECOGNIZED:0.85:report
[21:35:46.616]   ... "olio"
[21:35:46.616]   🎯 [partial] RECOGNIZED:0.85:olio
[21:35:47.495]   🎯 [partial] RECOGNIZED:0.85:pastiglie
[21:35:48.919] Pipe ricevuto: PING
[21:35:49.616] 💓 up=1090s | cb=13625 audio=1090.0s partials=821 | rec=126 | pipe=✅
[21:35:58.917] Pipe ricevuto: PING
[21:35:59.616] 💓 up=1100s | cb=13750 audio=1100.0s partials=821 | rec=126 | pipe=✅
[21:36:04.696]   🎯 [partial] RECOGNIZED:0.85:meteo
[21:36:08.916] Pipe ricevuto: PING
[21:36:09.617] 💓 up=1110s | cb=13875 audio=1110.0s partials=822 | rec=127 | pipe=✅
[21:36:09.896]   📝 Finale: "pit"
[21:36:18.915] Pipe ricevuto: PING
[21:36:19.617] 💓 up=1120s | cb=14000 audio=1120.0s partials=822 | rec=127 | pipe=✅
[21:36:28.914] Pipe ricevuto: PING
[21:36:29.618] 💓 up=1130s | cb=14125 audio=1130.0s partials=822 | rec=127 | pipe=✅
[21:36:38.912] Pipe ricevuto: PING
[21:36:39.618] 💓 up=1140s | cb=14250 audio=1140.0s partials=822 | rec=127 | pipe=✅
[21:36:44.215]   🎯 [partial] RECOGNIZED:0.85:ers
[21:36:48.912] Pipe ricevuto: PING
[21:36:49.619] 💓 up=1150s | cb=14375 audio=1150.0s partials=823 | rec=128 | pipe=✅
[21:36:58.910] Pipe ricevuto: PING
[21:36:59.619] 💓 up=1160s | cb=14500 audio=1160.0s partials=823 | rec=128 | pipe=✅
[21:37:08.919] Pipe ricevuto: PING
[21:37:09.620] 💓 up=1170s | cb=14625 audio=1170.0s partials=823 | rec=128 | pipe=✅
[21:37:18.917] Pipe ricevuto: PING
[21:37:19.620] 💓 up=1180s | cb=14750 audio=1180.0s partials=823 | rec=128 | pipe=✅
[21:37:24.698]   📝 Finale: "ers"
[21:37:24.698]   🎯 [final] RECOGNIZED:0.85:ers
[21:37:28.918] Pipe ricevuto: PING
[21:37:29.621] 💓 up=1190s | cb=14875 audio=1190.0s partials=823 | rec=129 | pipe=✅
[21:37:38.916] Pipe ricevuto: PING
[21:37:39.622] 💓 up=1200s | cb=15000 audio=1200.0s partials=823 | rec=129 | pipe=✅
[21:37:48.915] Pipe ricevuto: PING
[21:37:49.622] 💓 up=1210s | cb=15125 audio=1210.0s partials=823 | rec=129 | pipe=✅
[21:37:51.736]   ... "dal"
[21:37:51.976]   📝 Finale: "dal"
[21:37:53.732]   ... "quanto pista"
[21:37:53.896]   📝 Finale: "quanto tempi"
[21:37:53.896]   🎯 [final] RECOGNIZED:0.85:tempi
[21:37:58.913] Pipe ricevuto: PING
[21:37:59.623] 💓 up=1220s | cb=15250 audio=1220.0s partials=841 | rec=130 | pipe=✅
[21:38:03.896]   🎯 [partial] RECOGNIZED:0.85:come vado
[21:38:08.909] Pipe ricevuto: PING
[21:38:09.623] 💓 up=1230s | cb=15375 audio=1230.0s partials=848 | rec=131 | pipe=✅
[21:38:11.332]   ... "come"
[21:38:11.975]   🎯 [partial] RECOGNIZED:0.85:come vado
[21:38:14.372]   ... "primo"
[21:38:15.016]   📝 Finale: "primo"
[21:38:18.908] Pipe ricevuto: PING
[21:38:19.624] 💓 up=1240s | cb=15500 audio=1240.0s partials=867 | rec=132 | pipe=✅
[21:38:28.918] Pipe ricevuto: PING
[21:38:29.624] 💓 up=1250s | cb=15625 audio=1250.0s partials=867 | rec=132 | pipe=✅
[21:38:38.917] Pipe ricevuto: PING
[21:38:39.625] 💓 up=1260s | cb=15750 audio=1260.0s partials=867 | rec=132 | pipe=✅
[21:38:48.916] Pipe ricevuto: PING
[21:38:49.625] 💓 up=1270s | cb=15875 audio=1270.0s partials=867 | rec=132 | pipe=✅
[21:38:58.914] Pipe ricevuto: PING
[21:38:59.626] 💓 up=1280s | cb=16000 audio=1280.0s partials=867 | rec=132 | pipe=✅
[21:39:07.972]   ... "sono"
[21:39:08.537]   🎯 [partial] RECOGNIZED:0.85:track limit
[21:39:08.914] Pipe ricevuto: PING
[21:39:09.626] 💓 up=1290s | cb=16125 audio=1290.0s partials=877 | rec=133 | pipe=✅
[21:39:09.812]   ... "andando"
[21:39:16.136]   ... "ho"
[21:39:16.616]   🎯 [partial] RECOGNIZED:0.85:carburante
[21:39:18.216]   📝 Finale: "limit"
[21:39:18.912] Pipe ricevuto: PING
[21:39:19.627] 💓 up=1300s | cb=16250 audio=1300.0s partials=899 | rec=134 | pipe=✅
[21:39:21.336]   ... "ers"
[21:39:21.336]   🎯 [partial] RECOGNIZED:0.85:ers
[21:39:23.897]   🎯 [partial] RECOGNIZED:0.85:benzina
[21:39:28.912] Pipe ricevuto: PING
[21:39:29.627] 💓 up=1310s | cb=16375 audio=1310.0s partials=901 | rec=136 | pipe=✅
[21:39:32.936]   🎯 [partial] RECOGNIZED:0.85:track limit
[21:39:38.910] Pipe ricevuto: PING
[21:39:39.627] 💓 up=1320s | cb=16500 audio=1320.0s partials=908 | rec=137 | pipe=✅
[21:39:40.775]   ⏳ Pending: "pressioni" (attendo variante lunga, 800ms)
[21:39:40.852]   ... "pressioni"
[21:39:41.256]   📝 Finale: "pressioni"
[21:39:41.256]   🎯 [final] RECOGNIZED:0.85:pressioni
[21:39:48.910] Pipe ricevuto: PING
[21:39:49.628] 💓 up=1330s | cb=16625 audio=1330.0s partials=914 | rec=138 | pipe=✅
[21:39:53.416]   🎯 [partial] RECOGNIZED:0.85:strategia
[21:39:58.908] Pipe ricevuto: PING
[21:39:59.412]   ... "va il"
[21:39:59.575]   🎯 [partial] RECOGNIZED:0.85:acqua
[21:39:59.628] 💓 up=1340s | cb=16750 audio=1340.0s partials=922 | rec=140 | pipe=✅
[21:40:08.918] Pipe ricevuto: PING
[21:40:09.629] 💓 up=1350s | cb=16875 audio=1350.0s partials=922 | rec=140 | pipe=✅
[21:40:18.918] Pipe ricevuto: PING
[21:40:19.630] 💓 up=1360s | cb=17000 audio=1360.0s partials=922 | rec=140 | pipe=✅
[21:40:19.896]   🎯 [partial] RECOGNIZED:0.85:strategia
[21:40:27.496]   🎯 [partial] RECOGNIZED:0.85:ers
[21:40:28.917] Pipe ricevuto: PING
[21:40:29.630] 💓 up=1370s | cb=17125 audio=1370.0s partials=924 | rec=142 | pipe=✅
[21:40:38.915] Pipe ricevuto: PING
[21:40:39.416]   📝 Finale: "sono"
[21:40:39.631] 💓 up=1380s | cb=17250 audio=1380.0s partials=924 | rec=142 | pipe=✅
[21:40:41.096]   🎯 [partial] RECOGNIZED:0.85:autonomia
[21:40:41.497]   ⏳ Pending: "situazione" (attendo variante lunga, 800ms)
[21:40:42.346]   ⏰ Pending timeout: "situazione" (859ms)
[21:40:42.346]   🎯 [partial+timeout] RECOGNIZED:0.85:situazione
[21:40:48.913] Pipe ricevuto: PING
[21:40:49.631] 💓 up=1390s | cb=17375 audio=1390.0s partials=928 | rec=144 | pipe=✅
[21:40:53.332]   ... "dammi"
[21:40:53.496]   🎯 [partial] RECOGNIZED:0.85:gomme
[21:40:56.400] Pipe ricevuto: STOP
[21:41:02.616] ============================================================
[21:41:02.616] MMCM Speech Helper — Python + Vosk v3.3 (EVO grammar)
[21:41:02.616] ============================================================
[21:41:02.616] Python: 3.12.7 (tags/v3.12.7:0b05ead, Oct  1 2024, 03:06:41) [MSC v.1941 64 bit (AMD64)]
[21:41:02.616] Processo: 64-bit
[21:41:02.616] PID: 12948
[21:41:02.617] ⚠️ SetPriorityClass ha restituito False
[21:41:02.617] Lingua richiesta: it
[21:41:02.617] ✅ Modello Vosk per lingua 'it': C:\Program Files (x86)\SimHub\MMCMSpeechHelper\model-it
[21:41:02.617] CommandMatcher: 84 comandi (it), 7 con varianti più lunghe
[21:41:02.617] Caricamento modello Vosk: C:\Program Files (x86)\SimHub\MMCMSpeechHelper\model-it
[21:41:02.904] Modello caricato in 0.3s
[21:41:02.904] Grammar: 84 comandi
[21:41:02.905] ✅ Vosk recognizer pronto!
[21:41:02.905] Pipe: in attesa connessione...
[21:41:02.905] Recognition loop avviato (thread priorità alta)
[21:41:02.905] Dispositivi audio input:
[21:41:02.906] Premi Ctrl+C per uscire
[21:41:02.906]   [0] Microsoft Sound Mapper - Input (ch: 2, sr: 44100Hz)
[21:41:02.906]   [1] Microfono (G06-BT) (ch: 1, sr: 44100Hz) ← DEFAULT
[21:41:02.906]   [9] Driver primario di acquisizione suoni (ch: 2, sr: 44100Hz)
[21:41:02.906]   [10] Microfono (G06-BT) (ch: 1, sr: 44100Hz)
[21:41:02.906]   [24] Microfono (G06-BT) (ch: 1, sr: 48000Hz)
[21:41:02.906]   [25] Linea in ingresso (Realtek HD Audio Line input) (ch: 2, sr: 44100Hz)
[21:41:02.906]   [26] Microfono (Realtek HD Audio Mic input) (ch: 2, sr: 44100Hz)
[21:41:02.906]   [28] Missaggio stereo (Realtek HD Audio Stereo input) (ch: 2, sr: 44100Hz)
[21:41:02.906]   [32] Input (SYSVAD Wave Speaker) (ch: 2, sr: 44100Hz)
[21:41:02.906]   [36] Microfono (G06-BT) (ch: 1, sr: 48000Hz)
[21:41:02.915] 🎤 Audio: 16000Hz mono, block=1280 (80ms), latency=low
[21:41:02.915] ✅ In ascolto! Parla...
[21:41:05.185] Pipe: connesso!
[21:41:12.209] Pipe ricevuto: PING
[21:41:12.906] 💓 up=10s | cb=124 audio=9.9s partials=0 | rec=0 | pipe=✅
[21:41:19.405]   ⏳ Pending: "pressioni" (attendo variante lunga, 800ms)
[21:41:20.252]   ⏰ Pending timeout: "pressioni" (859ms)
[21:41:20.252]   🎯 [partial+timeout] RECOGNIZED:0.85:pressioni
[21:41:22.199] Pipe ricevuto: PING
[21:41:22.906] 💓 up=20s | cb=249 audio=19.9s partials=8 | rec=1 | pipe=✅
[21:41:32.214] Pipe ricevuto: PING
[21:41:32.907] 💓 up=30s | cb=374 audio=29.9s partials=8 | rec=1 | pipe=✅
[21:41:38.846]   📝 Finale: "sto deploy"
[21:41:38.846]   🎯 [final] RECOGNIZED:0.85:deploy
[21:41:41.886]   ⏳ Pending: "pressioni" (attendo variante lunga, 800ms)
[21:41:41.962]   ... "pressioni"
[21:41:42.126]   🎯 [partial] RECOGNIZED:0.85:strategia
[21:41:42.191] Pipe ricevuto: PING
[21:41:42.908] 💓 up=40s | cb=499 audio=39.9s partials=12 | rec=3 | pipe=✅
[21:41:49.965]   ⏳ Pending: "distacco" (attendo variante lunga, 800ms)
[21:41:50.042]   ... "distacco"
[21:41:50.813]   ⏰ Pending timeout: "distacco" (860ms)
[21:41:50.813]   🎯 [partial+timeout] RECOGNIZED:0.85:distacco
[21:41:52.197] Pipe ricevuto: PING
[21:41:52.908] 💓 up=50s | cb=624 audio=49.9s partials=21 | rec=4 | pipe=✅
[21:41:55.726]   🎯 [partial] RECOGNIZED:0.85:gomme
[21:42:02.208] Pipe ricevuto: PING
[21:42:02.909] 💓 up=60s | cb=749 audio=59.9s partials=25 | rec=5 | pipe=✅
[21:42:04.527]   🎯 [partial] RECOGNIZED:0.85:olio
[21:42:12.213] Pipe ricevuto: PING
[21:42:12.910] 💓 up=70s | cb=874 audio=69.9s partials=29 | rec=6 | pipe=✅
[21:42:22.191] Pipe ricevuto: PING
[21:42:22.910] 💓 up=80s | cb=999 audio=79.9s partials=29 | rec=6 | pipe=✅
[21:42:32.191] Pipe ricevuto: PING
[21:42:32.911] 💓 up=90s | cb=1124 audio=89.9s partials=29 | rec=6 | pipe=✅
[21:42:42.213] Pipe ricevuto: PING
[21:42:42.911] 💓 up=100s | cb=1249 audio=99.9s partials=29 | rec=6 | pipe=✅
[21:42:52.194] Pipe ricevuto: PING
[21:42:52.912] 💓 up=110s | cb=1374 audio=109.9s partials=29 | rec=6 | pipe=✅
[21:43:02.207] Pipe ricevuto: PING
[21:43:02.912] 💓 up=120s | cb=1499 audio=119.9s partials=29 | rec=6 | pipe=✅
[21:43:10.925]   ... "deploy"
[21:43:10.925]   🎯 [partial] RECOGNIZED:0.85:deploy
[21:43:11.327]   🎯 [partial] RECOGNIZED:0.85:freni
[21:43:12.190] Pipe ricevuto: PING
[21:43:12.362]   ... "pista manca al"
[21:43:12.685]   📝 Finale: "pista"
[21:43:12.913] 💓 up=130s | cb=1624 audio=129.9s partials=43 | rec=8 | pipe=✅
[21:43:22.197] Pipe ricevuto: PING
[21:43:22.913] 💓 up=140s | cb=1749 audio=139.9s partials=43 | rec=8 | pipe=✅
[21:43:28.047]   ⏳ Pending: "pressioni" (attendo variante lunga, 800ms)
[21:43:28.286]   ... "sono messo"
[21:43:28.892]   ⏰ Pending timeout: "pressioni" (860ms)
[21:43:28.892]   🎯 [partial+timeout] RECOGNIZED:0.85:pressioni
[21:43:32.196] Pipe ricevuto: PING
[21:43:32.913] 💓 up=150s | cb=1874 audio=149.9s partials=57 | rec=9 | pipe=✅
[21:43:39.242]   ... "al"
[21:43:40.045]   🎯 [partial] RECOGNIZED:0.85:dietro
[21:43:42.212] Pipe ricevuto: PING
[21:43:42.914] 💓 up=160s | cb=1999 audio=159.9s partials=64 | rec=10 | pipe=✅
[21:43:52.214] Pipe ricevuto: PING
[21:43:52.914] 💓 up=170s | cb=2124 audio=169.9s partials=64 | rec=10 | pipe=✅
[21:44:02.211] Pipe ricevuto: PING
[21:44:02.915] 💓 up=180s | cb=2249 audio=179.9s partials=64 | rec=10 | pipe=✅
[21:44:12.211] Pipe ricevuto: PING
[21:44:12.915] 💓 up=190s | cb=2374 audio=189.9s partials=64 | rec=10 | pipe=✅
[21:44:22.195] Pipe ricevuto: PING
[21:44:22.916] 💓 up=200s | cb=2499 audio=199.9s partials=64 | rec=10 | pipe=✅
[21:44:32.193] Pipe ricevuto: PING
[21:44:32.916] 💓 up=210s | cb=2624 audio=209.9s partials=64 | rec=10 | pipe=✅
[21:44:42.191] Pipe ricevuto: PING
[21:44:42.917] 💓 up=220s | cb=2749 audio=219.9s partials=64 | rec=10 | pipe=✅
[21:44:52.207] Pipe ricevuto: PING
[21:44:52.917] 💓 up=230s | cb=2874 audio=229.9s partials=64 | rec=10 | pipe=✅
[21:45:02.190] Pipe ricevuto: PING
[21:45:02.918] 💓 up=240s | cb=2999 audio=239.9s partials=64 | rec=10 | pipe=✅
[21:45:12.198] Pipe ricevuto: PING
[21:45:12.919] 💓 up=250s | cb=3124 audio=249.9s partials=64 | rec=10 | pipe=✅
[21:45:22.193] Pipe ricevuto: PING
[21:45:22.919] 💓 up=260s | cb=3249 audio=259.9s partials=64 | rec=10 | pipe=✅
[21:45:32.213] Pipe ricevuto: PING
[21:45:32.920] 💓 up=270s | cb=3374 audio=269.9s partials=64 | rec=10 | pipe=✅
[21:45:42.191] Pipe ricevuto: PING
[21:45:42.920] 💓 up=280s | cb=3499 audio=279.9s partials=64 | rec=10 | pipe=✅
[21:45:47.646]   🎯 [partial] RECOGNIZED:0.85:davanti
[21:45:52.200] Pipe ricevuto: PING
[21:45:52.920] 💓 up=290s | cb=3624 audio=289.9s partials=65 | rec=11 | pipe=✅
[21:45:57.646]   🎯 [partial] RECOGNIZED:0.85:carburante
[21:46:02.193] Pipe ricevuto: PING
[21:46:02.366]   ... "quanto manca"
[21:46:02.606]   🎯 [partial] RECOGNIZED:0.85:meteo
[21:46:02.921] 💓 up=300s | cb=3749 audio=299.9s partials=73 | rec=13 | pipe=✅
[21:46:12.195] Pipe ricevuto: PING
[21:46:12.921] 💓 up=310s | cb=3874 audio=309.9s partials=73 | rec=13 | pipe=✅
[21:46:14.766]   ... "messo carburante"
[21:46:14.766]   🎯 [partial] RECOGNIZED:0.85:carburante
[21:46:15.886]   🎯 [partial] RECOGNIZED:0.85:report
[21:46:17.006]   🎯 [partial] RECOGNIZED:0.85:quello dietro
[21:46:21.006]   🎯 [partial] RECOGNIZED:0.85:batteria
[21:46:22.193] Pipe ricevuto: PING
[21:46:22.922] 💓 up=320s | cb=3999 audio=319.9s partials=83 | rec=17 | pipe=✅
[21:46:30.527]   ... "come sono"
[21:46:31.007]   📝 Finale: "come sono"
[21:46:32.214] Pipe ricevuto: PING
[21:46:32.922] 💓 up=330s | cb=4124 audio=329.9s partials=95 | rec=17 | pipe=✅
[21:46:32.926]   🎯 [partial] RECOGNIZED:0.85:carrozzeria
[21:46:33.805]   ... "ers"
[21:46:33.806]   🎯 [partial] RECOGNIZED:0.85:ers
[21:46:36.366]   ⏳ Pending: "mappa" (attendo variante lunga, 800ms)
[21:46:37.085]   ... "quanto manca al"
[21:46:37.222]   ⏰ Pending timeout: "mappa" (859ms)
[21:46:37.222]   🎯 [partial+timeout] RECOGNIZED:0.85:mappa
[21:46:42.210] Pipe ricevuto: PING
[21:46:42.923] 💓 up=340s | cb=4250 audio=340.0s partials=114 | rec=20 | pipe=✅
[21:46:43.086]   🎯 [partial] RECOGNIZED:0.85:quanta benzina
[21:46:48.047]   🎯 [partial] RECOGNIZED:0.85:dove sono
[21:46:51.086]   🎯 [partial] RECOGNIZED:0.85:ers
[21:46:52.211] Pipe ricevuto: PING
[21:46:52.923] 💓 up=350s | cb=4375 audio=350.0s partials=117 | rec=23 | pipe=✅
[21:46:54.371]   🎯 [partial] RECOGNIZED:0.85:ers
[21:46:55.007]   🎯 [partial] RECOGNIZED:0.85:dietro
[21:47:02.194] Pipe ricevuto: PING
[21:47:02.923] 💓 up=360s | cb=4500 audio=360.0s partials=119 | rec=25 | pipe=✅
[21:47:12.194] Pipe ricevuto: PING
[21:47:12.924] 💓 up=370s | cb=4625 audio=370.0s partials=119 | rec=25 | pipe=✅
[21:47:19.646]   ... "gap"
[21:47:19.646]   ⏳ Pending: "gap" (attendo variante lunga, 800ms)
[21:47:19.886]   ↑ Upgrade: "gap" → "deploy"
[21:47:19.886]   🎯 [partial+upgrade] RECOGNIZED:0.85:deploy
[21:47:22.193] Pipe ricevuto: PING
[21:47:22.924] 💓 up=380s | cb=4750 audio=380.0s partials=123 | rec=26 | pipe=✅
[21:47:27.965]   🎯 [partial] RECOGNIZED:0.85:report
[21:47:31.162]   ... "al"
[21:47:31.246]   🎯 [partial] RECOGNIZED:0.85:autonomia
[21:47:32.206] Pipe ricevuto: PING
[21:47:32.925] 💓 up=390s | cb=4875 audio=390.0s partials=139 | rec=28 | pipe=✅
[21:47:33.002]   ... "sono"
[21:47:33.086]   📝 Finale: "sono"
[21:47:33.565]   🎯 [partial] RECOGNIZED:0.85:classifica
[21:47:42.197] Pipe ricevuto: PING
[21:47:42.522]   ... "sono le"
[21:47:42.606]   🎯 [partial] RECOGNIZED:0.85:gomme
[21:47:42.925] 💓 up=400s | cb=5000 audio=400.0s partials=151 | rec=30 | pipe=✅
[21:47:52.211] Pipe ricevuto: PING
[21:47:52.926] 💓 up=410s | cb=5125 audio=410.0s partials=156 | rec=30 | pipe=✅
[21:47:53.326]   📝 Finale: "olio"
[21:47:53.326]   🎯 [final] RECOGNIZED:0.85:olio
[21:47:57.002]   ... "messo"
[21:47:57.326]   📝 Finale: "messo"
[21:47:58.046]   🎯 [partial] RECOGNIZED:0.85:acqua
[21:47:59.886]   🎯 [partial] RECOGNIZED:0.85:olio
[21:48:01.006]   ⏳ Pending: "distacco" (attendo variante lunga, 800ms)
[21:48:01.082]   ... "distacco"
[21:48:01.862]   ⏰ Pending timeout: "distacco" (860ms)
[21:48:01.862]   🎯 [partial+timeout] RECOGNIZED:0.85:distacco
[21:48:02.213] Pipe ricevuto: PING
[21:48:02.445]   ... "fare"
[21:48:02.686]   ⏳ Pending: "media" (attendo variante lunga, 800ms)
[21:48:02.926] 💓 up=420s | cb=5250 audio=420.0s partials=185 | rec=34 | pipe=✅
[21:48:03.482]   ... "sono messo"
[21:48:03.532]   ⏰ Pending timeout: "media" (859ms)
[21:48:03.532]   🎯 [partial+timeout] RECOGNIZED:0.85:media
[21:48:12.215] Pipe ricevuto: PING
[21:48:12.927] 💓 up=430s | cb=5375 audio=430.0s partials=190 | rec=35 | pipe=✅
[21:48:18.766]   📝 Finale: "leader"
[21:48:20.925]   🎯 [partial] RECOGNIZED:0.85:autonomia
[21:48:22.208] Pipe ricevuto: PING
[21:48:22.922]   ... "fare"
[21:48:22.927] 💓 up=440s | cb=5500 audio=440.0s partials=200 | rec=36 | pipe=✅
[21:48:23.728]   📝 Finale: "fare"
[21:48:30.446]   ... "sono"
[21:48:31.166]   ⏳ Pending: "situazione" (attendo variante lunga, 800ms)
[21:48:31.242]   ... "sono sono situazione"
[21:48:31.886]   📝 Finale: "sono sono stop"
[21:48:32.019]   ⏰ Pending timeout: "situazione" (860ms)
[21:48:32.019]   🎯 [partial+timeout] RECOGNIZED:0.85:situazione
[21:48:32.200] Pipe ricevuto: PING
[21:48:32.928] 💓 up=450s | cb=5625 audio=450.0s partials=227 | rec=37 | pipe=✅
[21:48:37.322]   ... "sono le"
[21:48:37.406]   🎯 [partial] RECOGNIZED:0.85:gomme
[21:48:39.402]   ... "quello"
[21:48:39.726]   🎯 [partial] RECOGNIZED:0.85:posizione
[21:48:42.214] Pipe ricevuto: PING
[21:48:42.928] 💓 up=460s | cb=5750 audio=460.0s partials=244 | rec=39 | pipe=✅
[21:48:45.886]   ⏳ Pending: "distacco" (attendo variante lunga, 800ms)
[21:48:46.522]   ... "temperature"
[21:48:46.736]   ⏰ Pending timeout: "distacco" (860ms)
[21:48:46.736]   🎯 [partial+timeout] RECOGNIZED:0.85:distacco
[21:48:49.725]   🎯 [partial] RECOGNIZED:0.85:dove sono
[21:48:52.196] Pipe ricevuto: PING
[21:48:52.929] 💓 up=470s | cb=5875 audio=470.0s partials=251 | rec=41 | pipe=✅
[21:48:53.246]   🎯 [partial] RECOGNIZED:0.85:carburante
[21:49:02.189] Pipe ricevuto: PING
[21:49:02.929] 💓 up=480s | cb=6000 audio=480.0s partials=252 | rec=42 | pipe=✅
[21:49:10.686]   ⏳ Pending: "distacco" (attendo variante lunga, 800ms)
[21:49:11.242]   ... "dal distacco"
[21:49:11.406]   📝 Finale: "dal distacco"
[21:49:11.406]   🎯 [final] RECOGNIZED:0.85:distacco
[21:49:12.200] Pipe ricevuto: PING
[21:49:12.930] 💓 up=490s | cb=6125 audio=490.0s partials=261 | rec=43 | pipe=✅
[21:49:17.566]   🎯 [partial] RECOGNIZED:0.85:ers
[21:49:19.885]   ⏳ Pending: "mappa" (attendo variante lunga, 800ms)
[21:49:19.962]   ... "confronto mappa"
[21:49:20.606]   📝 Finale: "confronto mappa"
[21:49:20.606]   🎯 [final] RECOGNIZED:0.85:mappa
[21:49:22.197] Pipe ricevuto: PING
[21:49:22.930] 💓 up=500s | cb=6250 audio=500.0s partials=277 | rec=45 | pipe=✅
[21:49:32.199] Pipe ricevuto: PING
[21:49:32.931] 💓 up=510s | cb=6375 audio=510.0s partials=277 | rec=45 | pipe=✅
[21:49:36.762]   ... "sono"
[21:49:37.085]   📝 Finale: "dietro"
[21:49:37.085]   🎯 [final] RECOGNIZED:0.85:dietro
[21:49:42.209] Pipe ricevuto: PING
[21:49:42.931] 💓 up=520s | cb=6500 audio=520.0s partials=283 | rec=46 | pipe=✅
[21:49:52.216] Pipe ricevuto: PING
[21:49:52.932] 💓 up=530s | cb=6625 audio=530.0s partials=283 | rec=46 | pipe=✅
[21:49:55.486]   ... "quello"
[21:49:55.726]   🎯 [partial] RECOGNIZED:0.85:piove
[21:50:02.197] Pipe ricevuto: PING
[21:50:02.932] 💓 up=540s | cb=6750 audio=540.0s partials=293 | rec=47 | pipe=✅
[21:50:12.198] Pipe ricevuto: PING
[21:50:12.933] 💓 up=550s | cb=6875 audio=550.0s partials=293 | rec=47 | pipe=✅
[21:50:22.214] Pipe ricevuto: PING
[21:50:22.933] 💓 up=560s | cb=7000 audio=560.0s partials=293 | rec=47 | pipe=✅
[21:50:30.926]   🎯 [partial] RECOGNIZED:0.85:olio
[21:50:32.196] Pipe ricevuto: PING
[21:50:32.934] 💓 up=570s | cb=7125 audio=570.0s partials=294 | rec=48 | pipe=✅
[21:50:41.167]   📝 Finale: "damage"
[21:50:41.167]   🎯 [final] RECOGNIZED:0.85:damage
[21:50:42.198] Pipe ricevuto: PING
[21:50:42.935] 💓 up=580s | cb=7250 audio=580.0s partials=294 | rec=49 | pipe=✅
[21:50:45.082]   ... "fare pit"
[21:50:45.886]   ... "fare giri"
[21:50:46.126]   📝 Finale: "fare giri"
[21:50:46.364]   🎯 [partial] RECOGNIZED:0.85:freni
[21:50:52.199] Pipe ricevuto: PING
[21:50:52.935] 💓 up=590s | cb=7375 audio=590.0s partials=313 | rec=50 | pipe=✅
[21:50:56.366]   ... "va il"
[21:50:57.086]   🎯 [partial] RECOGNIZED:0.85:autonomia
[21:51:02.213] Pipe ricevuto: PING
[21:51:02.935] 💓 up=600s | cb=7500 audio=600.0s partials=329 | rec=51 | pipe=✅
[21:51:12.192] Pipe ricevuto: PING
[21:51:12.936] 💓 up=610s | cb=7625 audio=610.0s partials=329 | rec=51 | pipe=✅
[21:51:17.645]   ... "dammi"
[21:51:19.806]   🎯 [partial] RECOGNIZED:0.85:dammi tutto
[21:51:22.200] Pipe ricevuto: PING
[21:51:22.936] 💓 up=620s | cb=7750 audio=620.0s partials=333 | rec=52 | pipe=✅
[21:51:32.211] Pipe ricevuto: PING
[21:51:32.937] 💓 up=630s | cb=7875 audio=630.0s partials=333 | rec=52 | pipe=✅
[21:51:42.199] Pipe ricevuto: PING
[21:51:42.937] 💓 up=640s | cb=8000 audio=640.0s partials=336 | rec=52 | pipe=✅
[21:51:48.288]   ... "temperature"
[21:51:48.766]   ⏳ Pending: "gap" (attendo variante lunga, 800ms)
[21:51:49.322]   ... "dal leader"
[21:51:49.485]   ↑ Upgrade: "gap" → "autonomia"
[21:51:49.486]   🎯 [partial+upgrade] RECOGNIZED:0.85:autonomia
[21:51:52.207] Pipe ricevuto: PING
[21:51:52.938] 💓 up=650s | cb=8125 audio=650.0s partials=352 | rec=53 | pipe=✅
[21:51:54.686]   📝 Finale: "dietro"
[21:51:54.686]   🎯 [final] RECOGNIZED:0.85:dietro
[21:51:59.406]   🎯 [partial] RECOGNIZED:0.85:gomme
[21:52:02.214] Pipe ricevuto: PING
[21:52:02.938] 💓 up=660s | cb=8250 audio=660.0s partials=353 | rec=55 | pipe=✅
[21:52:06.526]   ... "messo"
[21:52:06.766]   📝 Finale: "messo"
[21:52:07.562]   ... "sono devo"
[21:52:07.726]   ⏳ Pending: "media" (attendo variante lunga, 800ms)
[21:52:07.965]   🎯 [partial] RECOGNIZED:0.85:meteo
[21:52:09.566]   🎯 [partial] RECOGNIZED:0.85:dietro
[21:52:12.206] Pipe ricevuto: PING
[21:52:12.939] 💓 up=670s | cb=8375 audio=670.0s partials=376 | rec=57 | pipe=✅
[21:52:17.646]   ⏳ Pending: "gap" (attendo variante lunga, 800ms)
[21:52:18.126]   ... "carrozzeria"
[21:52:18.126]   ↑ Upgrade: "gap" → "carrozzeria"
[21:52:18.126]   🎯 [partial+upgrade] RECOGNIZED:0.85:carrozzeria
[21:52:19.005]   🎯 [partial] RECOGNIZED:0.85:carburante
[21:52:22.197] Pipe ricevuto: PING
[21:52:22.939] 💓 up=680s | cb=8500 audio=680.0s partials=381 | rec=59 | pipe=✅
[21:52:24.206]   📝 Finale: "tutto"
[21:52:32.192] Pipe ricevuto: PING
[21:52:32.606]   🎯 [partial] RECOGNIZED:0.85:dischi
[21:52:32.940] 💓 up=690s | cb=8625 audio=690.0s partials=382 | rec=60 | pipe=✅
[21:52:34.446]   🎯 [partial] RECOGNIZED:0.85:freni
[21:52:37.726]   🎯 [partial] RECOGNIZED:0.85:passo
[21:52:42.216] Pipe ricevuto: PING
[21:52:42.941] 💓 up=700s | cb=8750 audio=700.0s partials=387 | rec=62 | pipe=✅
[21:52:43.562]   ... "sono"
[21:52:44.365]   ⏳ Pending: "modalita" (attendo variante lunga, 800ms)
[21:52:44.848]   📝 Finale: "modalita"
[21:52:44.848]   🎯 [final] RECOGNIZED:0.85:modalita
[21:52:52.190] Pipe ricevuto: PING
[21:52:52.941] 💓 up=710s | cb=8875 audio=710.0s partials=396 | rec=63 | pipe=✅
[21:53:02.198] Pipe ricevuto: PING
[21:53:02.942] 💓 up=720s | cb=9000 audio=720.0s partials=396 | rec=63 | pipe=✅
[21:53:04.926]   ... "limit"
[21:53:05.405]   📝 Finale: "limit"
[21:53:11.242]   ... "fare pit"
[21:53:11.406]   ⏳ Pending: "pressioni" (attendo variante lunga, 800ms)
[21:53:11.645]   🎯 [partial] RECOGNIZED:0.85:dischi
[21:53:12.198] Pipe ricevuto: PING
[21:53:12.942] 💓 up=730s | cb=9125 audio=730.0s partials=415 | rec=64 | pipe=✅
[21:53:14.042]   ... "dal"
[21:53:19.162]   ... "sono"
[21:53:19.486]   🎯 [partial] RECOGNIZED:0.85:taglio
[21:53:20.606]   🎯 [partial] RECOGNIZED:0.85:freni
[21:53:21.008]   🎯 [partial] RECOGNIZED:0.85:damage
[21:53:22.214] Pipe ricevuto: PING
[21:53:22.365]   ... "messo"
[21:53:22.606]   📝 Finale: "messo"
[21:53:22.943] 💓 up=740s | cb=9250 audio=740.0s partials=442 | rec=67 | pipe=✅
[21:53:24.602]   ... "messo"
[21:53:25.402]   ... "al sono messo"
[21:53:25.486]   🎯 [partial] RECOGNIZED:0.85:dietro
[21:53:27.566]   🎯 [partial] RECOGNIZED:0.85:dietro
[21:53:32.197] Pipe ricevuto: PING
[21:53:32.943] 💓 up=750s | cb=9375 audio=750.0s partials=468 | rec=69 | pipe=✅
[21:53:40.522]   ... "confronto"
[21:53:42.207] Pipe ricevuto: PING
[21:53:42.944] 💓 up=760s | cb=9500 audio=760.0s partials=471 | rec=69 | pipe=✅
[21:53:46.926]   🎯 [partial] RECOGNIZED:0.85:carburante
[21:53:52.213] Pipe ricevuto: PING
[21:53:52.944] 💓 up=770s | cb=9625 audio=770.0s partials=478 | rec=70 | pipe=✅
[21:54:02.190] Pipe ricevuto: PING
[21:54:02.944] 💓 up=780s | cb=9750 audio=780.0s partials=478 | rec=70 | pipe=✅
[21:54:06.842]   ... "sono"
[21:54:07.727]   📝 Finale: "pista"
[21:54:08.205]   ⏳ Pending: "mappa" (attendo variante lunga, 800ms)
[21:54:08.362]   ... "mappa"
[21:54:08.686]   ↑ Upgrade: "mappa" → "mappa motore"
[21:54:08.686]   🎯 [partial+upgrade] RECOGNIZED:0.85:mappa motore
[21:54:09.565]   🎯 [partial] RECOGNIZED:0.85:meteo
[21:54:12.190] Pipe ricevuto: PING
[21:54:12.945] 💓 up=790s | cb=9875 audio=790.0s partials=495 | rec=72 | pipe=✅
[21:54:22.190] Pipe ricevuto: PING
[21:54:22.946] 💓 up=800s | cb=10000 audio=800.0s partials=495 | rec=72 | pipe=✅
[21:54:28.206]   🎯 [partial] RECOGNIZED:0.85:pit stop
[21:54:32.200] Pipe ricevuto: PING
[21:54:32.946] 💓 up=810s | cb=10125 audio=810.0s partials=499 | rec=73 | pipe=✅
[21:54:37.485]   ... "acqua"
[21:54:37.486]   🎯 [partial] RECOGNIZED:0.85:acqua
[21:54:42.200] Pipe ricevuto: PING
[21:54:42.947] 💓 up=820s | cb=10250 audio=820.0s partials=500 | rec=74 | pipe=✅
[21:54:46.286]   📝 Finale: "tutto"
[21:54:47.966]   ⏳ Pending: "pressioni" (attendo variante lunga, 800ms)
[21:54:48.206]   ... "classifica"
[21:54:48.206]   ↑ Upgrade: "pressioni" → "classifica"
[21:54:48.206]   🎯 [partial+upgrade] RECOGNIZED:0.85:classifica
[21:54:52.210] Pipe ricevuto: PING
[21:54:52.947] 💓 up=830s | cb=10375 audio=830.0s partials=510 | rec=75 | pipe=✅
[21:55:02.200] Pipe ricevuto: PING
[21:55:02.948] 💓 up=840s | cb=10500 audio=840.0s partials=510 | rec=75 | pipe=✅
[21:55:05.886]   🎯 [partial] RECOGNIZED:0.85:freni
[21:55:12.212] Pipe ricevuto: PING
[21:55:12.948] 💓 up=850s | cb=10625 audio=850.0s partials=511 | rec=76 | pipe=✅
[21:55:22.200] Pipe ricevuto: PING
[21:55:22.949] 💓 up=860s | cb=10750 audio=860.0s partials=511 | rec=76 | pipe=✅
[21:55:32.198] Pipe ricevuto: PING
[21:55:32.205]   ⏳ Pending: "situazione" (attendo variante lunga, 800ms)
[21:55:32.446]   🎯 [partial] RECOGNIZED:0.85:dietro
[21:55:32.949] 💓 up=870s | cb=10875 audio=870.0s partials=515 | rec=77 | pipe=✅
[21:55:33.402]   ... "sono"
[21:55:33.566]   📝 Finale: "sono"
[21:55:35.402]   ... "stop"
[21:55:35.486]   📝 Finale: "stop"
[21:55:42.206] Pipe ricevuto: PING
[21:55:42.949] 💓 up=880s | cb=11000 audio=880.0s partials=530 | rec=77 | pipe=✅
[21:55:52.207] Pipe ricevuto: PING
[21:55:52.950] 💓 up=890s | cb=11125 audio=890.0s partials=530 | rec=77 | pipe=✅
[21:55:59.247]   📝 Finale: "stop fuel"
[21:55:59.247]   🎯 [final] RECOGNIZED:0.85:fuel
[21:56:02.198] Pipe ricevuto: PING
[21:56:02.951] 💓 up=900s | cb=11250 audio=900.0s partials=530 | rec=78 | pipe=✅
[21:56:07.325]   ... "va il"
[21:56:07.566]   📝 Finale: "passo"
[21:56:07.566]   🎯 [final] RECOGNIZED:0.85:passo
[21:56:12.198] Pipe ricevuto: PING
[21:56:12.526]   ⏳ Pending: "media" (attendo variante lunga, 800ms)
[21:56:12.951] 💓 up=910s | cb=11375 audio=910.0s partials=548 | rec=79 | pipe=✅
[21:56:13.006]   📝 Finale: "media"
[21:56:13.007]   🎯 [final] RECOGNIZED:0.85:media
[21:56:22.197] Pipe ricevuto: PING
[21:56:22.952] 💓 up=920s | cb=11500 audio=920.0s partials=548 | rec=80 | pipe=✅
[21:56:32.208] Pipe ricevuto: PING
[21:56:32.953] 💓 up=930s | cb=11625 audio=930.0s partials=548 | rec=80 | pipe=✅
[21:56:42.209] Pipe ricevuto: PING
[21:56:42.953] 💓 up=940s | cb=11750 audio=940.0s partials=548 | rec=80 | pipe=✅
[21:56:51.882]   ... "il"
[21:56:52.196] Pipe ricevuto: PING
[21:56:52.953] 💓 up=950s | cb=11875 audio=950.0s partials=554 | rec=80 | pipe=✅
[21:57:02.196] Pipe ricevuto: PING
[21:57:02.954] 💓 up=960s | cb=12000 audio=960.0s partials=554 | rec=80 | pipe=✅
[21:57:12.195] Pipe ricevuto: PING
[21:57:12.954] 💓 up=970s | cb=12125 audio=970.0s partials=554 | rec=80 | pipe=✅
[21:57:22.216] Pipe ricevuto: PING
[21:57:22.954] 💓 up=980s | cb=12250 audio=980.0s partials=554 | rec=80 | pipe=✅
[21:57:28.526]   ⏳ Pending: "media" (attendo variante lunga, 800ms)
[21:57:29.162]   ... "quello"
[21:57:29.379]   ⏰ Pending timeout: "media" (859ms)
[21:57:29.379]   🎯 [partial+timeout] RECOGNIZED:0.85:media
[21:57:32.196] Pipe ricevuto: PING
[21:57:32.955] 💓 up=990s | cb=12375 audio=990.0s partials=562 | rec=81 | pipe=✅
[21:57:42.197] Pipe ricevuto: PING
[21:57:42.955] 💓 up=1000s | cb=12500 audio=1000.0s partials=562 | rec=81 | pipe=✅
[21:57:52.206] Pipe ricevuto: PING
[21:57:52.956] 💓 up=1010s | cb=12625 audio=1010.0s partials=562 | rec=81 | pipe=✅
[21:58:02.195] Pipe ricevuto: PING
[21:58:02.957] 💓 up=1020s | cb=12750 audio=1020.0s partials=562 | rec=81 | pipe=✅
[21:58:10.525]   ⏳ Pending: "modalita" (attendo variante lunga, 800ms)
[21:58:11.082]   ... "stop stato"
[21:58:11.376]   ⏰ Pending timeout: "modalita" (859ms)
[21:58:11.376]   🎯 [partial+timeout] RECOGNIZED:0.85:modalita
[21:58:12.195] Pipe ricevuto: PING
[21:58:12.446]   📝 Finale: "pista"
[21:58:12.957] 💓 up=1030s | cb=12875 audio=1030.0s partials=579 | rec=82 | pipe=✅
[21:58:20.126]   ... "giro"
[21:58:20.606]   ⏳ Pending: "gap" (attendo variante lunga, 800ms)
[21:58:20.846]   📝 Finale: "giro"
[21:58:21.457]   ⏰ Pending timeout: "gap" (859ms)
[21:58:21.457]   🎯 [partial+timeout] RECOGNIZED:0.85:gap
[21:58:22.216] Pipe ricevuto: PING
[21:58:22.957] 💓 up=1040s | cb=13000 audio=1040.0s partials=588 | rec=83 | pipe=✅
[21:58:32.195] Pipe ricevuto: PING
[21:58:32.958] 💓 up=1050s | cb=13125 audio=1050.0s partials=588 | rec=83 | pipe=✅
[21:58:42.195] Pipe ricevuto: PING
[21:58:42.958] 💓 up=1060s | cb=13250 audio=1060.0s partials=588 | rec=83 | pipe=✅
[21:58:52.216] Pipe ricevuto: PING
[21:58:52.959] 💓 up=1070s | cb=13375 audio=1070.0s partials=588 | rec=83 | pipe=✅
[21:59:02.207] Pipe ricevuto: PING
[21:59:02.959] 💓 up=1080s | cb=13500 audio=1080.0s partials=588 | rec=83 | pipe=✅
[21:59:12.206] Pipe ricevuto: PING
[21:59:12.960] 💓 up=1090s | cb=13625 audio=1090.0s partials=588 | rec=83 | pipe=✅
[21:59:22.215] Pipe ricevuto: PING
[21:59:22.961] 💓 up=1100s | cb=13750 audio=1100.0s partials=588 | rec=83 | pipe=✅
[21:59:32.213] Pipe ricevuto: PING
[21:59:32.961] 💓 up=1110s | cb=13875 audio=1110.0s partials=588 | rec=83 | pipe=✅
[21:59:41.562]   ... "limiti"
[21:59:42.205]   📝 Finale: "limit"
[21:59:42.213] Pipe ricevuto: PING
[21:59:42.962] 💓 up=1120s | cb=14000 audio=1120.0s partials=597 | rec=83 | pipe=✅
[21:59:52.213] Pipe ricevuto: PING
[21:59:52.962] 💓 up=1130s | cb=14125 audio=1130.0s partials=597 | rec=83 | pipe=✅
[22:00:02.191] Pipe ricevuto: PING
[22:00:02.963] 💓 up=1140s | cb=14250 audio=1140.0s partials=597 | rec=83 | pipe=✅
[22:00:12.200] Pipe ricevuto: PING
[22:00:12.963] 💓 up=1150s | cb=14375 audio=1150.0s partials=597 | rec=83 | pipe=✅
[22:00:22.212] Pipe ricevuto: PING
[22:00:22.964] 💓 up=1160s | cb=14500 audio=1160.0s partials=597 | rec=83 | pipe=✅
[22:00:32.199] Pipe ricevuto: PING
[22:00:32.965] 💓 up=1170s | cb=14625 audio=1170.0s partials=597 | rec=83 | pipe=✅
[22:00:42.200] Pipe ricevuto: PING
[22:00:42.965] 💓 up=1180s | cb=14750 audio=1180.0s partials=597 | rec=83 | pipe=✅
[22:00:49.646]   🎯 [partial] RECOGNIZED:0.85:classifica
[22:00:52.209] Pipe ricevuto: PING
[22:00:52.965] 💓 up=1190s | cb=14875 audio=1190.0s partials=598 | rec=84 | pipe=✅
[22:01:02.198] Pipe ricevuto: PING
[22:01:02.842]   ... "al"
[22:01:02.966] 💓 up=1200s | cb=15000 audio=1200.0s partials=601 | rec=84 | pipe=✅
[22:01:03.006]   ⏳ Pending: "media" (attendo variante lunga, 800ms)
[22:01:03.246]   ↑ Upgrade: "media" → "aggiornamento"
[22:01:03.246]   🎯 [partial+upgrade] RECOGNIZED:0.85:aggiornamento
[22:01:12.198] Pipe ricevuto: PING
[22:01:12.966] 💓 up=1210s | cb=15125 audio=1210.0s partials=605 | rec=85 | pipe=✅
[22:01:18.286]   🎯 [partial] RECOGNIZED:0.85:ers
[22:01:20.125]   ... "grip"
[22:01:20.126]   🎯 [partial] RECOGNIZED:0.85:grip
[22:01:20.766]   🎯 [partial] RECOGNIZED:0.85:carburante
[22:01:21.646]   🎯 [partial] RECOGNIZED:0.85:grip
[22:01:22.199] Pipe ricevuto: PING
[22:01:22.966] 💓 up=1220s | cb=15250 audio=1220.0s partials=612 | rec=89 | pipe=✅
[22:01:23.966]   ⏳ Pending: "mappa" (attendo variante lunga, 800ms)
[22:01:24.206]   🎯 [partial] RECOGNIZED:0.85:piove
[22:01:30.605]   ... "vado"
[22:01:31.086]   📝 Finale: "vado"
[22:01:31.805]   🎯 [partial] RECOGNIZED:0.85:gomme
[22:01:32.197] Pipe ricevuto: PING
[22:01:32.967] 💓 up=1230s | cb=15375 audio=1230.0s partials=626 | rec=91 | pipe=✅
[22:01:36.526]   🎯 [partial] RECOGNIZED:0.85:ibrido
[22:01:37.885]   🎯 [partial] RECOGNIZED:0.85:meteo
[22:01:38.842]   ... "fare pit"
[22:01:39.245]   📝 Finale: "fare"
[22:01:42.197] Pipe ricevuto: PING
[22:01:42.967] 💓 up=1240s | cb=15500 audio=1240.0s partials=634 | rec=93 | pipe=✅
[22:01:44.442]   ... "vado"
[22:01:44.526]   📝 Finale: "olio vado"
[22:01:44.527]   🎯 [final] RECOGNIZED:0.85:olio
[22:01:49.246]   🎯 [partial] RECOGNIZED:0.85:piove
[22:01:52.197] Pipe ricevuto: PING
[22:01:52.968] 💓 up=1250s | cb=15625 audio=1250.0s partials=641 | rec=95 | pipe=✅
[22:02:02.197] Pipe ricevuto: PING
[22:02:02.968] 💓 up=1260s | cb=15750 audio=1260.0s partials=641 | rec=95 | pipe=✅
[22:02:12.197] Pipe ricevuto: PING
[22:02:12.969] 💓 up=1270s | cb=15875 audio=1270.0s partials=641 | rec=95 | pipe=✅
[22:02:22.196] Pipe ricevuto: PING
[22:02:22.969] 💓 up=1280s | cb=16000 audio=1280.0s partials=641 | rec=95 | pipe=✅
[22:02:32.195] Pipe ricevuto: PING
[22:02:32.970] 💓 up=1290s | cb=16125 audio=1290.0s partials=641 | rec=95 | pipe=✅
[22:02:39.326]   🎯 [partial] RECOGNIZED:0.85:batteria
[22:02:40.522]   ... "messo"
[22:02:41.322]   ... "messo va il"
[22:02:41.406]   📝 Finale: "messo va"
[22:02:42.206] Pipe ricevuto: PING
[22:02:42.970] 💓 up=1300s | cb=16250 audio=1300.0s partials=660 | rec=96 | pipe=✅
[22:02:52.194] Pipe ricevuto: PING
[22:02:52.971] 💓 up=1310s | cb=16375 audio=1310.0s partials=660 | rec=96 | pipe=✅
[22:03:02.215] Pipe ricevuto: PING
[22:03:02.971] 💓 up=1320s | cb=16500 audio=1320.0s partials=660 | rec=96 | pipe=✅
[22:03:12.214] Pipe ricevuto: PING
[22:03:12.972] 💓 up=1330s | cb=16625 audio=1330.0s partials=660 | rec=96 | pipe=✅
[22:03:22.194] Pipe ricevuto: PING
[22:03:22.972] 💓 up=1340s | cb=16750 audio=1340.0s partials=660 | rec=96 | pipe=✅
[22:03:32.194] Pipe ricevuto: PING
[22:03:32.972] 💓 up=1350s | cb=16875 audio=1350.0s partials=660 | rec=96 | pipe=✅
[22:03:42.215] Pipe ricevuto: PING
[22:03:42.973] 💓 up=1360s | cb=17000 audio=1360.0s partials=660 | rec=96 | pipe=✅
[22:03:52.206] Pipe ricevuto: PING
[22:03:52.973] 💓 up=1370s | cb=17125 audio=1370.0s partials=660 | rec=96 | pipe=✅
[22:04:02.197] Pipe ricevuto: PING
[22:04:02.974] 💓 up=1380s | cb=17250 audio=1380.0s partials=660 | rec=96 | pipe=✅
[22:04:12.196] Pipe ricevuto: PING
[22:04:12.975] 💓 up=1390s | cb=17375 audio=1390.0s partials=660 | rec=96 | pipe=✅
[22:04:22.197] Pipe ricevuto: PING
[22:04:22.975] 💓 up=1400s | cb=17500 audio=1400.0s partials=660 | rec=96 | pipe=✅
[22:04:32.197] Pipe ricevuto: PING
[22:04:32.976] 💓 up=1410s | cb=17625 audio=1410.0s partials=660 | rec=96 | pipe=✅
[22:04:42.207] Pipe ricevuto: PING
[22:04:42.976] 💓 up=1420s | cb=17750 audio=1420.0s partials=660 | rec=96 | pipe=✅
[22:04:52.197] Pipe ricevuto: PING
[22:04:52.976] 💓 up=1430s | cb=17875 audio=1430.0s partials=660 | rec=96 | pipe=✅
[22:05:02.199] Pipe ricevuto: PING
[22:05:02.977] 💓 up=1440s | cb=18000 audio=1440.0s partials=660 | rec=96 | pipe=✅
[22:05:11.166]   🎯 [partial] RECOGNIZED:0.85:ingegnere
[22:05:12.198] Pipe ricevuto: PING
[22:05:12.977] 💓 up=1450s | cb=18125 audio=1450.0s partials=661 | rec=97 | pipe=✅
[22:05:16.366]   📝 Finale: "motore"
[22:05:16.366]   🎯 [final] RECOGNIZED:0.85:motore
[22:05:22.198] Pipe ricevuto: PING
[22:05:22.978] 💓 up=1460s | cb=18250 audio=1460.0s partials=661 | rec=98 | pipe=✅
[22:05:27.085]   ⏳ Pending: "distacco" (attendo variante lunga, 800ms)
[22:05:27.722]   ... "pista"
[22:05:27.806]   📝 Finale: "pista"
[22:05:27.940]   ⏰ Pending timeout: "distacco" (860ms)
[22:05:27.941]   🎯 [partial+timeout] RECOGNIZED:0.85:distacco
[22:05:32.199] Pipe ricevuto: PING
[22:05:32.978] 💓 up=1470s | cb=18375 audio=1470.0s partials=670 | rec=99 | pipe=✅
[22:05:41.006]   ⏳ Pending: "distacco" (attendo variante lunga, 800ms)
[22:05:41.486]   ↑ Upgrade: "distacco" → "aggiornamento"
[22:05:41.486]   🎯 [partial+upgrade] RECOGNIZED:0.85:aggiornamento
[22:05:42.199] Pipe ricevuto: PING
[22:05:42.522]   ... "fare"
[22:05:42.845]   🎯 [partial] RECOGNIZED:0.85:pastiglie
[22:05:42.979] 💓 up=1480s | cb=18500 audio=1480.0s partials=681 | rec=101 | pipe=✅
[22:05:52.210] Pipe ricevuto: PING
[22:05:52.979] 💓 up=1490s | cb=18625 audio=1490.0s partials=681 | rec=101 | pipe=✅
[22:05:54.286]   🎯 [partial] RECOGNIZED:0.85:motore
[22:06:02.200] Pipe ricevuto: PING
[22:06:02.365]   🎯 [partial] RECOGNIZED:0.85:motore
[22:06:02.980] 💓 up=1500s | cb=18750 audio=1500.0s partials=686 | rec=103 | pipe=✅
[22:06:06.846]   🎯 [partial] RECOGNIZED:0.85:gomme
[22:06:07.882]   ... "primo"
[22:06:08.446]   📝 Finale: "primo"
[22:06:09.406]   ... "è il"
[22:06:09.886]   📝 Finale: "è"
[22:06:11.402]   ... "usura"
[22:06:12.190] Pipe ricevuto: PING
[22:06:12.765]   🎯 [partial] RECOGNIZED:0.85:carburante
[22:06:12.980] 💓 up=1510s | cb=18875 audio=1510.0s partials=712 | rec=105 | pipe=✅
[22:06:14.847]   ⏳ Pending: "situazione" (attendo variante lunga, 800ms)
[22:06:15.402]   ... "manca al situazione"
[22:06:15.705]   ⏰ Pending timeout: "situazione" (859ms)
[22:06:15.705]   🎯 [partial+timeout] RECOGNIZED:0.85:situazione
[22:06:22.191] Pipe ricevuto: PING
[22:06:22.981] 💓 up=1520s | cb=19000 audio=1520.0s partials=723 | rec=106 | pipe=✅
[22:06:32.191] Pipe ricevuto: PING
[22:06:32.981] 💓 up=1530s | cb=19125 audio=1530.0s partials=723 | rec=106 | pipe=✅
[22:06:42.190] Pipe ricevuto: PING
[22:06:42.981] 💓 up=1540s | cb=19250 audio=1540.0s partials=723 | rec=106 | pipe=✅
[22:06:52.190] Pipe ricevuto: PING
[22:06:52.982] 💓 up=1550s | cb=19375 audio=1550.0s partials=723 | rec=106 | pipe=✅
[22:07:02.191] Pipe ricevuto: PING
[22:07:02.982] 💓 up=1560s | cb=19500 audio=1560.0s partials=723 | rec=106 | pipe=✅
[22:07:12.191] Pipe ricevuto: PING
[22:07:12.983] 💓 up=1570s | cb=19625 audio=1570.0s partials=723 | rec=106 | pipe=✅
[22:07:22.192] Pipe ricevuto: PING
[22:07:22.984] 💓 up=1580s | cb=19750 audio=1580.0s partials=723 | rec=106 | pipe=✅
[22:07:26.846]   ... "va il"
[22:07:27.326]   📝 Finale: "va"
[22:07:32.192] Pipe ricevuto: PING
[22:07:32.984] 💓 up=1590s | cb=19875 audio=1590.0s partials=735 | rec=106 | pipe=✅
[22:07:36.282]   ... "chi"
[22:07:36.445]   🎯 [partial] RECOGNIZED:0.85:posizione
[22:07:42.193] Pipe ricevuto: PING
[22:07:42.985] 💓 up=1600s | cb=20000 audio=1600.0s partials=742 | rec=107 | pipe=✅
[22:07:52.214] Pipe ricevuto: PING
[22:07:52.985] 💓 up=1610s | cb=20125 audio=1610.0s partials=742 | rec=107 | pipe=✅
[22:08:02.192] Pipe ricevuto: PING
[22:08:02.602]   ... "sono"
[22:08:02.766]   📝 Finale: "sono"
[22:08:02.986] 💓 up=1620s | cb=20250 audio=1620.0s partials=751 | rec=107 | pipe=✅
[22:08:03.246]   ⏳ Pending: "situazione" (attendo variante lunga, 800ms)
[22:08:03.642]   ... "sono"
[22:08:03.726]   📝 Finale: "sono"
[22:08:04.095]   ⏰ Pending timeout: "situazione" (859ms)
[22:08:04.096]   🎯 [partial+timeout] RECOGNIZED:0.85:situazione
[22:08:12.193] Pipe ricevuto: PING
[22:08:12.986] 💓 up=1630s | cb=20375 audio=1630.0s partials=760 | rec=108 | pipe=✅
[22:08:22.214] Pipe ricevuto: PING
[22:08:22.987] 💓 up=1640s | cb=20500 audio=1640.0s partials=760 | rec=108 | pipe=✅
[22:08:32.195] Pipe ricevuto: PING
[22:08:32.988] 💓 up=1650s | cb=20625 audio=1650.0s partials=760 | rec=108 | pipe=✅
[22:08:42.195] Pipe ricevuto: PING
[22:08:42.988] 💓 up=1660s | cb=20750 audio=1660.0s partials=760 | rec=108 | pipe=✅
[22:08:49.086]   🎯 [partial] RECOGNIZED:0.85:classifica
[22:08:50.206]   📝 Finale: "sto"
[22:08:52.195] Pipe ricevuto: PING
[22:08:52.989] 💓 up=1670s | cb=20875 audio=1670.0s partials=764 | rec=109 | pipe=✅
[22:08:55.007]   🎯 [partial] RECOGNIZED:0.85:passo
[22:08:55.722]   ... "chi ho track"
[22:08:55.886]   📝 Finale: "chi ho"
[22:08:58.525]   🎯 [partial] RECOGNIZED:0.85:stato gomme
[22:09:01.566]   ⏳ Pending: "gap" (attendo variante lunga, 800ms)
[22:09:01.642]   ... "gap sono"
[22:09:01.805]   ↑ Upgrade: "gap" → "davanti"
[22:09:01.806]   🎯 [partial+upgrade] RECOGNIZED:0.85:davanti
[22:09:02.196] Pipe ricevuto: PING
[22:09:02.926]   ⏳ Pending: "modalita" (attendo variante lunga, 800ms)
[22:09:02.989] 💓 up=1680s | cb=21000 audio=1680.0s partials=783 | rec=112 | pipe=✅
[22:09:03.166]   📝 Finale: "motore"
[22:09:03.166]   🎯 [final] RECOGNIZED:0.85:motore
[22:09:08.366]   🎯 [partial] RECOGNIZED:0.85:meteo
[22:09:09.486]   ... "devo fare pit"
[22:09:09.486]   🎯 [partial] RECOGNIZED:0.85:devo fare pit
[22:09:12.207] Pipe ricevuto: PING
[22:09:12.989] 💓 up=1690s | cb=21125 audio=1690.0s partials=793 | rec=115 | pipe=✅
[22:09:22.198] Pipe ricevuto: PING
[22:09:22.990] 💓 up=1700s | cb=21250 audio=1700.0s partials=793 | rec=115 | pipe=✅
[22:09:32.196] Pipe ricevuto: PING
[22:09:32.991] 💓 up=1710s | cb=21375 audio=1710.0s partials=793 | rec=115 | pipe=✅
[22:09:42.206] Pipe ricevuto: PING
[22:09:42.992] 💓 up=1720s | cb=21500 audio=1720.0s partials=793 | rec=115 | pipe=✅
[22:09:49.966]   📝 Finale: "leader"
[22:09:50.445]   ... "tutto"
[22:09:50.926]   📝 Finale: "tutto"
[22:09:52.196] Pipe ricevuto: PING
[22:09:52.992] 💓 up=1730s | cb=21625 audio=1730.0s partials=805 | rec=115 | pipe=✅
[22:09:54.286]   🎯 [partial] RECOGNIZED:0.85:batteria
[22:09:54.926]   ... "sono piove"
[22:09:54.926]   🎯 [partial] RECOGNIZED:0.85:piove
[22:09:56.766]   🎯 [partial] RECOGNIZED:0.85:posizione
[22:09:57.646]   🎯 [partial] RECOGNIZED:0.85:meteo
[22:10:02.196] Pipe ricevuto: PING
[22:10:02.442]   ... "sono stato"
[22:10:02.606]   🎯 [partial] RECOGNIZED:0.85:piove
[22:10:02.992] 💓 up=1740s | cb=21750 audio=1740.0s partials=822 | rec=120 | pipe=✅
[22:10:03.486]   🎯 [partial] RECOGNIZED:0.85:come vado
[22:10:12.208] Pipe ricevuto: PING
[22:10:12.993] 💓 up=1750s | cb=21875 audio=1750.0s partials=826 | rec=121 | pipe=✅
[22:10:15.646]   ... "al primo aggiornamento"
[22:10:15.646]   🎯 [partial] RECOGNIZED:0.85:aggiornamento
[22:10:17.726]   ⏳ Pending: "gap" (attendo variante lunga, 800ms)
[22:10:18.205]   ... "sto gap pit"
[22:10:18.581]   ⏰ Pending timeout: "gap" (859ms)
[22:10:18.581]   🎯 [partial+timeout] RECOGNIZED:0.85:gap
[22:10:22.197] Pipe ricevuto: PING
[22:10:22.993] 💓 up=1760s | cb=22000 audio=1760.0s partials=844 | rec=123 | pipe=✅
[22:10:32.196] Pipe ricevuto: PING
[22:10:32.994] 💓 up=1770s | cb=22125 audio=1770.0s partials=844 | rec=123 | pipe=✅
[22:10:42.196] Pipe ricevuto: PING
[22:10:42.994] 💓 up=1780s | cb=22250 audio=1780.0s partials=844 | rec=123 | pipe=✅
[22:10:52.197] Pipe ricevuto: PING
[22:10:52.995] 💓 up=1790s | cb=22375 audio=1790.0s partials=844 | rec=123 | pipe=✅
[22:11:02.198] Pipe ricevuto: PING
[22:11:02.995] 💓 up=1800s | cb=22500 audio=1800.0s partials=844 | rec=123 | pipe=✅
[22:11:12.206] Pipe ricevuto: PING
[22:11:12.996] 💓 up=1810s | cb=22625 audio=1810.0s partials=844 | rec=123 | pipe=✅
[22:11:13.405]   🎯 [partial] RECOGNIZED:0.85:dietro
[22:11:16.522]   ... "primo"
[22:11:16.929]   📝 Finale: "primo"
[22:11:17.166]   🎯 [partial] RECOGNIZED:0.85:report
[22:11:21.406]   🎯 [partial] RECOGNIZED:0.85:gomme
[22:11:22.207] Pipe ricevuto: PING
[22:11:22.996] 💓 up=1820s | cb=22750 audio=1820.0s partials=859 | rec=126 | pipe=✅
[22:11:28.765]   ... "davanti"
[22:11:28.766]   🎯 [partial] RECOGNIZED:0.85:davanti
[22:11:31.085]   🎯 [partial] RECOGNIZED:0.85:ers
[22:11:32.197] Pipe ricevuto: PING
[22:11:32.997] 💓 up=1830s | cb=22875 audio=1830.0s partials=865 | rec=128 | pipe=✅
[22:11:33.166]   🎯 [partial] RECOGNIZED:0.85:devo fare pit
[22:11:35.965]   🎯 [partial] RECOGNIZED:0.85:meteo
[22:11:36.605]   ... "posizione"
[22:11:36.605]   🎯 [partial] RECOGNIZED:0.85:posizione
[22:11:37.008]   🎯 [partial] RECOGNIZED:0.85:dietro
[22:11:42.196] Pipe ricevuto: PING
[22:11:42.997] 💓 up=1840s | cb=23000 audio=1840.0s partials=871 | rec=132 | pipe=✅
[22:11:52.196] Pipe ricevuto: PING
[22:11:52.998] 💓 up=1850s | cb=23125 audio=1850.0s partials=871 | rec=132 | pipe=✅
[22:11:53.966]   🎯 [partial] RECOGNIZED:0.85:davanti
[22:12:02.196] Pipe ricevuto: PING
[22:12:02.999] 💓 up=1860s | cb=23250 audio=1860.0s partials=872 | rec=133 | pipe=✅
[22:12:07.326]   🎯 [partial] RECOGNIZED:0.85:davanti
[22:12:12.196] Pipe ricevuto: PING
[22:12:12.286]   ... "condizioni"
[22:12:12.999] 💓 up=1870s | cb=23375 audio=1870.0s partials=888 | rec=134 | pipe=✅
[22:12:13.006]   📝 Finale: "quanto"
[22:12:14.445]   ⏳ Pending: "distacco" (attendo variante lunga, 800ms)
[22:12:14.522]   ... "distacco"
[22:12:15.302]   ⏰ Pending timeout: "distacco" (859ms)
[22:12:15.302]   🎯 [partial+timeout] RECOGNIZED:0.85:distacco
[22:12:21.646]   🎯 [partial] RECOGNIZED:0.85:dove sono
[22:12:22.196] Pipe ricevuto: PING
[22:12:23.000] 💓 up=1880s | cb=23500 audio=1880.0s partials=897 | rec=136 | pipe=✅
[22:12:25.406]   🎯 [partial] RECOGNIZED:0.85:dischi
[22:12:26.122]   ... "sto andando"
[22:12:26.527]   📝 Finale: "passo"
[22:12:26.527]   🎯 [final] RECOGNIZED:0.85:passo
[22:12:27.802]   ... "tutto"
[22:12:28.126]   📝 Finale: "tutto"
[22:12:32.198] Pipe ricevuto: PING
[22:12:33.000] 💓 up=1890s | cb=23625 audio=1890.0s partials=913 | rec=138 | pipe=✅
[22:12:34.846]   🎯 [partial] RECOGNIZED:0.85:ibrido
[22:12:36.602]   ... "primo"
[22:12:36.686]   📝 Finale: "primo"
[22:12:40.766]   📝 Finale: "stop"
[22:12:42.208] Pipe ricevuto: PING
[22:12:43.001] 💓 up=1900s | cb=23750 audio=1900.0s partials=920 | rec=139 | pipe=✅
[22:12:44.846]   🎯 [partial] RECOGNIZED:0.85:dove sono
[22:12:46.205]   🎯 [partial] RECOGNIZED:0.85:track limit
[22:12:48.046]   🎯 [partial] RECOGNIZED:0.85:davanti
[22:12:52.197] Pipe ricevuto: PING
[22:12:53.001] 💓 up=1910s | cb=23875 audio=1910.0s partials=929 | rec=142 | pipe=✅
[22:12:57.806]   ... "fare"
[22:12:58.046]   🎯 [partial] RECOGNIZED:0.85:pad
[22:12:59.886]   ... "sono le gomme"
[22:12:59.886]   🎯 [partial] RECOGNIZED:0.85:gomme
[22:13:01.726]   🎯 [partial] RECOGNIZED:0.85:carburante
[22:13:02.196] Pipe ricevuto: PING
[22:13:02.366]   🎯 [partial] RECOGNIZED:0.85:strategia
[22:13:03.002] 💓 up=1920s | cb=24001 audio=1920.1s partials=942 | rec=146 | pipe=✅
[22:13:12.195] Pipe ricevuto: PING
[22:13:13.003] 💓 up=1930s | cb=24126 audio=1930.1s partials=942 | rec=146 | pipe=✅
[22:13:22.216] Pipe ricevuto: PING
[22:13:23.004] 💓 up=1940s | cb=24251 audio=1940.1s partials=944 | rec=146 | pipe=✅
[22:13:25.566]   🎯 [partial] RECOGNIZED:0.85:gomme
[22:13:32.216] Pipe ricevuto: PING
[22:13:33.004] 💓 up=1950s | cb=24376 audio=1950.1s partials=946 | rec=147 | pipe=✅
[22:13:42.194] Pipe ricevuto: PING
[22:13:43.004] 💓 up=1960s | cb=24501 audio=1960.1s partials=946 | rec=147 | pipe=✅
[22:13:44.207]   ... "sono"
[22:13:44.686]   📝 Finale: "sono"
[22:13:45.646]   🎯 [partial] RECOGNIZED:0.85:strategia
[22:13:47.726]   ... "autonomia"
[22:13:47.726]   🎯 [partial] RECOGNIZED:0.85:autonomia
[22:13:52.214] Pipe ricevuto: PING
[22:13:53.005] 💓 up=1970s | cb=24626 audio=1970.1s partials=963 | rec=149 | pipe=✅
[22:14:02.212] Pipe ricevuto: PING
[22:14:03.006] 💓 up=1980s | cb=24751 audio=1980.1s partials=963 | rec=149 | pipe=✅
[22:14:12.192] Pipe ricevuto: PING
[22:14:13.006] 💓 up=1990s | cb=24876 audio=1990.1s partials=963 | rec=149 | pipe=✅
[22:14:22.192] Pipe ricevuto: PING
[22:14:23.006] 💓 up=2000s | cb=25001 audio=2000.1s partials=963 | rec=149 | pipe=✅
[22:14:32.190] Pipe ricevuto: PING
[22:14:33.007] 💓 up=2010s | cb=25126 audio=2010.1s partials=963 | rec=149 | pipe=✅
[22:14:42.201] Pipe ricevuto: PING
[22:14:43.007] 💓 up=2020s | cb=25251 audio=2020.1s partials=963 | rec=149 | pipe=✅
[22:14:52.209] Pipe ricevuto: PING
[22:14:53.008] 💓 up=2030s | cb=25376 audio=2030.1s partials=963 | rec=149 | pipe=✅
[22:15:02.210] Pipe ricevuto: PING
[22:15:03.009] 💓 up=2040s | cb=25501 audio=2040.1s partials=963 | rec=149 | pipe=✅
[22:15:12.199] Pipe ricevuto: PING
[22:15:13.009] 💓 up=2050s | cb=25626 audio=2050.1s partials=963 | rec=149 | pipe=✅
[22:15:22.200] Pipe ricevuto: PING
[22:15:23.010] 💓 up=2060s | cb=25751 audio=2060.1s partials=963 | rec=149 | pipe=✅
[22:15:32.212] Pipe ricevuto: PING
[22:15:33.010] 💓 up=2070s | cb=25876 audio=2070.1s partials=963 | rec=149 | pipe=✅
[22:15:42.200] Pipe ricevuto: PING
[22:15:43.011] 💓 up=2080s | cb=26001 audio=2080.1s partials=963 | rec=149 | pipe=✅
[22:15:52.200] Pipe ricevuto: PING
[22:15:53.011] 💓 up=2090s | cb=26126 audio=2090.1s partials=963 | rec=149 | pipe=✅
[22:16:02.199] Pipe ricevuto: PING
[22:16:03.012] 💓 up=2100s | cb=26251 audio=2100.1s partials=963 | rec=149 | pipe=✅
[22:16:03.965]   🎯 [partial] RECOGNIZED:0.85:danni
[22:16:04.367]   🎯 [partial] RECOGNIZED:0.85:carburante
[22:16:05.005]   🎯 [partial] RECOGNIZED:0.85:olio
[22:16:07.805]   ... "dietro"
[22:16:07.805]   🎯 [partial] RECOGNIZED:0.85:dietro
[22:16:12.210] Pipe ricevuto: PING
[22:16:13.013] 💓 up=2110s | cb=26376 audio=2110.1s partials=970 | rec=153 | pipe=✅
[22:16:22.209] Pipe ricevuto: PING
[22:16:23.013] 💓 up=2120s | cb=26501 audio=2120.1s partials=970 | rec=153 | pipe=✅
[22:16:32.198] Pipe ricevuto: PING
[22:16:33.013] 💓 up=2130s | cb=26626 audio=2130.1s partials=970 | rec=153 | pipe=✅
[22:16:42.200] Pipe ricevuto: PING
[22:16:43.014] 💓 up=2140s | cb=26751 audio=2140.1s partials=970 | rec=153 | pipe=✅
[22:16:52.199] Pipe ricevuto: PING
[22:16:53.014] 💓 up=2150s | cb=26876 audio=2150.1s partials=970 | rec=153 | pipe=✅
[22:17:02.199] Pipe ricevuto: PING
[22:17:03.015] 💓 up=2160s | cb=27001 audio=2160.1s partials=970 | rec=153 | pipe=✅
[22:17:09.166]   ... "vado damage"
[22:17:09.166]   🎯 [partial] RECOGNIZED:0.85:damage
[22:17:12.209] Pipe ricevuto: PING
[22:17:13.016] 💓 up=2170s | cb=27126 audio=2170.1s partials=980 | rec=154 | pipe=✅
[22:17:22.198] Pipe ricevuto: PING
[22:17:23.016] 💓 up=2180s | cb=27251 audio=2180.1s partials=980 | rec=154 | pipe=✅
[22:17:32.198] Pipe ricevuto: PING
[22:17:33.016] 💓 up=2190s | cb=27376 audio=2190.1s partials=980 | rec=154 | pipe=✅
[22:17:34.765]   🎯 [partial] RECOGNIZED:0.85:carrozzeria
[22:17:38.526]   🎯 [partial] RECOGNIZED:0.85:carburante
[22:17:41.086]   🎯 [partial] RECOGNIZED:0.85:taglio
[22:17:41.725]   🎯 [partial] RECOGNIZED:0.85:freni
[22:17:42.208] Pipe ricevuto: PING
[22:17:42.762]   ... "sto andando"
[22:17:43.016] 💓 up=2200s | cb=27501 audio=2200.1s partials=990 | rec=158 | pipe=✅
[22:17:43.807]   📝 Finale: "sto manca"
[22:17:52.197] Pipe ricevuto: PING
[22:17:53.017] 💓 up=2210s | cb=27626 audio=2210.1s partials=999 | rec=158 | pipe=✅
[22:17:54.846]   ... "pastiglie"
[22:17:54.846]   🎯 [partial] RECOGNIZED:0.85:pastiglie
[22:18:02.196] Pipe ricevuto: PING
[22:18:03.017] 💓 up=2220s | cb=27751 audio=2220.1s partials=1000 | rec=159 | pipe=✅
[22:18:06.526]   🎯 [partial] RECOGNIZED:0.85:passo
[22:18:10.202]   ... "pista"
[22:18:10.527]   📝 Finale: "pista"
[22:18:11.246]   🎯 [partial] RECOGNIZED:0.85:meteo
[22:18:12.196] Pipe ricevuto: PING
[22:18:13.018] 💓 up=2230s | cb=27876 audio=2230.1s partials=1011 | rec=161 | pipe=✅
[22:18:15.402]   ... "sono"
[22:18:15.486]   📝 Finale: "sono"
[22:18:17.886]   🎯 [partial] RECOGNIZED:0.85:grip
[22:18:22.215] Pipe ricevuto: PING
[22:18:22.365]   ⏳ Pending: "pressioni" (attendo variante lunga, 800ms)
[22:18:22.522]   ... "pressioni"
[22:18:23.018] 💓 up=2240s | cb=28001 audio=2240.1s partials=1030 | rec=162 | pipe=✅
[22:18:23.222]   ⏰ Pending timeout: "pressioni" (859ms)
[22:18:23.222]   🎯 [partial+timeout] RECOGNIZED:0.85:pressioni
[22:18:24.286]   🎯 [partial] RECOGNIZED:0.85:meteo
[22:18:26.042]   ... "meteo"
[22:18:26.282]   🎯 [partial] RECOGNIZED:0.85:meteo
[22:18:30.526]   ⏳ Pending: "pressioni" (attendo variante lunga, 800ms)
[22:18:31.379]   ⏰ Pending timeout: "pressioni" (859ms)
[22:18:31.379]   🎯 [partial+timeout] RECOGNIZED:0.85:pressioni
[22:18:32.194] Pipe ricevuto: PING
[22:18:32.685]   🎯 [partial] RECOGNIZED:0.85:carburante
[22:18:33.019] 💓 up=2250s | cb=28126 audio=2250.1s partials=1047 | rec=167 | pipe=✅
[22:18:35.882]   ... "andando"
[22:18:35.966]   🎯 [partial] RECOGNIZED:0.85:ideale
[22:18:42.194] Pipe ricevuto: PING
[22:18:43.019] 💓 up=2260s | cb=28251 audio=2260.1s partials=1051 | rec=168 | pipe=✅
[22:18:45.006]   🎯 [partial] RECOGNIZED:0.85:damage
[22:18:45.646]   ⏳ Pending: "situazione" (attendo variante lunga, 800ms)
[22:18:46.502]   ⏰ Pending timeout: "situazione" (859ms)
[22:18:46.502]   🎯 [partial+timeout] RECOGNIZED:0.85:situazione
[22:18:47.242]   ... "il giro"
[22:18:47.326]   🎯 [partial] RECOGNIZED:0.85:dietro
[22:18:51.805]   🎯 [partial] RECOGNIZED:0.85:pastiglie
[22:18:52.214] Pipe ricevuto: PING
[22:18:53.020] 💓 up=2270s | cb=28376 audio=2270.1s partials=1068 | rec=172 | pipe=✅
[22:19:02.214] Pipe ricevuto: PING
[22:19:03.020] 💓 up=2280s | cb=28501 audio=2280.1s partials=1068 | rec=172 | pipe=✅
[22:19:03.802]   ... "condizioni"
[22:19:05.166]   🎯 [partial] RECOGNIZED:0.85:meteo
[22:19:10.606]   🎯 [partial] RECOGNIZED:0.85:davanti
[22:19:11.246]   🎯 [partial] RECOGNIZED:0.85:aggiornamento
[22:19:11.886]   ⏳ Pending: "situazione" (attendo variante lunga, 800ms)
[22:19:12.192] Pipe ricevuto: PING
[22:19:12.522]   ... "stato"
[22:19:12.605]   ↑ Upgrade: "situazione" → "stato gomme"
[22:19:12.605]   🎯 [partial+upgrade] RECOGNIZED:0.85:stato gomme
[22:19:13.021] 💓 up=2290s | cb=28626 audio=2290.1s partials=1081 | rec=176 | pipe=✅
[22:19:14.925]   🎯 [partial] RECOGNIZED:0.85:passo
[22:19:19.167]   🎯 [partial] RECOGNIZED:0.85:passo
[22:19:19.805]   🎯 [partial] RECOGNIZED:0.85:olio
[22:19:22.192] Pipe ricevuto: PING
[22:19:23.021] 💓 up=2300s | cb=28751 audio=2300.1s partials=1087 | rec=179 | pipe=✅
[22:19:32.190] Pipe ricevuto: PING
[22:19:33.022] 💓 up=2310s | cb=28876 audio=2310.1s partials=1087 | rec=179 | pipe=✅
[22:19:42.190] Pipe ricevuto: PING
[22:19:43.022] 💓 up=2320s | cb=29001 audio=2320.1s partials=1087 | rec=179 | pipe=✅
[22:19:52.211] Pipe ricevuto: PING
[22:19:53.023] 💓 up=2330s | cb=29126 audio=2330.1s partials=1087 | rec=179 | pipe=✅
[22:19:55.162]   ... "fare"
[22:20:01.246]   📝 Finale: "leader"
[22:20:02.199] Pipe ricevuto: PING
[22:20:03.024] 💓 up=2340s | cb=29251 audio=2340.1s partials=1099 | rec=179 | pipe=✅
[22:20:07.246]   ... "acqua"
[22:20:07.246]   🎯 [partial] RECOGNIZED:0.85:acqua
[22:20:07.648]   🎯 [partial] RECOGNIZED:0.85:davanti
[22:20:12.200] Pipe ricevuto: PING
[22:20:13.025] 💓 up=2350s | cb=29376 audio=2350.1s partials=1101 | rec=181 | pipe=✅
[22:20:22.209] Pipe ricevuto: PING
[22:20:23.025] 💓 up=2360s | cb=29501 audio=2360.1s partials=1101 | rec=181 | pipe=✅
[22:20:32.198] Pipe ricevuto: PING
[22:20:33.025] 💓 up=2370s | cb=29626 audio=2370.1s partials=1101 | rec=181 | pipe=✅
[22:20:35.562]   ... "leader"
[22:20:35.886]   📝 Finale: "leader"
[22:20:42.209] Pipe ricevuto: PING
[22:20:43.026] 💓 up=2380s | cb=29751 audio=2380.1s partials=1113 | rec=181 | pipe=✅
[22:20:50.045]   🎯 [partial] RECOGNIZED:0.85:usura freni
[22:20:52.209] Pipe ricevuto: PING
[22:20:52.522]   ... "sono"
[22:20:53.027] 💓 up=2390s | cb=29876 audio=2390.1s partials=1126 | rec=182 | pipe=✅
[22:20:53.326]   📝 Finale: "sto"
[22:21:02.200] Pipe ricevuto: PING
[22:21:03.027] 💓 up=2400s | cb=30001 audio=2400.1s partials=1129 | rec=182 | pipe=✅
[22:21:11.085]   ... "media"
[22:21:11.085]   ⏳ Pending: "media" (attendo variante lunga, 800ms)
[22:21:11.882]   ... "media"
[22:21:11.941]   ⏰ Pending timeout: "media" (860ms)
[22:21:11.941]   🎯 [partial+timeout] RECOGNIZED:0.85:media
[22:21:12.210] Pipe ricevuto: PING
[22:21:13.028] 💓 up=2410s | cb=30126 audio=2410.1s partials=1140 | rec=183 | pipe=✅
[22:21:17.807]   📝 Finale: "sto messo"
[22:21:22.200] Pipe ricevuto: PING
[22:21:23.029] 💓 up=2420s | cb=30251 audio=2420.1s partials=1146 | rec=183 | pipe=✅
[22:21:32.208] Pipe ricevuto: PING
[22:21:33.029] 💓 up=2430s | cb=30376 audio=2430.1s partials=1146 | rec=183 | pipe=✅
[22:21:42.198] Pipe ricevuto: PING
[22:21:43.030] 💓 up=2440s | cb=30501 audio=2440.1s partials=1146 | rec=183 | pipe=✅
[22:21:51.886]   🎯 [partial] RECOGNIZED:0.85:posizione
[22:21:52.197] Pipe ricevuto: PING
[22:21:53.030] 💓 up=2450s | cb=30626 audio=2450.1s partials=1147 | rec=184 | pipe=✅
[22:22:02.196] Pipe ricevuto: PING
[22:22:03.031] 💓 up=2460s | cb=30751 audio=2460.1s partials=1147 | rec=184 | pipe=✅
[22:22:12.196] Pipe ricevuto: PING
[22:22:13.031] 💓 up=2470s | cb=30876 audio=2470.1s partials=1147 | rec=184 | pipe=✅
[22:22:22.206] Pipe ricevuto: PING
[22:22:23.032] 💓 up=2480s | cb=31001 audio=2480.1s partials=1147 | rec=184 | pipe=✅
[22:22:25.886]   🎯 [partial] RECOGNIZED:0.85:passo
[22:22:26.602]   ... "track"
[22:22:26.766]   🎯 [partial] RECOGNIZED:0.85:track limit
[22:22:27.962]   ... "va il"
[22:22:28.126]   📝 Finale: "va"
[22:22:32.197] Pipe ricevuto: PING
[22:22:33.032] 💓 up=2490s | cb=31126 audio=2490.1s partials=1161 | rec=186 | pipe=✅
[22:22:42.197] Pipe ricevuto: PING
[22:22:43.033] 💓 up=2500s | cb=31251 audio=2500.1s partials=1161 | rec=186 | pipe=✅
[22:22:52.197] Pipe ricevuto: PING
[22:22:53.033] 💓 up=2510s | cb=31376 audio=2510.1s partials=1161 | rec=186 | pipe=✅
[22:23:02.197] Pipe ricevuto: PING
[22:23:03.033] 💓 up=2520s | cb=31501 audio=2520.1s partials=1161 | rec=186 | pipe=✅
[22:23:10.846]   🎯 [partial] RECOGNIZED:0.85:chi ho dietro
[22:23:12.196] Pipe ricevuto: PING
[22:23:13.034] 💓 up=2530s | cb=31626 audio=2530.1s partials=1162 | rec=187 | pipe=✅
[22:23:22.196] Pipe ricevuto: PING
[22:23:23.034] 💓 up=2540s | cb=31751 audio=2540.1s partials=1162 | rec=187 | pipe=✅
[22:23:32.195] Pipe ricevuto: PING
[22:23:33.035] 💓 up=2550s | cb=31876 audio=2550.1s partials=1162 | rec=187 | pipe=✅
[22:23:42.195] Pipe ricevuto: PING
[22:23:43.035] 💓 up=2560s | cb=32001 audio=2560.1s partials=1162 | rec=187 | pipe=✅
[22:23:49.406]   🎯 [partial] RECOGNIZED:0.85:track limit
[22:23:50.285]   🎯 [partial] RECOGNIZED:0.85:dietro
[22:23:52.195] Pipe ricevuto: PING
[22:23:53.036] 💓 up=2570s | cb=32126 audio=2570.1s partials=1167 | rec=189 | pipe=✅
[22:23:53.722]   ... "dal"
[22:23:54.527]   📝 Finale: "dal giri"
[22:24:02.206] Pipe ricevuto: PING
[22:24:03.036] 💓 up=2580s | cb=32251 audio=2580.1s partials=1179 | rec=189 | pipe=✅
[22:24:12.216] Pipe ricevuto: PING
[22:24:13.037] 💓 up=2590s | cb=32376 audio=2590.1s partials=1179 | rec=189 | pipe=✅
[22:24:22.193] Pipe ricevuto: PING
[22:24:23.037] 💓 up=2600s | cb=32501 audio=2600.1s partials=1179 | rec=189 | pipe=✅
[22:24:32.214] Pipe ricevuto: PING
[22:24:33.038] 💓 up=2610s | cb=32626 audio=2610.1s partials=1179 | rec=189 | pipe=✅
[22:24:42.214] Pipe ricevuto: PING
[22:24:43.038] 💓 up=2620s | cb=32751 audio=2620.1s partials=1179 | rec=189 | pipe=✅
[22:24:52.194] Pipe ricevuto: PING
[22:24:53.038] 💓 up=2630s | cb=32876 audio=2630.1s partials=1179 | rec=189 | pipe=✅
[22:25:02.216] Pipe ricevuto: PING
[22:25:03.039] 💓 up=2640s | cb=33001 audio=2640.1s partials=1179 | rec=189 | pipe=✅
[22:25:12.206] Pipe ricevuto: PING
[22:25:13.039] 💓 up=2650s | cb=33126 audio=2650.1s partials=1179 | rec=189 | pipe=✅
[22:25:22.206] Pipe ricevuto: PING
[22:25:23.040] 💓 up=2660s | cb=33251 audio=2660.1s partials=1179 | rec=189 | pipe=✅
[22:25:32.206] Pipe ricevuto: PING
[22:25:33.040] 💓 up=2670s | cb=33376 audio=2670.1s partials=1179 | rec=189 | pipe=✅
[22:25:42.206] Pipe ricevuto: PING
[22:25:43.040] 💓 up=2680s | cb=33501 audio=2680.1s partials=1179 | rec=189 | pipe=✅
[22:25:52.206] Pipe ricevuto: PING
[22:25:53.041] 💓 up=2690s | cb=33626 audio=2690.1s partials=1179 | rec=189 | pipe=✅
[22:26:02.197] Pipe ricevuto: PING
[22:26:03.041] 💓 up=2700s | cb=33751 audio=2700.1s partials=1179 | rec=189 | pipe=✅
[22:26:12.206] Pipe ricevuto: PING
[22:26:13.042] 💓 up=2710s | cb=33876 audio=2710.1s partials=1179 | rec=189 | pipe=✅
[22:26:22.197] Pipe ricevuto: PING
[22:26:23.042] 💓 up=2720s | cb=34001 audio=2720.1s partials=1179 | rec=189 | pipe=✅
[22:26:32.196] Pipe ricevuto: PING
[22:26:33.042] 💓 up=2730s | cb=34126 audio=2730.1s partials=1179 | rec=189 | pipe=✅
[22:26:42.197] Pipe ricevuto: PING
[22:26:43.043] 💓 up=2740s | cb=34251 audio=2740.1s partials=1179 | rec=189 | pipe=✅
[22:26:52.209] Pipe ricevuto: PING
[22:26:53.043] 💓 up=2750s | cb=34376 audio=2750.1s partials=1179 | rec=189 | pipe=✅
[22:27:02.197] Pipe ricevuto: PING
[22:27:03.044] 💓 up=2760s | cb=34501 audio=2760.1s partials=1179 | rec=189 | pipe=✅
[22:27:12.207] Pipe ricevuto: PING
[22:27:13.044] 💓 up=2770s | cb=34626 audio=2770.1s partials=1179 | rec=189 | pipe=✅
[22:27:22.196] Pipe ricevuto: PING
[22:27:23.045] 💓 up=2780s | cb=34751 audio=2780.1s partials=1179 | rec=189 | pipe=✅
[22:27:32.206] Pipe ricevuto: PING
[22:27:33.045] 💓 up=2790s | cb=34876 audio=2790.1s partials=1179 | rec=189 | pipe=✅
[22:27:42.195] Pipe ricevuto: PING
[22:27:43.046] 💓 up=2800s | cb=35001 audio=2800.1s partials=1179 | rec=189 | pipe=✅
[22:27:52.197] Pipe ricevuto: PING
[22:27:53.047] 💓 up=2810s | cb=35126 audio=2810.1s partials=1179 | rec=189 | pipe=✅
[22:28:02.198] Pipe ricevuto: PING
[22:28:03.048] 💓 up=2820s | cb=35251 audio=2820.1s partials=1179 | rec=189 | pipe=✅
[22:28:12.209] Pipe ricevuto: PING
[22:28:13.048] 💓 up=2830s | cb=35376 audio=2830.1s partials=1179 | rec=189 | pipe=✅
[22:28:22.199] Pipe ricevuto: PING
[22:28:23.048] 💓 up=2840s | cb=35501 audio=2840.1s partials=1179 | rec=189 | pipe=✅
[22:28:26.686]   ... "strategia"
[22:28:26.686]   🎯 [partial] RECOGNIZED:0.85:strategia
[22:28:32.209] Pipe ricevuto: PING
[22:28:33.049] 💓 up=2850s | cb=35626 audio=2850.1s partials=1180 | rec=190 | pipe=✅
[22:28:42.199] Pipe ricevuto: PING
[22:28:43.050] 💓 up=2860s | cb=35751 audio=2860.1s partials=1180 | rec=190 | pipe=✅
[22:28:52.199] Pipe ricevuto: PING
[22:28:53.050] 💓 up=2870s | cb=35876 audio=2870.1s partials=1180 | rec=190 | pipe=✅
[22:29:02.200] Pipe ricevuto: PING
[22:29:03.050] 💓 up=2880s | cb=36001 audio=2880.1s partials=1180 | rec=190 | pipe=✅
[22:29:12.209] Pipe ricevuto: PING
[22:29:13.051] 💓 up=2890s | cb=36126 audio=2890.1s partials=1180 | rec=190 | pipe=✅
[22:29:22.199] Pipe ricevuto: PING
[22:29:23.051] 💓 up=2900s | cb=36251 audio=2900.1s partials=1180 | rec=190 | pipe=✅
[22:29:32.200] Pipe ricevuto: PING
[22:29:33.052] 💓 up=2910s | cb=36376 audio=2910.1s partials=1180 | rec=190 | pipe=✅
[22:29:42.209] Pipe ricevuto: PING
[22:29:43.053] 💓 up=2920s | cb=36501 audio=2920.1s partials=1180 | rec=190 | pipe=✅
[22:29:52.198] Pipe ricevuto: PING
[22:29:53.053] 💓 up=2930s | cb=36626 audio=2930.1s partials=1180 | rec=190 | pipe=✅
[22:29:56.606]   🎯 [partial] RECOGNIZED:0.85:report
[22:29:57.726]   🎯 [partial] RECOGNIZED:0.85:benzina
[22:29:58.847]   ⏳ Pending: "gap" (attendo variante lunga, 800ms)
[22:29:59.086]   ↑ Upgrade: "gap" → "batteria"
[22:29:59.087]   🎯 [partial+upgrade] RECOGNIZED:0.85:batteria
[22:30:02.198] Pipe ricevuto: PING
[22:30:03.053] 💓 up=2940s | cb=36751 audio=2940.1s partials=1186 | rec=193 | pipe=✅
[22:30:12.209] Pipe ricevuto: PING
[22:30:13.054] 💓 up=2950s | cb=36876 audio=2950.1s partials=1186 | rec=193 | pipe=✅
[22:30:22.200] Pipe ricevuto: PING
[22:30:23.054] 💓 up=2960s | cb=37001 audio=2960.1s partials=1186 | rec=193 | pipe=✅
[22:30:32.190] Pipe ricevuto: PING
[22:30:33.055] 💓 up=2970s | cb=37126 audio=2970.1s partials=1186 | rec=193 | pipe=✅
[22:30:42.190] Pipe ricevuto: PING
[22:30:43.055] 💓 up=2980s | cb=37251 audio=2980.1s partials=1186 | rec=193 | pipe=✅
[22:30:52.199] Pipe ricevuto: PING
[22:30:53.056] 💓 up=2990s | cb=37376 audio=2990.1s partials=1186 | rec=193 | pipe=✅
[22:30:58.765]   🎯 [partial] RECOGNIZED:0.85:classifica
[22:31:02.196] Pipe ricevuto: PING
[22:31:03.057] 💓 up=3000s | cb=37501 audio=3000.1s partials=1187 | rec=194 | pipe=✅
[22:31:12.194] Pipe ricevuto: PING
[22:31:13.057] 💓 up=3010s | cb=37626 audio=3010.1s partials=1187 | rec=194 | pipe=✅
[22:31:17.646]   🎯 [partial] RECOGNIZED:0.85:ingegnere
[22:31:18.048]   🎯 [partial] RECOGNIZED:0.85:davanti
[22:31:22.212] Pipe ricevuto: PING
[22:31:23.058] 💓 up=3020s | cb=37751 audio=3020.1s partials=1189 | rec=196 | pipe=✅
[22:31:26.846]   ... "ingegnere"
[22:31:26.846]   🎯 [partial] RECOGNIZED:0.85:ingegnere
[22:31:27.726]   ⏳ Pending: "situazione" (attendo variante lunga, 800ms)
[22:31:28.445]   ... "situazione"
[22:31:28.581]   ⏰ Pending timeout: "situazione" (859ms)
[22:31:28.581]   🎯 [partial+timeout] RECOGNIZED:0.85:situazione
[22:31:32.212] Pipe ricevuto: PING
[22:31:33.058] 💓 up=3030s | cb=37876 audio=3030.1s partials=1201 | rec=198 | pipe=✅
[22:31:42.212] Pipe ricevuto: PING
[22:31:43.059] 💓 up=3040s | cb=38001 audio=3040.1s partials=1201 | rec=198 | pipe=✅
[22:31:45.163]   ... "come va il"
[22:31:45.246]   📝 Finale: "come va"
[22:31:52.212] Pipe ricevuto: PING
[22:31:53.059] 💓 up=3050s | cb=38126 audio=3050.1s partials=1210 | rec=198 | pipe=✅
[22:32:01.565]   🎯 [partial] RECOGNIZED:0.85:posizione
[22:32:02.206]   🎯 [partial] RECOGNIZED:0.85:olio
[22:32:02.212] Pipe ricevuto: PING
[22:32:03.060] 💓 up=3060s | cb=38251 audio=3060.1s partials=1212 | rec=200 | pipe=✅
[22:32:09.086]   🎯 [partial] RECOGNIZED:0.85:passo
[22:32:12.191] Pipe ricevuto: PING
[22:32:13.060] 💓 up=3070s | cb=38376 audio=3070.1s partials=1219 | rec=201 | pipe=✅
[22:32:22.190] Pipe ricevuto: PING
[22:32:23.061] 💓 up=3080s | cb=38501 audio=3080.1s partials=1219 | rec=201 | pipe=✅
[22:32:31.565]   ... "sono"
[22:32:32.046]   🎯 [partial] RECOGNIZED:0.85:gomme
[22:32:32.212] Pipe ricevuto: PING
[22:32:33.061] 💓 up=3090s | cb=38626 audio=3090.1s partials=1228 | rec=202 | pipe=✅
[22:32:33.166]   ... "come"
[22:32:33.646]   📝 Finale: "come"
[22:32:34.606]   🎯 [partial] RECOGNIZED:0.85:olio
[22:32:36.686]   ⏳ Pending: "gap" (attendo variante lunga, 800ms)
[22:32:37.406]   ... "sto andando"
[22:32:37.533]   ⏰ Pending timeout: "gap" (859ms)
[22:32:37.533]   🎯 [partial+timeout] RECOGNIZED:0.85:gap
[22:32:42.191] Pipe ricevuto: PING
[22:32:43.061] 💓 up=3100s | cb=38751 audio=3100.1s partials=1241 | rec=204 | pipe=✅
[22:32:52.192] Pipe ricevuto: PING
[22:32:53.062] 💓 up=3110s | cb=38876 audio=3110.1s partials=1241 | rec=204 | pipe=✅
[22:32:57.806]   📝 Finale: "acqua"
[22:32:57.806]   🎯 [final] RECOGNIZED:0.85:acqua
[22:32:58.446]   🎯 [partial] RECOGNIZED:0.85:freni
[22:33:02.191] Pipe ricevuto: PING
[22:33:03.062] 💓 up=3120s | cb=39001 audio=3120.1s partials=1248 | rec=206 | pipe=✅
[22:33:03.647]   📝 Finale: "giri"
[22:33:12.191] Pipe ricevuto: PING
[22:33:13.063] 💓 up=3130s | cb=39126 audio=3130.1s partials=1248 | rec=206 | pipe=✅
[22:33:20.206]   🎯 [partial] RECOGNIZED:0.85:ingegnere
[22:33:20.845]   ... "benzina"
[22:33:20.845]   🎯 [partial] RECOGNIZED:0.85:benzina
[22:33:22.212] Pipe ricevuto: PING
[22:33:23.063] 💓 up=3140s | cb=39251 audio=3140.1s partials=1250 | rec=208 | pipe=✅
[22:33:32.213] Pipe ricevuto: PING
[22:33:33.064] 💓 up=3150s | cb=39376 audio=3150.1s partials=1250 | rec=208 | pipe=✅
[22:33:35.406]   🎯 [partial] RECOGNIZED:0.85:piove
[22:33:42.214] Pipe ricevuto: PING
[22:33:43.064] 💓 up=3160s | cb=39501 audio=3160.1s partials=1257 | rec=209 | pipe=✅
[22:33:52.194] Pipe ricevuto: PING
[22:33:53.065] 💓 up=3170s | cb=39626 audio=3170.1s partials=1257 | rec=209 | pipe=✅
[22:33:54.046]   🎯 [partial] RECOGNIZED:0.85:posizione
[22:33:55.645]   🎯 [partial] RECOGNIZED:0.85:ers
[22:33:56.766]   ... "meteo"
[22:33:56.766]   🎯 [partial] RECOGNIZED:0.85:meteo
[22:33:57.646]   🎯 [partial] RECOGNIZED:0.85:posizione
[22:33:59.966]   🎯 [partial] RECOGNIZED:0.85:posizione
[22:34:00.605]   🎯 [partial] RECOGNIZED:0.85:acqua
[22:34:02.214] Pipe ricevuto: PING
[22:34:03.066] 💓 up=3180s | cb=39751 audio=3180.1s partials=1266 | rec=215 | pipe=✅
[22:34:12.214] Pipe ricevuto: PING
[22:34:13.066] 💓 up=3190s | cb=39876 audio=3190.1s partials=1266 | rec=215 | pipe=✅
[22:34:22.214] Pipe ricevuto: PING
[22:34:23.067] 💓 up=3200s | cb=40001 audio=3200.1s partials=1266 | rec=215 | pipe=✅
[22:34:32.194] Pipe ricevuto: PING
[22:34:33.067] 💓 up=3210s | cb=40126 audio=3210.1s partials=1266 | rec=215 | pipe=✅
[22:34:37.966]   ⏳ Pending: "mappa" (attendo variante lunga, 800ms)
[22:34:38.207]   ... "sono leader gap"
[22:34:38.207]   ⏳ Pending: "gap" (attendo variante lunga, 800ms)
[22:34:38.447]   ↑ Upgrade: "gap" → "gomme"
[22:34:38.447]   🎯 [partial+upgrade] RECOGNIZED:0.85:gomme
[22:34:41.726]   🎯 [partial] RECOGNIZED:0.85:ingegnere
[22:34:42.195] Pipe ricevuto: PING
[22:34:42.605]   🎯 [partial] RECOGNIZED:0.85:danni
[22:34:43.067] 💓 up=3220s | cb=40251 audio=3220.1s partials=1275 | rec=218 | pipe=✅
[22:34:52.205] Pipe ricevuto: PING
[22:34:53.068] 💓 up=3230s | cb=40376 audio=3230.1s partials=1275 | rec=218 | pipe=✅
[22:35:02.194] Pipe ricevuto: PING
[22:35:03.068] 💓 up=3240s | cb=40501 audio=3240.1s partials=1275 | rec=218 | pipe=✅
[22:35:12.194] Pipe ricevuto: PING
[22:35:13.069] 💓 up=3250s | cb=40626 audio=3250.1s partials=1275 | rec=218 | pipe=✅
[22:35:22.193] Pipe ricevuto: PING
[22:35:23.069] 💓 up=3260s | cb=40751 audio=3260.1s partials=1275 | rec=218 | pipe=✅
[22:35:32.192] Pipe ricevuto: PING
[22:35:33.069] 💓 up=3270s | cb=40876 audio=3270.1s partials=1275 | rec=218 | pipe=✅
[22:35:42.192] Pipe ricevuto: PING
[22:35:43.070] 💓 up=3280s | cb=41001 audio=3280.1s partials=1275 | rec=218 | pipe=✅
[22:35:52.192] Pipe ricevuto: PING
[22:35:53.070] 💓 up=3290s | cb=41126 audio=3290.1s partials=1275 | rec=218 | pipe=✅
[22:36:02.212] Pipe ricevuto: PING
[22:36:03.071] 💓 up=3300s | cb=41251 audio=3300.1s partials=1275 | rec=218 | pipe=✅
[22:36:12.192] Pipe ricevuto: PING
[22:36:13.072] 💓 up=3310s | cb=41376 audio=3310.1s partials=1275 | rec=218 | pipe=✅
[22:36:22.192] Pipe ricevuto: PING
[22:36:23.072] 💓 up=3320s | cb=41501 audio=3320.1s partials=1275 | rec=218 | pipe=✅
[22:36:32.211] Pipe ricevuto: PING
[22:36:33.073] 💓 up=3330s | cb=41626 audio=3330.1s partials=1275 | rec=218 | pipe=✅
[22:36:42.200] Pipe ricevuto: PING
[22:36:43.073] 💓 up=3340s | cb=41751 audio=3340.1s partials=1275 | rec=218 | pipe=✅
[22:36:52.210] Pipe ricevuto: PING
[22:36:53.074] 💓 up=3350s | cb=41876 audio=3350.1s partials=1275 | rec=218 | pipe=✅
[22:37:02.199] Pipe ricevuto: PING
[22:37:03.074] 💓 up=3360s | cb=42001 audio=3360.1s partials=1275 | rec=218 | pipe=✅
[22:37:12.198] Pipe ricevuto: PING
[22:37:13.075] 💓 up=3370s | cb=42126 audio=3370.1s partials=1275 | rec=218 | pipe=✅
[22:37:22.208] Pipe ricevuto: PING
[22:37:23.076] 💓 up=3380s | cb=42251 audio=3380.1s partials=1275 | rec=218 | pipe=✅
[22:37:32.198] Pipe ricevuto: PING
[22:37:33.076] 💓 up=3390s | cb=42376 audio=3390.1s partials=1275 | rec=218 | pipe=✅
[22:37:42.198] Pipe ricevuto: PING
[22:37:43.077] 💓 up=3400s | cb=42501 audio=3400.1s partials=1275 | rec=218 | pipe=✅
[22:37:52.208] Pipe ricevuto: PING
[22:37:53.078] 💓 up=3410s | cb=42626 audio=3410.1s partials=1275 | rec=218 | pipe=✅
[22:38:02.197] Pipe ricevuto: PING
[22:38:03.078] 💓 up=3420s | cb=42751 audio=3420.1s partials=1275 | rec=218 | pipe=✅
[22:38:12.196] Pipe ricevuto: PING
[22:38:13.078] 💓 up=3430s | cb=42876 audio=3430.1s partials=1275 | rec=218 | pipe=✅
[22:38:22.195] Pipe ricevuto: PING
[22:38:23.079] 💓 up=3440s | cb=43001 audio=3440.1s partials=1275 | rec=218 | pipe=✅
[22:38:32.216] Pipe ricevuto: PING
[22:38:33.080] 💓 up=3450s | cb=43126 audio=3450.1s partials=1275 | rec=218 | pipe=✅
[22:38:42.195] Pipe ricevuto: PING
[22:38:43.080] 💓 up=3460s | cb=43251 audio=3460.1s partials=1275 | rec=218 | pipe=✅
[22:38:52.194] Pipe ricevuto: PING
[22:38:53.081] 💓 up=3470s | cb=43376 audio=3470.1s partials=1275 | rec=218 | pipe=✅
[22:39:02.194] Pipe ricevuto: PING
[22:39:03.081] 💓 up=3480s | cb=43501 audio=3480.1s partials=1275 | rec=218 | pipe=✅
[22:39:12.214] Pipe ricevuto: PING
[22:39:13.082] 💓 up=3490s | cb=43627 audio=3490.2s partials=1275 | rec=218 | pipe=✅
[22:39:22.214] Pipe ricevuto: PING
[22:39:23.083] 💓 up=3500s | cb=43752 audio=3500.2s partials=1275 | rec=218 | pipe=✅
[22:39:32.191] Pipe ricevuto: PING
[22:39:33.083] 💓 up=3510s | cb=43877 audio=3510.2s partials=1275 | rec=218 | pipe=✅
[22:39:42.200] Pipe ricevuto: PING
[22:39:43.084] 💓 up=3520s | cb=44002 audio=3520.2s partials=1275 | rec=218 | pipe=✅
[22:39:52.199] Pipe ricevuto: PING
[22:39:53.084] 💓 up=3530s | cb=44127 audio=3530.2s partials=1275 | rec=218 | pipe=✅
[22:40:02.208] Pipe ricevuto: PING
[22:40:03.085] 💓 up=3540s | cb=44252 audio=3540.2s partials=1275 | rec=218 | pipe=✅
[22:40:12.209] Pipe ricevuto: PING
[22:40:13.085] 💓 up=3550s | cb=44377 audio=3550.2s partials=1275 | rec=218 | pipe=✅
[22:40:22.199] Pipe ricevuto: PING
[22:40:23.085] 💓 up=3560s | cb=44502 audio=3560.2s partials=1275 | rec=218 | pipe=✅
[22:40:32.209] Pipe ricevuto: PING
[22:40:33.086] 💓 up=3570s | cb=44627 audio=3570.2s partials=1275 | rec=218 | pipe=✅
[22:40:42.198] Pipe ricevuto: PING
[22:40:43.086] 💓 up=3580s | cb=44752 audio=3580.2s partials=1275 | rec=218 | pipe=✅
[22:40:52.196] Pipe ricevuto: PING
[22:40:53.087] 💓 up=3590s | cb=44877 audio=3590.2s partials=1275 | rec=218 | pipe=✅
[22:41:02.206] Pipe ricevuto: PING
[22:41:03.087] 💓 up=3600s | cb=45002 audio=3600.2s partials=1275 | rec=218 | pipe=✅
[22:41:12.216] Pipe ricevuto: PING
[22:41:13.088] 💓 up=3610s | cb=45127 audio=3610.2s partials=1275 | rec=218 | pipe=✅
[22:41:22.194] Pipe ricevuto: PING
[22:41:23.089] 💓 up=3620s | cb=45252 audio=3620.2s partials=1275 | rec=218 | pipe=✅
[22:41:32.214] Pipe ricevuto: PING
[22:41:33.089] 💓 up=3630s | cb=45377 audio=3630.2s partials=1275 | rec=218 | pipe=✅
[22:41:42.192] Pipe ricevuto: PING
[22:41:43.089] 💓 up=3640s | cb=45502 audio=3640.2s partials=1275 | rec=218 | pipe=✅
[22:41:52.190] Pipe ricevuto: PING
[22:41:53.090] 💓 up=3650s | cb=45627 audio=3650.2s partials=1275 | rec=218 | pipe=✅
[22:42:02.211] Pipe ricevuto: PING
[22:42:03.090] 💓 up=3660s | cb=45752 audio=3660.2s partials=1275 | rec=218 | pipe=✅
[22:42:12.211] Pipe ricevuto: PING
[22:42:13.090] 💓 up=3670s | cb=45877 audio=3670.2s partials=1275 | rec=218 | pipe=✅
[22:42:22.199] Pipe ricevuto: PING
[22:42:23.091] 💓 up=3680s | cb=46002 audio=3680.2s partials=1275 | rec=218 | pipe=✅
[22:42:32.209] Pipe ricevuto: PING
[22:42:33.091] 💓 up=3690s | cb=46127 audio=3690.2s partials=1275 | rec=218 | pipe=✅
[22:42:42.198] Pipe ricevuto: PING
[22:42:43.092] 💓 up=3700s | cb=46252 audio=3700.2s partials=1275 | rec=218 | pipe=✅
[22:42:45.165]   ⏳ Pending: "pressioni" (attendo variante lunga, 800ms)
[22:42:45.406]   ↑ Upgrade: "pressioni" → "carburante"
[22:42:45.406]   🎯 [partial+upgrade] RECOGNIZED:0.85:carburante
[22:42:51.085]   ... "messo"
[22:42:51.326]   🎯 [partial] RECOGNIZED:0.85:ideale
[22:42:52.197] Pipe ricevuto: PING
[22:42:53.092] 💓 up=3710s | cb=46377 audio=3710.2s partials=1283 | rec=220 | pipe=✅
[22:43:02.195] Pipe ricevuto: PING
[22:43:03.093] 💓 up=3720s | cb=46502 audio=3720.2s partials=1283 | rec=220 | pipe=✅
[22:43:03.966]   📝 Finale: "messo"
[22:43:04.685]   ... "sono"
[22:43:05.405]   🎯 [partial] RECOGNIZED:0.85:damage
[22:43:07.486]   ... "media giri"
[22:43:07.486]   🎯 [partial] RECOGNIZED:0.85:media giri
[22:43:12.191] Pipe ricevuto: PING
[22:43:13.093] 💓 up=3730s | cb=46627 audio=3730.2s partials=1300 | rec=222 | pipe=✅
[22:43:22.190] Pipe ricevuto: PING
[22:43:23.094] 💓 up=3740s | cb=46752 audio=3740.2s partials=1300 | rec=222 | pipe=✅
[22:43:32.200] Pipe ricevuto: PING
[22:43:33.094] 💓 up=3750s | cb=46877 audio=3750.2s partials=1300 | rec=222 | pipe=✅
[22:43:42.212] Pipe ricevuto: PING
[22:43:43.095] 💓 up=3760s | cb=47002 audio=3760.2s partials=1300 | rec=222 | pipe=✅
[22:43:52.212] Pipe ricevuto: PING
[22:43:53.096] 💓 up=3770s | cb=47127 audio=3770.2s partials=1300 | rec=222 | pipe=✅
[22:44:02.199] Pipe ricevuto: PING
[22:44:03.096] 💓 up=3780s | cb=47252 audio=3780.2s partials=1300 | rec=222 | pipe=✅
[22:44:12.198] Pipe ricevuto: PING
[22:44:13.097] 💓 up=3790s | cb=47377 audio=3790.2s partials=1300 | rec=222 | pipe=✅
[22:44:22.197] Pipe ricevuto: PING
[22:44:22.526]   🎯 [partial] RECOGNIZED:0.85:batteria
[22:44:23.097] 💓 up=3800s | cb=47502 audio=3800.2s partials=1301 | rec=223 | pipe=✅
[22:44:29.802]   ... "sto andando confronto"
[22:44:30.605]   ... "sto andando quanto manca ers"
[22:44:30.605]   🎯 [partial] RECOGNIZED:0.85:ers
[22:44:32.197] Pipe ricevuto: PING
[22:44:33.098] 💓 up=3810s | cb=47627 audio=3810.2s partials=1320 | rec=224 | pipe=✅
[22:44:38.926]   🎯 [partial] RECOGNIZED:0.85:piove
[22:44:42.195] Pipe ricevuto: PING
[22:44:43.098] 💓 up=3820s | cb=47752 audio=3820.2s partials=1327 | rec=225 | pipe=✅
[22:44:52.205] Pipe ricevuto: PING
[22:44:53.099] 💓 up=3830s | cb=47877 audio=3830.2s partials=1327 | rec=225 | pipe=✅
[22:45:02.195] Pipe ricevuto: PING
[22:45:03.100] 💓 up=3840s | cb=48002 audio=3840.2s partials=1327 | rec=225 | pipe=✅
[22:45:12.196] Pipe ricevuto: PING
[22:45:13.100] 💓 up=3850s | cb=48127 audio=3850.2s partials=1327 | rec=225 | pipe=✅
[22:45:22.206] Pipe ricevuto: PING
[22:45:23.100] 💓 up=3860s | cb=48252 audio=3860.2s partials=1327 | rec=225 | pipe=✅
[22:45:32.206] Pipe ricevuto: PING
[22:45:33.101] 💓 up=3870s | cb=48377 audio=3870.2s partials=1327 | rec=225 | pipe=✅
[22:45:42.206] Pipe ricevuto: PING
[22:45:43.101] 💓 up=3880s | cb=48502 audio=3880.2s partials=1327 | rec=225 | pipe=✅
[22:45:52.196] Pipe ricevuto: PING
[22:45:53.102] 💓 up=3890s | cb=48627 audio=3890.2s partials=1327 | rec=225 | pipe=✅
[22:46:01.322]   ... "sono"
[22:46:01.886]   📝 Finale: "sono"
[22:46:02.196] Pipe ricevuto: PING
[22:46:03.103] 💓 up=3900s | cb=48752 audio=3900.2s partials=1336 | rec=225 | pipe=✅
[22:46:12.196] Pipe ricevuto: PING
[22:46:13.103] 💓 up=3910s | cb=48877 audio=3910.2s partials=1336 | rec=225 | pipe=✅
[22:46:21.566]   🎯 [partial] RECOGNIZED:0.85:meteo
[22:46:22.205] Pipe ricevuto: PING
[22:46:23.104] 💓 up=3920s | cb=49002 audio=3920.2s partials=1337 | rec=226 | pipe=✅
[22:46:28.926]   🎯 [partial] RECOGNIZED:0.85:dischi
[22:46:31.726]   ⏳ Pending: "mappa" (attendo variante lunga, 800ms)
[22:46:31.802]   ... "mappa"
[22:46:31.966]   ↑ Upgrade: "mappa" → "distacco"
[22:46:31.966]   🎯 [partial+upgrade] RECOGNIZED:0.85:distacco
[22:46:32.215] Pipe ricevuto: PING
[22:46:33.104] 💓 up=3930s | cb=49127 audio=3930.2s partials=1342 | rec=228 | pipe=✅
[22:46:42.195] Pipe ricevuto: PING
[22:46:43.105] 💓 up=3940s | cb=49252 audio=3940.2s partials=1342 | rec=228 | pipe=✅
[22:46:47.245]   🎯 [partial] RECOGNIZED:0.85:davanti
[22:46:48.366]   🎯 [partial] RECOGNIZED:0.85:ers
[22:46:49.006]   🎯 [partial] RECOGNIZED:0.85:posizione
[22:46:52.195] Pipe ricevuto: PING
[22:46:53.105] 💓 up=3950s | cb=49377 audio=3950.2s partials=1348 | rec=231 | pipe=✅
[22:46:55.002]   ... "quello"
[22:46:56.605]   🎯 [partial] RECOGNIZED:0.85:damage
[22:47:02.195] Pipe ricevuto: PING
[22:47:03.082]   ... "sono"
[22:47:03.106] 💓 up=3960s | cb=49502 audio=3960.2s partials=1360 | rec=232 | pipe=✅
[22:47:03.726]   📝 Finale: "sono va"
[22:47:05.322]   ... "temperature"
[22:47:05.886]   📝 Finale: "gomme"
[22:47:05.886]   🎯 [final] RECOGNIZED:0.85:gomme
[22:47:12.211] Pipe ricevuto: PING
[22:47:13.107] 💓 up=3970s | cb=49627 audio=3970.2s partials=1376 | rec=233 | pipe=✅
[22:47:15.406]   ... "andando"
[22:47:15.646]   🎯 [partial] RECOGNIZED:0.85:damage
[22:47:19.885]   ... "quanto manca"
[22:47:20.125]   📝 Finale: "quanto"
[22:47:22.207] Pipe ricevuto: PING
[22:47:22.842]   ... "stato"
[22:47:23.107] 💓 up=3980s | cb=49752 audio=3980.2s partials=1403 | rec=234 | pipe=✅
[22:47:23.245]   📝 Finale: "stato limit"
[22:47:25.798] Pipe ricevuto: STOP
